ISO-10303-21;
HEADER;
FILE_DESCRIPTION(('KiCad electronic assembly'),'2;1');
FILE_NAME('OpenTallyESP32PCB.step','2026-05-21T22:36:07',('Pcbnew'),(
    'Kicad'),'Open CASCADE STEP processor 7.9','KiCad to STEP converter'
  ,'Unknown');
FILE_SCHEMA(('AUTOMOTIVE_DESIGN { 1 0 10303 214 1 1 1 1 }'));
ENDSEC;
DATA;
#1 = APPLICATION_PROTOCOL_DEFINITION('international standard',
  'automotive_design',2000,#2);
#2 = APPLICATION_CONTEXT(
  'core data for automotive mechanical design processes');
#3 = SHAPE_DEFINITION_REPRESENTATION(#4,#10);
#4 = PRODUCT_DEFINITION_SHAPE('','',#5);
#5 = PRODUCT_DEFINITION('design','',#6,#9);
#6 = PRODUCT_DEFINITION_FORMATION('','',#7);
#7 = PRODUCT('OpenTallyESP32PCB 1','OpenTallyESP32PCB 1','',(#8));
#8 = PRODUCT_CONTEXT('',#2,'mechanical');
#9 = PRODUCT_DEFINITION_CONTEXT('part definition',#2,'design');
#10 = SHAPE_REPRESENTATION('',(#11,#15,#19,#23,#27,#31,#35,#39,#43,#47,
    #51,#55),#59);
#11 = AXIS2_PLACEMENT_3D('',#12,#13,#14);
#12 = CARTESIAN_POINT('',(0.,0.,0.));
#13 = DIRECTION('',(0.,0.,1.));
#14 = DIRECTION('',(1.,0.,-0.));
#15 = AXIS2_PLACEMENT_3D('',#16,#17,#18);
#16 = CARTESIAN_POINT('',(82.41,-52.808,1.595));
#17 = DIRECTION('',(0.,-0.,1.));
#18 = DIRECTION('',(1.110223024625E-16,1.,0.));
#19 = AXIS2_PLACEMENT_3D('',#20,#21,#22);
#20 = CARTESIAN_POINT('',(87.06,-60.808,1.595));
#21 = DIRECTION('',(0.,-0.,1.));
#22 = DIRECTION('',(1.110223024625E-16,1.,0.));
#23 = AXIS2_PLACEMENT_3D('',#24,#25,#26);
#24 = CARTESIAN_POINT('',(55.86,-52.408,1.595));
#25 = DIRECTION('',(0.,0.,1.));
#26 = DIRECTION('',(-1.,1.224646799147E-16,0.));
#27 = AXIS2_PLACEMENT_3D('',#28,#29,#30);
#28 = CARTESIAN_POINT('',(55.86,-49.408,1.595));
#29 = DIRECTION('',(0.,0.,1.));
#30 = DIRECTION('',(-1.,1.224646799147E-16,0.));
#31 = AXIS2_PLACEMENT_3D('',#32,#33,#34);
#32 = CARTESIAN_POINT('',(82.41,-61.808,1.595));
#33 = DIRECTION('',(0.,-0.,1.));
#34 = DIRECTION('',(1.110223024625E-16,1.,0.));
#35 = AXIS2_PLACEMENT_3D('',#36,#37,#38);
#36 = CARTESIAN_POINT('',(57.41,-57.158,1.595));
#37 = DIRECTION('',(0.,-0.,1.));
#38 = DIRECTION('',(1.110223024625E-16,1.,0.));
#39 = AXIS2_PLACEMENT_3D('',#40,#41,#42);
#40 = CARTESIAN_POINT('',(53.71,-57.2205,1.595));
#41 = DIRECTION('',(0.,-0.,1.));
#42 = DIRECTION('',(1.110223024625E-16,1.,0.));
#43 = AXIS2_PLACEMENT_3D('',#44,#45,#46);
#44 = CARTESIAN_POINT('',(87.06,-51.858,1.595));
#45 = DIRECTION('',(0.,-0.,1.));
#46 = DIRECTION('',(1.110223024625E-16,1.,0.));
#47 = AXIS2_PLACEMENT_3D('',#48,#49,#50);
#48 = CARTESIAN_POINT('',(66.110075,-69.805321,1.595));
#49 = DIRECTION('',(0.,0.,1.));
#50 = DIRECTION('',(-1.,1.224646799147E-16,0.));
#51 = AXIS2_PLACEMENT_3D('',#52,#53,#54);
#52 = CARTESIAN_POINT('',(78.86,-71.208,1.595));
#53 = DIRECTION('',(0.,0.,1.));
#54 = DIRECTION('',(-1.,1.224646799147E-16,0.));
#55 = AXIS2_PLACEMENT_3D('',#56,#57,#58);
#56 = CARTESIAN_POINT('',(0.,0.,0.));
#57 = DIRECTION('',(0.,0.,1.));
#58 = DIRECTION('',(1.,0.,-0.));
#59 = ( GEOMETRIC_REPRESENTATION_CONTEXT(3) 
GLOBAL_UNCERTAINTY_ASSIGNED_CONTEXT((#63)) GLOBAL_UNIT_ASSIGNED_CONTEXT(
(#60,#61,#62)) REPRESENTATION_CONTEXT('Context #1',
  '3D Context with UNIT and UNCERTAINTY') );
#60 = ( LENGTH_UNIT() NAMED_UNIT(*) SI_UNIT(.MILLI.,.METRE.) );
#61 = ( NAMED_UNIT(*) PLANE_ANGLE_UNIT() SI_UNIT($,.RADIAN.) );
#62 = ( NAMED_UNIT(*) SI_UNIT($,.STERADIAN.) SOLID_ANGLE_UNIT() );
#63 = UNCERTAINTY_MEASURE_WITH_UNIT(LENGTH_MEASURE(1.E-07),#60,
  'distance_accuracy_value','confusion accuracy');
#64 = PRODUCT_RELATED_PRODUCT_CATEGORY('part',$,(#7));
#65 = SHAPE_DEFINITION_REPRESENTATION(#66,#72);
#66 = PRODUCT_DEFINITION_SHAPE('','',#67);
#67 = PRODUCT_DEFINITION('design','',#68,#71);
#68 = PRODUCT_DEFINITION_FORMATION('','',#69);
#69 = PRODUCT('C_1206_3216Metric','C_1206_3216Metric','',(#70));
#70 = PRODUCT_CONTEXT('',#2,'mechanical');
#71 = PRODUCT_DEFINITION_CONTEXT('part definition',#2,'design');
#72 = SHAPE_REPRESENTATION('',(#11,#73),#77);
#73 = AXIS2_PLACEMENT_3D('',#74,#75,#76);
#74 = CARTESIAN_POINT('',(0.,0.,0.));
#75 = DIRECTION('',(0.,0.,1.));
#76 = DIRECTION('',(1.,0.,-0.));
#77 = ( GEOMETRIC_REPRESENTATION_CONTEXT(3) 
GLOBAL_UNCERTAINTY_ASSIGNED_CONTEXT((#81)) GLOBAL_UNIT_ASSIGNED_CONTEXT(
(#78,#79,#80)) REPRESENTATION_CONTEXT('Context #1',
  '3D Context with UNIT and UNCERTAINTY') );
#78 = ( LENGTH_UNIT() NAMED_UNIT(*) SI_UNIT(.MILLI.,.METRE.) );
#79 = ( NAMED_UNIT(*) PLANE_ANGLE_UNIT() SI_UNIT($,.RADIAN.) );
#80 = ( NAMED_UNIT(*) SI_UNIT($,.STERADIAN.) SOLID_ANGLE_UNIT() );
#81 = UNCERTAINTY_MEASURE_WITH_UNIT(LENGTH_MEASURE(1.E-07),#78,
  'distance_accuracy_value','confusion accuracy');
#82 = CONTEXT_DEPENDENT_SHAPE_REPRESENTATION(#83,#85);
#83 = ( REPRESENTATION_RELATIONSHIP('','',#72,#10) 
REPRESENTATION_RELATIONSHIP_WITH_TRANSFORMATION(#84) 
SHAPE_REPRESENTATION_RELATIONSHIP() );
#84 = ITEM_DEFINED_TRANSFORMATION('','',#11,#15);
#85 = PRODUCT_DEFINITION_SHAPE('Placement','Placement of an item',#86);
#86 = NEXT_ASSEMBLY_USAGE_OCCURRENCE('2','C1','',#5,#67,$);
#87 = PRODUCT_RELATED_PRODUCT_CATEGORY('part',$,(#69));
#88 = SHAPE_DEFINITION_REPRESENTATION(#89,#95);
#89 = PRODUCT_DEFINITION_SHAPE('','',#90);
#90 = PRODUCT_DEFINITION('design','',#91,#94);
#91 = PRODUCT_DEFINITION_FORMATION('','',#92);
#92 = PRODUCT('C_1206_3216Metric','C_1206_3216Metric','',(#93));
#93 = PRODUCT_CONTEXT('',#2,'mechanical');
#94 = PRODUCT_DEFINITION_CONTEXT('part definition',#2,'design');
#95 = ADVANCED_BREP_SHAPE_REPRESENTATION('',(#11,#96),#950);
#96 = MANIFOLD_SOLID_BREP('',#97);
#97 = CLOSED_SHELL('',(#98,#174,#205,#230,#255,#279,#303,#328,#353,#370,
    #456,#488,#512,#537,#561,#586,#610,#635,#652,#738,#769,#794,#819,
    #843,#867,#892,#917,#934));
#98 = ADVANCED_FACE('',(#99),#169,.F.);
#99 = FACE_BOUND('',#100,.F.);
#100 = EDGE_LOOP('',(#101,#111,#120,#128,#137,#145,#154,#162));
#101 = ORIENTED_EDGE('',*,*,#102,.F.);
#102 = EDGE_CURVE('',#103,#105,#107,.T.);
#103 = VERTEX_POINT('',#104);
#104 = CARTESIAN_POINT('',(-1.6,-0.8,4.E-02));
#105 = VERTEX_POINT('',#106);
#106 = CARTESIAN_POINT('',(-1.6,-0.8,1.56));
#107 = LINE('',#108,#109);
#108 = CARTESIAN_POINT('',(-1.6,-0.8,0.));
#109 = VECTOR('',#110,1.);
#110 = DIRECTION('',(0.,0.,1.));
#111 = ORIENTED_EDGE('',*,*,#112,.T.);
#112 = EDGE_CURVE('',#103,#113,#115,.T.);
#113 = VERTEX_POINT('',#114);
#114 = CARTESIAN_POINT('',(-1.6,-0.76,0.));
#115 = CIRCLE('',#116,4.E-02);
#116 = AXIS2_PLACEMENT_3D('',#117,#118,#119);
#117 = CARTESIAN_POINT('',(-1.6,-0.76,4.E-02));
#118 = DIRECTION('',(1.,0.,-0.));
#119 = DIRECTION('',(0.,0.,1.));
#120 = ORIENTED_EDGE('',*,*,#121,.T.);
#121 = EDGE_CURVE('',#113,#122,#124,.T.);
#122 = VERTEX_POINT('',#123);
#123 = CARTESIAN_POINT('',(-1.6,0.76,0.));
#124 = LINE('',#125,#126);
#125 = CARTESIAN_POINT('',(-1.6,-0.8,0.));
#126 = VECTOR('',#127,1.);
#127 = DIRECTION('',(0.,1.,0.));
#128 = ORIENTED_EDGE('',*,*,#129,.F.);
#129 = EDGE_CURVE('',#130,#122,#132,.T.);
#130 = VERTEX_POINT('',#131);
#131 = CARTESIAN_POINT('',(-1.6,0.8,4.E-02));
#132 = CIRCLE('',#133,4.E-02);
#133 = AXIS2_PLACEMENT_3D('',#134,#135,#136);
#134 = CARTESIAN_POINT('',(-1.6,0.76,4.E-02));
#135 = DIRECTION('',(-1.,0.,0.));
#136 = DIRECTION('',(0.,0.,1.));
#137 = ORIENTED_EDGE('',*,*,#138,.T.);
#138 = EDGE_CURVE('',#130,#139,#141,.T.);
#139 = VERTEX_POINT('',#140);
#140 = CARTESIAN_POINT('',(-1.6,0.8,1.56));
#141 = LINE('',#142,#143);
#142 = CARTESIAN_POINT('',(-1.6,0.8,0.));
#143 = VECTOR('',#144,1.);
#144 = DIRECTION('',(0.,0.,1.));
#145 = ORIENTED_EDGE('',*,*,#146,.T.);
#146 = EDGE_CURVE('',#139,#147,#149,.T.);
#147 = VERTEX_POINT('',#148);
#148 = CARTESIAN_POINT('',(-1.6,0.76,1.6));
#149 = CIRCLE('',#150,4.E-02);
#150 = AXIS2_PLACEMENT_3D('',#151,#152,#153);
#151 = CARTESIAN_POINT('',(-1.6,0.76,1.56));
#152 = DIRECTION('',(1.,0.,-0.));
#153 = DIRECTION('',(0.,0.,1.));
#154 = ORIENTED_EDGE('',*,*,#155,.F.);
#155 = EDGE_CURVE('',#156,#147,#158,.T.);
#156 = VERTEX_POINT('',#157);
#157 = CARTESIAN_POINT('',(-1.6,-0.76,1.6));
#158 = LINE('',#159,#160);
#159 = CARTESIAN_POINT('',(-1.6,-0.8,1.6));
#160 = VECTOR('',#161,1.);
#161 = DIRECTION('',(0.,1.,0.));
#162 = ORIENTED_EDGE('',*,*,#163,.F.);
#163 = EDGE_CURVE('',#105,#156,#164,.T.);
#164 = CIRCLE('',#165,4.E-02);
#165 = AXIS2_PLACEMENT_3D('',#166,#167,#168);
#166 = CARTESIAN_POINT('',(-1.6,-0.76,1.56));
#167 = DIRECTION('',(-1.,0.,0.));
#168 = DIRECTION('',(0.,0.,1.));
#169 = PLANE('',#170);
#170 = AXIS2_PLACEMENT_3D('',#171,#172,#173);
#171 = CARTESIAN_POINT('',(-1.6,-0.8,0.));
#172 = DIRECTION('',(1.,0.,0.));
#173 = DIRECTION('',(0.,0.,1.));
#174 = ADVANCED_FACE('',(#175),#200,.F.);
#175 = FACE_BOUND('',#176,.F.);
#176 = EDGE_LOOP('',(#177,#187,#193,#194));
#177 = ORIENTED_EDGE('',*,*,#178,.F.);
#178 = EDGE_CURVE('',#179,#181,#183,.T.);
#179 = VERTEX_POINT('',#180);
#180 = CARTESIAN_POINT('',(-1.2,-0.8,4.E-02));
#181 = VERTEX_POINT('',#182);
#182 = CARTESIAN_POINT('',(-1.2,-0.8,1.56));
#183 = LINE('',#184,#185);
#184 = CARTESIAN_POINT('',(-1.2,-0.8,0.));
#185 = VECTOR('',#186,1.);
#186 = DIRECTION('',(0.,0.,1.));
#187 = ORIENTED_EDGE('',*,*,#188,.F.);
#188 = EDGE_CURVE('',#103,#179,#189,.T.);
#189 = LINE('',#190,#191);
#190 = CARTESIAN_POINT('',(-1.6,-0.8,4.E-02));
#191 = VECTOR('',#192,1.);
#192 = DIRECTION('',(1.,0.,0.));
#193 = ORIENTED_EDGE('',*,*,#102,.T.);
#194 = ORIENTED_EDGE('',*,*,#195,.T.);
#195 = EDGE_CURVE('',#105,#181,#196,.T.);
#196 = LINE('',#197,#198);
#197 = CARTESIAN_POINT('',(-1.6,-0.8,1.56));
#198 = VECTOR('',#199,1.);
#199 = DIRECTION('',(1.,0.,0.));
#200 = PLANE('',#201);
#201 = AXIS2_PLACEMENT_3D('',#202,#203,#204);
#202 = CARTESIAN_POINT('',(-1.6,-0.8,0.));
#203 = DIRECTION('',(0.,1.,0.));
#204 = DIRECTION('',(0.,-0.,1.));
#205 = ADVANCED_FACE('',(#206),#225,.T.);
#206 = FACE_BOUND('',#207,.T.);
#207 = EDGE_LOOP('',(#208,#209,#217,#224));
#208 = ORIENTED_EDGE('',*,*,#112,.T.);
#209 = ORIENTED_EDGE('',*,*,#210,.T.);
#210 = EDGE_CURVE('',#113,#211,#213,.T.);
#211 = VERTEX_POINT('',#212);
#212 = CARTESIAN_POINT('',(-1.2,-0.76,0.));
#213 = LINE('',#214,#215);
#214 = CARTESIAN_POINT('',(-1.6,-0.76,0.));
#215 = VECTOR('',#216,1.);
#216 = DIRECTION('',(1.,0.,0.));
#217 = ORIENTED_EDGE('',*,*,#218,.F.);
#218 = EDGE_CURVE('',#179,#211,#219,.T.);
#219 = CIRCLE('',#220,4.E-02);
#220 = AXIS2_PLACEMENT_3D('',#221,#222,#223);
#221 = CARTESIAN_POINT('',(-1.2,-0.76,4.E-02));
#222 = DIRECTION('',(1.,0.,-0.));
#223 = DIRECTION('',(0.,0.,1.));
#224 = ORIENTED_EDGE('',*,*,#188,.F.);
#225 = CYLINDRICAL_SURFACE('',#226,4.E-02);
#226 = AXIS2_PLACEMENT_3D('',#227,#228,#229);
#227 = CARTESIAN_POINT('',(-1.6,-0.76,4.E-02));
#228 = DIRECTION('',(1.,0.,0.));
#229 = DIRECTION('',(0.,-1.,0.));
#230 = ADVANCED_FACE('',(#231),#250,.T.);
#231 = FACE_BOUND('',#232,.T.);
#232 = EDGE_LOOP('',(#233,#234,#243,#249));
#233 = ORIENTED_EDGE('',*,*,#195,.T.);
#234 = ORIENTED_EDGE('',*,*,#235,.T.);
#235 = EDGE_CURVE('',#181,#236,#238,.T.);
#236 = VERTEX_POINT('',#237);
#237 = CARTESIAN_POINT('',(-1.2,-0.76,1.6));
#238 = CIRCLE('',#239,4.E-02);
#239 = AXIS2_PLACEMENT_3D('',#240,#241,#242);
#240 = CARTESIAN_POINT('',(-1.2,-0.76,1.56));
#241 = DIRECTION('',(-1.,0.,0.));
#242 = DIRECTION('',(0.,0.,1.));
#243 = ORIENTED_EDGE('',*,*,#244,.F.);
#244 = EDGE_CURVE('',#156,#236,#245,.T.);
#245 = LINE('',#246,#247);
#246 = CARTESIAN_POINT('',(-1.6,-0.76,1.6));
#247 = VECTOR('',#248,1.);
#248 = DIRECTION('',(1.,0.,0.));
#249 = ORIENTED_EDGE('',*,*,#163,.F.);
#250 = CYLINDRICAL_SURFACE('',#251,4.E-02);
#251 = AXIS2_PLACEMENT_3D('',#252,#253,#254);
#252 = CARTESIAN_POINT('',(-1.6,-0.76,1.56));
#253 = DIRECTION('',(1.,0.,0.));
#254 = DIRECTION('',(0.,-1.,0.));
#255 = ADVANCED_FACE('',(#256),#274,.F.);
#256 = FACE_BOUND('',#257,.F.);
#257 = EDGE_LOOP('',(#258,#259,#260,#268));
#258 = ORIENTED_EDGE('',*,*,#121,.F.);
#259 = ORIENTED_EDGE('',*,*,#210,.T.);
#260 = ORIENTED_EDGE('',*,*,#261,.T.);
#261 = EDGE_CURVE('',#211,#262,#264,.T.);
#262 = VERTEX_POINT('',#263);
#263 = CARTESIAN_POINT('',(-1.2,0.76,0.));
#264 = LINE('',#265,#266);
#265 = CARTESIAN_POINT('',(-1.2,-0.8,0.));
#266 = VECTOR('',#267,1.);
#267 = DIRECTION('',(0.,1.,0.));
#268 = ORIENTED_EDGE('',*,*,#269,.F.);
#269 = EDGE_CURVE('',#122,#262,#270,.T.);
#270 = LINE('',#271,#272);
#271 = CARTESIAN_POINT('',(-1.6,0.76,0.));
#272 = VECTOR('',#273,1.);
#273 = DIRECTION('',(1.,0.,0.));
#274 = PLANE('',#275);
#275 = AXIS2_PLACEMENT_3D('',#276,#277,#278);
#276 = CARTESIAN_POINT('',(-1.6,-0.8,0.));
#277 = DIRECTION('',(0.,0.,1.));
#278 = DIRECTION('',(1.,0.,-0.));
#279 = ADVANCED_FACE('',(#280),#298,.T.);
#280 = FACE_BOUND('',#281,.T.);
#281 = EDGE_LOOP('',(#282,#283,#284,#292));
#282 = ORIENTED_EDGE('',*,*,#155,.F.);
#283 = ORIENTED_EDGE('',*,*,#244,.T.);
#284 = ORIENTED_EDGE('',*,*,#285,.T.);
#285 = EDGE_CURVE('',#236,#286,#288,.T.);
#286 = VERTEX_POINT('',#287);
#287 = CARTESIAN_POINT('',(-1.2,0.76,1.6));
#288 = LINE('',#289,#290);
#289 = CARTESIAN_POINT('',(-1.2,-0.8,1.6));
#290 = VECTOR('',#291,1.);
#291 = DIRECTION('',(0.,1.,0.));
#292 = ORIENTED_EDGE('',*,*,#293,.F.);
#293 = EDGE_CURVE('',#147,#286,#294,.T.);
#294 = LINE('',#295,#296);
#295 = CARTESIAN_POINT('',(-1.6,0.76,1.6));
#296 = VECTOR('',#297,1.);
#297 = DIRECTION('',(1.,0.,0.));
#298 = PLANE('',#299);
#299 = AXIS2_PLACEMENT_3D('',#300,#301,#302);
#300 = CARTESIAN_POINT('',(-1.6,-0.8,1.6));
#301 = DIRECTION('',(0.,0.,1.));
#302 = DIRECTION('',(1.,0.,-0.));
#303 = ADVANCED_FACE('',(#304),#323,.T.);
#304 = FACE_BOUND('',#305,.T.);
#305 = EDGE_LOOP('',(#306,#314,#321,#322));
#306 = ORIENTED_EDGE('',*,*,#307,.T.);
#307 = EDGE_CURVE('',#130,#308,#310,.T.);
#308 = VERTEX_POINT('',#309);
#309 = CARTESIAN_POINT('',(-1.2,0.8,4.E-02));
#310 = LINE('',#311,#312);
#311 = CARTESIAN_POINT('',(-1.6,0.8,4.E-02));
#312 = VECTOR('',#313,1.);
#313 = DIRECTION('',(1.,0.,0.));
#314 = ORIENTED_EDGE('',*,*,#315,.T.);
#315 = EDGE_CURVE('',#308,#262,#316,.T.);
#316 = CIRCLE('',#317,4.E-02);
#317 = AXIS2_PLACEMENT_3D('',#318,#319,#320);
#318 = CARTESIAN_POINT('',(-1.2,0.76,4.E-02));
#319 = DIRECTION('',(-1.,0.,0.));
#320 = DIRECTION('',(0.,0.,1.));
#321 = ORIENTED_EDGE('',*,*,#269,.F.);
#322 = ORIENTED_EDGE('',*,*,#129,.F.);
#323 = CYLINDRICAL_SURFACE('',#324,4.E-02);
#324 = AXIS2_PLACEMENT_3D('',#325,#326,#327);
#325 = CARTESIAN_POINT('',(-1.6,0.76,4.E-02));
#326 = DIRECTION('',(1.,0.,0.));
#327 = DIRECTION('',(-0.,1.,0.));
#328 = ADVANCED_FACE('',(#329),#348,.T.);
#329 = FACE_BOUND('',#330,.T.);
#330 = EDGE_LOOP('',(#331,#332,#333,#342));
#331 = ORIENTED_EDGE('',*,*,#146,.T.);
#332 = ORIENTED_EDGE('',*,*,#293,.T.);
#333 = ORIENTED_EDGE('',*,*,#334,.F.);
#334 = EDGE_CURVE('',#335,#286,#337,.T.);
#335 = VERTEX_POINT('',#336);
#336 = CARTESIAN_POINT('',(-1.2,0.8,1.56));
#337 = CIRCLE('',#338,4.E-02);
#338 = AXIS2_PLACEMENT_3D('',#339,#340,#341);
#339 = CARTESIAN_POINT('',(-1.2,0.76,1.56));
#340 = DIRECTION('',(1.,0.,-0.));
#341 = DIRECTION('',(0.,0.,1.));
#342 = ORIENTED_EDGE('',*,*,#343,.F.);
#343 = EDGE_CURVE('',#139,#335,#344,.T.);
#344 = LINE('',#345,#346);
#345 = CARTESIAN_POINT('',(-1.6,0.8,1.56));
#346 = VECTOR('',#347,1.);
#347 = DIRECTION('',(1.,0.,0.));
#348 = CYLINDRICAL_SURFACE('',#349,4.E-02);
#349 = AXIS2_PLACEMENT_3D('',#350,#351,#352);
#350 = CARTESIAN_POINT('',(-1.6,0.76,1.56));
#351 = DIRECTION('',(1.,0.,0.));
#352 = DIRECTION('',(-0.,1.,0.));
#353 = ADVANCED_FACE('',(#354),#365,.T.);
#354 = FACE_BOUND('',#355,.T.);
#355 = EDGE_LOOP('',(#356,#362,#363,#364));
#356 = ORIENTED_EDGE('',*,*,#357,.F.);
#357 = EDGE_CURVE('',#308,#335,#358,.T.);
#358 = LINE('',#359,#360);
#359 = CARTESIAN_POINT('',(-1.2,0.8,0.));
#360 = VECTOR('',#361,1.);
#361 = DIRECTION('',(0.,0.,1.));
#362 = ORIENTED_EDGE('',*,*,#307,.F.);
#363 = ORIENTED_EDGE('',*,*,#138,.T.);
#364 = ORIENTED_EDGE('',*,*,#343,.T.);
#365 = PLANE('',#366);
#366 = AXIS2_PLACEMENT_3D('',#367,#368,#369);
#367 = CARTESIAN_POINT('',(-1.6,0.8,0.));
#368 = DIRECTION('',(0.,1.,0.));
#369 = DIRECTION('',(0.,-0.,1.));
#370 = ADVANCED_FACE('',(#371,#381),#451,.T.);
#371 = FACE_BOUND('',#372,.T.);
#372 = EDGE_LOOP('',(#373,#374,#375,#376,#377,#378,#379,#380));
#373 = ORIENTED_EDGE('',*,*,#178,.F.);
#374 = ORIENTED_EDGE('',*,*,#218,.T.);
#375 = ORIENTED_EDGE('',*,*,#261,.T.);
#376 = ORIENTED_EDGE('',*,*,#315,.F.);
#377 = ORIENTED_EDGE('',*,*,#357,.T.);
#378 = ORIENTED_EDGE('',*,*,#334,.T.);
#379 = ORIENTED_EDGE('',*,*,#285,.F.);
#380 = ORIENTED_EDGE('',*,*,#235,.F.);
#381 = FACE_BOUND('',#382,.T.);
#382 = EDGE_LOOP('',(#383,#394,#402,#411,#419,#428,#436,#445));
#383 = ORIENTED_EDGE('',*,*,#384,.F.);
#384 = EDGE_CURVE('',#385,#387,#389,.T.);
#385 = VERTEX_POINT('',#386);
#386 = CARTESIAN_POINT('',(-1.2,-0.76,8.E-02));
#387 = VERTEX_POINT('',#388);
#388 = CARTESIAN_POINT('',(-1.2,-0.72,4.E-02));
#389 = CIRCLE('',#390,4.E-02);
#390 = AXIS2_PLACEMENT_3D('',#391,#392,#393);
#391 = CARTESIAN_POINT('',(-1.2,-0.72,8.E-02));
#392 = DIRECTION('',(1.,0.,-0.));
#393 = DIRECTION('',(0.,0.,1.));
#394 = ORIENTED_EDGE('',*,*,#395,.T.);
#395 = EDGE_CURVE('',#385,#396,#398,.T.);
#396 = VERTEX_POINT('',#397);
#397 = CARTESIAN_POINT('',(-1.2,-0.76,1.52));
#398 = LINE('',#399,#400);
#399 = CARTESIAN_POINT('',(-1.2,-0.76,4.E-02));
#400 = VECTOR('',#401,1.);
#401 = DIRECTION('',(0.,0.,1.));
#402 = ORIENTED_EDGE('',*,*,#403,.T.);
#403 = EDGE_CURVE('',#396,#404,#406,.T.);
#404 = VERTEX_POINT('',#405);
#405 = CARTESIAN_POINT('',(-1.2,-0.72,1.56));
#406 = CIRCLE('',#407,4.E-02);
#407 = AXIS2_PLACEMENT_3D('',#408,#409,#410);
#408 = CARTESIAN_POINT('',(-1.2,-0.72,1.52));
#409 = DIRECTION('',(-1.,0.,0.));
#410 = DIRECTION('',(0.,0.,1.));
#411 = ORIENTED_EDGE('',*,*,#412,.T.);
#412 = EDGE_CURVE('',#404,#413,#415,.T.);
#413 = VERTEX_POINT('',#414);
#414 = CARTESIAN_POINT('',(-1.2,0.72,1.56));
#415 = LINE('',#416,#417);
#416 = CARTESIAN_POINT('',(-1.2,-0.76,1.56));
#417 = VECTOR('',#418,1.);
#418 = DIRECTION('',(0.,1.,0.));
#419 = ORIENTED_EDGE('',*,*,#420,.F.);
#420 = EDGE_CURVE('',#421,#413,#423,.T.);
#421 = VERTEX_POINT('',#422);
#422 = CARTESIAN_POINT('',(-1.2,0.76,1.52));
#423 = CIRCLE('',#424,4.E-02);
#424 = AXIS2_PLACEMENT_3D('',#425,#426,#427);
#425 = CARTESIAN_POINT('',(-1.2,0.72,1.52));
#426 = DIRECTION('',(1.,0.,-0.));
#427 = DIRECTION('',(0.,0.,1.));
#428 = ORIENTED_EDGE('',*,*,#429,.F.);
#429 = EDGE_CURVE('',#430,#421,#432,.T.);
#430 = VERTEX_POINT('',#431);
#431 = CARTESIAN_POINT('',(-1.2,0.76,8.E-02));
#432 = LINE('',#433,#434);
#433 = CARTESIAN_POINT('',(-1.2,0.76,4.E-02));
#434 = VECTOR('',#435,1.);
#435 = DIRECTION('',(0.,0.,1.));
#436 = ORIENTED_EDGE('',*,*,#437,.T.);
#437 = EDGE_CURVE('',#430,#438,#440,.T.);
#438 = VERTEX_POINT('',#439);
#439 = CARTESIAN_POINT('',(-1.2,0.72,4.E-02));
#440 = CIRCLE('',#441,4.E-02);
#441 = AXIS2_PLACEMENT_3D('',#442,#443,#444);
#442 = CARTESIAN_POINT('',(-1.2,0.72,8.E-02));
#443 = DIRECTION('',(-1.,0.,0.));
#444 = DIRECTION('',(0.,0.,1.));
#445 = ORIENTED_EDGE('',*,*,#446,.F.);
#446 = EDGE_CURVE('',#387,#438,#447,.T.);
#447 = LINE('',#448,#449);
#448 = CARTESIAN_POINT('',(-1.2,-0.76,4.E-02));
#449 = VECTOR('',#450,1.);
#450 = DIRECTION('',(0.,1.,0.));
#451 = PLANE('',#452);
#452 = AXIS2_PLACEMENT_3D('',#453,#454,#455);
#453 = CARTESIAN_POINT('',(-1.2,-0.8,0.));
#454 = DIRECTION('',(1.,0.,0.));
#455 = DIRECTION('',(0.,0.,1.));
#456 = ADVANCED_FACE('',(#457),#483,.T.);
#457 = FACE_BOUND('',#458,.T.);
#458 = EDGE_LOOP('',(#459,#460,#468,#477));
#459 = ORIENTED_EDGE('',*,*,#384,.T.);
#460 = ORIENTED_EDGE('',*,*,#461,.T.);
#461 = EDGE_CURVE('',#387,#462,#464,.T.);
#462 = VERTEX_POINT('',#463);
#463 = CARTESIAN_POINT('',(1.2,-0.72,4.E-02));
#464 = LINE('',#465,#466);
#465 = CARTESIAN_POINT('',(-1.2,-0.72,4.E-02));
#466 = VECTOR('',#467,1.);
#467 = DIRECTION('',(1.,0.,0.));
#468 = ORIENTED_EDGE('',*,*,#469,.F.);
#469 = EDGE_CURVE('',#470,#462,#472,.T.);
#470 = VERTEX_POINT('',#471);
#471 = CARTESIAN_POINT('',(1.2,-0.76,8.E-02));
#472 = CIRCLE('',#473,4.E-02);
#473 = AXIS2_PLACEMENT_3D('',#474,#475,#476);
#474 = CARTESIAN_POINT('',(1.2,-0.72,8.E-02));
#475 = DIRECTION('',(1.,0.,-0.));
#476 = DIRECTION('',(0.,0.,1.));
#477 = ORIENTED_EDGE('',*,*,#478,.F.);
#478 = EDGE_CURVE('',#385,#470,#479,.T.);
#479 = LINE('',#480,#481);
#480 = CARTESIAN_POINT('',(-1.2,-0.76,8.E-02));
#481 = VECTOR('',#482,1.);
#482 = DIRECTION('',(1.,0.,0.));
#483 = CYLINDRICAL_SURFACE('',#484,4.E-02);
#484 = AXIS2_PLACEMENT_3D('',#485,#486,#487);
#485 = CARTESIAN_POINT('',(-1.2,-0.72,8.E-02));
#486 = DIRECTION('',(1.,0.,0.));
#487 = DIRECTION('',(0.,-1.,0.));
#488 = ADVANCED_FACE('',(#489),#507,.F.);
#489 = FACE_BOUND('',#490,.F.);
#490 = EDGE_LOOP('',(#491,#492,#493,#501));
#491 = ORIENTED_EDGE('',*,*,#446,.F.);
#492 = ORIENTED_EDGE('',*,*,#461,.T.);
#493 = ORIENTED_EDGE('',*,*,#494,.T.);
#494 = EDGE_CURVE('',#462,#495,#497,.T.);
#495 = VERTEX_POINT('',#496);
#496 = CARTESIAN_POINT('',(1.2,0.72,4.E-02));
#497 = LINE('',#498,#499);
#498 = CARTESIAN_POINT('',(1.2,-0.76,4.E-02));
#499 = VECTOR('',#500,1.);
#500 = DIRECTION('',(0.,1.,0.));
#501 = ORIENTED_EDGE('',*,*,#502,.F.);
#502 = EDGE_CURVE('',#438,#495,#503,.T.);
#503 = LINE('',#504,#505);
#504 = CARTESIAN_POINT('',(-1.2,0.72,4.E-02));
#505 = VECTOR('',#506,1.);
#506 = DIRECTION('',(1.,0.,0.));
#507 = PLANE('',#508);
#508 = AXIS2_PLACEMENT_3D('',#509,#510,#511);
#509 = CARTESIAN_POINT('',(-1.2,-0.76,4.E-02));
#510 = DIRECTION('',(0.,0.,1.));
#511 = DIRECTION('',(1.,0.,-0.));
#512 = ADVANCED_FACE('',(#513),#532,.T.);
#513 = FACE_BOUND('',#514,.T.);
#514 = EDGE_LOOP('',(#515,#523,#530,#531));
#515 = ORIENTED_EDGE('',*,*,#516,.T.);
#516 = EDGE_CURVE('',#430,#517,#519,.T.);
#517 = VERTEX_POINT('',#518);
#518 = CARTESIAN_POINT('',(1.2,0.76,8.E-02));
#519 = LINE('',#520,#521);
#520 = CARTESIAN_POINT('',(-1.2,0.76,8.E-02));
#521 = VECTOR('',#522,1.);
#522 = DIRECTION('',(1.,0.,0.));
#523 = ORIENTED_EDGE('',*,*,#524,.T.);
#524 = EDGE_CURVE('',#517,#495,#525,.T.);
#525 = CIRCLE('',#526,4.E-02);
#526 = AXIS2_PLACEMENT_3D('',#527,#528,#529);
#527 = CARTESIAN_POINT('',(1.2,0.72,8.E-02));
#528 = DIRECTION('',(-1.,0.,0.));
#529 = DIRECTION('',(0.,0.,1.));
#530 = ORIENTED_EDGE('',*,*,#502,.F.);
#531 = ORIENTED_EDGE('',*,*,#437,.F.);
#532 = CYLINDRICAL_SURFACE('',#533,4.E-02);
#533 = AXIS2_PLACEMENT_3D('',#534,#535,#536);
#534 = CARTESIAN_POINT('',(-1.2,0.72,8.E-02));
#535 = DIRECTION('',(1.,0.,0.));
#536 = DIRECTION('',(-0.,1.,0.));
#537 = ADVANCED_FACE('',(#538),#556,.T.);
#538 = FACE_BOUND('',#539,.T.);
#539 = EDGE_LOOP('',(#540,#548,#549,#550));
#540 = ORIENTED_EDGE('',*,*,#541,.F.);
#541 = EDGE_CURVE('',#517,#542,#544,.T.);
#542 = VERTEX_POINT('',#543);
#543 = CARTESIAN_POINT('',(1.2,0.76,1.52));
#544 = LINE('',#545,#546);
#545 = CARTESIAN_POINT('',(1.2,0.76,4.E-02));
#546 = VECTOR('',#547,1.);
#547 = DIRECTION('',(0.,0.,1.));
#548 = ORIENTED_EDGE('',*,*,#516,.F.);
#549 = ORIENTED_EDGE('',*,*,#429,.T.);
#550 = ORIENTED_EDGE('',*,*,#551,.T.);
#551 = EDGE_CURVE('',#421,#542,#552,.T.);
#552 = LINE('',#553,#554);
#553 = CARTESIAN_POINT('',(-1.2,0.76,1.52));
#554 = VECTOR('',#555,1.);
#555 = DIRECTION('',(1.,0.,0.));
#556 = PLANE('',#557);
#557 = AXIS2_PLACEMENT_3D('',#558,#559,#560);
#558 = CARTESIAN_POINT('',(-1.2,0.76,4.E-02));
#559 = DIRECTION('',(0.,1.,0.));
#560 = DIRECTION('',(0.,-0.,1.));
#561 = ADVANCED_FACE('',(#562),#581,.T.);
#562 = FACE_BOUND('',#563,.T.);
#563 = EDGE_LOOP('',(#564,#565,#573,#580));
#564 = ORIENTED_EDGE('',*,*,#420,.T.);
#565 = ORIENTED_EDGE('',*,*,#566,.T.);
#566 = EDGE_CURVE('',#413,#567,#569,.T.);
#567 = VERTEX_POINT('',#568);
#568 = CARTESIAN_POINT('',(1.2,0.72,1.56));
#569 = LINE('',#570,#571);
#570 = CARTESIAN_POINT('',(-1.2,0.72,1.56));
#571 = VECTOR('',#572,1.);
#572 = DIRECTION('',(1.,0.,0.));
#573 = ORIENTED_EDGE('',*,*,#574,.F.);
#574 = EDGE_CURVE('',#542,#567,#575,.T.);
#575 = CIRCLE('',#576,4.E-02);
#576 = AXIS2_PLACEMENT_3D('',#577,#578,#579);
#577 = CARTESIAN_POINT('',(1.2,0.72,1.52));
#578 = DIRECTION('',(1.,0.,-0.));
#579 = DIRECTION('',(0.,0.,1.));
#580 = ORIENTED_EDGE('',*,*,#551,.F.);
#581 = CYLINDRICAL_SURFACE('',#582,4.E-02);
#582 = AXIS2_PLACEMENT_3D('',#583,#584,#585);
#583 = CARTESIAN_POINT('',(-1.2,0.72,1.52));
#584 = DIRECTION('',(1.,0.,0.));
#585 = DIRECTION('',(-0.,1.,0.));
#586 = ADVANCED_FACE('',(#587),#605,.T.);
#587 = FACE_BOUND('',#588,.T.);
#588 = EDGE_LOOP('',(#589,#590,#598,#604));
#589 = ORIENTED_EDGE('',*,*,#412,.F.);
#590 = ORIENTED_EDGE('',*,*,#591,.T.);
#591 = EDGE_CURVE('',#404,#592,#594,.T.);
#592 = VERTEX_POINT('',#593);
#593 = CARTESIAN_POINT('',(1.2,-0.72,1.56));
#594 = LINE('',#595,#596);
#595 = CARTESIAN_POINT('',(-1.2,-0.72,1.56));
#596 = VECTOR('',#597,1.);
#597 = DIRECTION('',(1.,0.,0.));
#598 = ORIENTED_EDGE('',*,*,#599,.T.);
#599 = EDGE_CURVE('',#592,#567,#600,.T.);
#600 = LINE('',#601,#602);
#601 = CARTESIAN_POINT('',(1.2,-0.76,1.56));
#602 = VECTOR('',#603,1.);
#603 = DIRECTION('',(0.,1.,0.));
#604 = ORIENTED_EDGE('',*,*,#566,.F.);
#605 = PLANE('',#606);
#606 = AXIS2_PLACEMENT_3D('',#607,#608,#609);
#607 = CARTESIAN_POINT('',(-1.2,-0.76,1.56));
#608 = DIRECTION('',(0.,0.,1.));
#609 = DIRECTION('',(1.,0.,-0.));
#610 = ADVANCED_FACE('',(#611),#630,.T.);
#611 = FACE_BOUND('',#612,.T.);
#612 = EDGE_LOOP('',(#613,#621,#628,#629));
#613 = ORIENTED_EDGE('',*,*,#614,.T.);
#614 = EDGE_CURVE('',#396,#615,#617,.T.);
#615 = VERTEX_POINT('',#616);
#616 = CARTESIAN_POINT('',(1.2,-0.76,1.52));
#617 = LINE('',#618,#619);
#618 = CARTESIAN_POINT('',(-1.2,-0.76,1.52));
#619 = VECTOR('',#620,1.);
#620 = DIRECTION('',(1.,0.,0.));
#621 = ORIENTED_EDGE('',*,*,#622,.T.);
#622 = EDGE_CURVE('',#615,#592,#623,.T.);
#623 = CIRCLE('',#624,4.E-02);
#624 = AXIS2_PLACEMENT_3D('',#625,#626,#627);
#625 = CARTESIAN_POINT('',(1.2,-0.72,1.52));
#626 = DIRECTION('',(-1.,0.,0.));
#627 = DIRECTION('',(0.,0.,1.));
#628 = ORIENTED_EDGE('',*,*,#591,.F.);
#629 = ORIENTED_EDGE('',*,*,#403,.F.);
#630 = CYLINDRICAL_SURFACE('',#631,4.E-02);
#631 = AXIS2_PLACEMENT_3D('',#632,#633,#634);
#632 = CARTESIAN_POINT('',(-1.2,-0.72,1.52));
#633 = DIRECTION('',(1.,0.,0.));
#634 = DIRECTION('',(0.,-1.,0.));
#635 = ADVANCED_FACE('',(#636),#647,.F.);
#636 = FACE_BOUND('',#637,.F.);
#637 = EDGE_LOOP('',(#638,#644,#645,#646));
#638 = ORIENTED_EDGE('',*,*,#639,.F.);
#639 = EDGE_CURVE('',#470,#615,#640,.T.);
#640 = LINE('',#641,#642);
#641 = CARTESIAN_POINT('',(1.2,-0.76,4.E-02));
#642 = VECTOR('',#643,1.);
#643 = DIRECTION('',(0.,0.,1.));
#644 = ORIENTED_EDGE('',*,*,#478,.F.);
#645 = ORIENTED_EDGE('',*,*,#395,.T.);
#646 = ORIENTED_EDGE('',*,*,#614,.T.);
#647 = PLANE('',#648);
#648 = AXIS2_PLACEMENT_3D('',#649,#650,#651);
#649 = CARTESIAN_POINT('',(-1.2,-0.76,4.E-02));
#650 = DIRECTION('',(0.,1.,0.));
#651 = DIRECTION('',(0.,-0.,1.));
#652 = ADVANCED_FACE('',(#653,#723),#733,.F.);
#653 = FACE_BOUND('',#654,.F.);
#654 = EDGE_LOOP('',(#655,#665,#674,#682,#691,#699,#708,#716));
#655 = ORIENTED_EDGE('',*,*,#656,.F.);
#656 = EDGE_CURVE('',#657,#659,#661,.T.);
#657 = VERTEX_POINT('',#658);
#658 = CARTESIAN_POINT('',(1.2,-0.8,4.E-02));
#659 = VERTEX_POINT('',#660);
#660 = CARTESIAN_POINT('',(1.2,-0.8,1.56));
#661 = LINE('',#662,#663);
#662 = CARTESIAN_POINT('',(1.2,-0.8,0.));
#663 = VECTOR('',#664,1.);
#664 = DIRECTION('',(0.,0.,1.));
#665 = ORIENTED_EDGE('',*,*,#666,.T.);
#666 = EDGE_CURVE('',#657,#667,#669,.T.);
#667 = VERTEX_POINT('',#668);
#668 = CARTESIAN_POINT('',(1.2,-0.76,0.));
#669 = CIRCLE('',#670,4.E-02);
#670 = AXIS2_PLACEMENT_3D('',#671,#672,#673);
#671 = CARTESIAN_POINT('',(1.2,-0.76,4.E-02));
#672 = DIRECTION('',(1.,0.,-0.));
#673 = DIRECTION('',(0.,0.,1.));
#674 = ORIENTED_EDGE('',*,*,#675,.T.);
#675 = EDGE_CURVE('',#667,#676,#678,.T.);
#676 = VERTEX_POINT('',#677);
#677 = CARTESIAN_POINT('',(1.2,0.76,0.));
#678 = LINE('',#679,#680);
#679 = CARTESIAN_POINT('',(1.2,-0.8,0.));
#680 = VECTOR('',#681,1.);
#681 = DIRECTION('',(0.,1.,0.));
#682 = ORIENTED_EDGE('',*,*,#683,.F.);
#683 = EDGE_CURVE('',#684,#676,#686,.T.);
#684 = VERTEX_POINT('',#685);
#685 = CARTESIAN_POINT('',(1.2,0.8,4.E-02));
#686 = CIRCLE('',#687,4.E-02);
#687 = AXIS2_PLACEMENT_3D('',#688,#689,#690);
#688 = CARTESIAN_POINT('',(1.2,0.76,4.E-02));
#689 = DIRECTION('',(-1.,0.,0.));
#690 = DIRECTION('',(0.,0.,1.));
#691 = ORIENTED_EDGE('',*,*,#692,.T.);
#692 = EDGE_CURVE('',#684,#693,#695,.T.);
#693 = VERTEX_POINT('',#694);
#694 = CARTESIAN_POINT('',(1.2,0.8,1.56));
#695 = LINE('',#696,#697);
#696 = CARTESIAN_POINT('',(1.2,0.8,0.));
#697 = VECTOR('',#698,1.);
#698 = DIRECTION('',(0.,0.,1.));
#699 = ORIENTED_EDGE('',*,*,#700,.T.);
#700 = EDGE_CURVE('',#693,#701,#703,.T.);
#701 = VERTEX_POINT('',#702);
#702 = CARTESIAN_POINT('',(1.2,0.76,1.6));
#703 = CIRCLE('',#704,4.E-02);
#704 = AXIS2_PLACEMENT_3D('',#705,#706,#707);
#705 = CARTESIAN_POINT('',(1.2,0.76,1.56));
#706 = DIRECTION('',(1.,0.,-0.));
#707 = DIRECTION('',(0.,0.,1.));
#708 = ORIENTED_EDGE('',*,*,#709,.F.);
#709 = EDGE_CURVE('',#710,#701,#712,.T.);
#710 = VERTEX_POINT('',#711);
#711 = CARTESIAN_POINT('',(1.2,-0.76,1.6));
#712 = LINE('',#713,#714);
#713 = CARTESIAN_POINT('',(1.2,-0.8,1.6));
#714 = VECTOR('',#715,1.);
#715 = DIRECTION('',(0.,1.,0.));
#716 = ORIENTED_EDGE('',*,*,#717,.F.);
#717 = EDGE_CURVE('',#659,#710,#718,.T.);
#718 = CIRCLE('',#719,4.E-02);
#719 = AXIS2_PLACEMENT_3D('',#720,#721,#722);
#720 = CARTESIAN_POINT('',(1.2,-0.76,1.56));
#721 = DIRECTION('',(-1.,0.,0.));
#722 = DIRECTION('',(0.,0.,1.));
#723 = FACE_BOUND('',#724,.F.);
#724 = EDGE_LOOP('',(#725,#726,#727,#728,#729,#730,#731,#732));
#725 = ORIENTED_EDGE('',*,*,#469,.F.);
#726 = ORIENTED_EDGE('',*,*,#639,.T.);
#727 = ORIENTED_EDGE('',*,*,#622,.T.);
#728 = ORIENTED_EDGE('',*,*,#599,.T.);
#729 = ORIENTED_EDGE('',*,*,#574,.F.);
#730 = ORIENTED_EDGE('',*,*,#541,.F.);
#731 = ORIENTED_EDGE('',*,*,#524,.T.);
#732 = ORIENTED_EDGE('',*,*,#494,.F.);
#733 = PLANE('',#734);
#734 = AXIS2_PLACEMENT_3D('',#735,#736,#737);
#735 = CARTESIAN_POINT('',(1.2,-0.8,0.));
#736 = DIRECTION('',(1.,0.,0.));
#737 = DIRECTION('',(0.,0.,1.));
#738 = ADVANCED_FACE('',(#739),#764,.F.);
#739 = FACE_BOUND('',#740,.F.);
#740 = EDGE_LOOP('',(#741,#751,#757,#758));
#741 = ORIENTED_EDGE('',*,*,#742,.F.);
#742 = EDGE_CURVE('',#743,#745,#747,.T.);
#743 = VERTEX_POINT('',#744);
#744 = CARTESIAN_POINT('',(1.6,-0.8,4.E-02));
#745 = VERTEX_POINT('',#746);
#746 = CARTESIAN_POINT('',(1.6,-0.8,1.56));
#747 = LINE('',#748,#749);
#748 = CARTESIAN_POINT('',(1.6,-0.8,0.));
#749 = VECTOR('',#750,1.);
#750 = DIRECTION('',(0.,0.,1.));
#751 = ORIENTED_EDGE('',*,*,#752,.F.);
#752 = EDGE_CURVE('',#657,#743,#753,.T.);
#753 = LINE('',#754,#755);
#754 = CARTESIAN_POINT('',(1.2,-0.8,4.E-02));
#755 = VECTOR('',#756,1.);
#756 = DIRECTION('',(1.,0.,0.));
#757 = ORIENTED_EDGE('',*,*,#656,.T.);
#758 = ORIENTED_EDGE('',*,*,#759,.T.);
#759 = EDGE_CURVE('',#659,#745,#760,.T.);
#760 = LINE('',#761,#762);
#761 = CARTESIAN_POINT('',(1.2,-0.8,1.56));
#762 = VECTOR('',#763,1.);
#763 = DIRECTION('',(1.,0.,0.));
#764 = PLANE('',#765);
#765 = AXIS2_PLACEMENT_3D('',#766,#767,#768);
#766 = CARTESIAN_POINT('',(1.2,-0.8,0.));
#767 = DIRECTION('',(0.,1.,0.));
#768 = DIRECTION('',(0.,-0.,1.));
#769 = ADVANCED_FACE('',(#770),#789,.T.);
#770 = FACE_BOUND('',#771,.T.);
#771 = EDGE_LOOP('',(#772,#773,#781,#788));
#772 = ORIENTED_EDGE('',*,*,#666,.T.);
#773 = ORIENTED_EDGE('',*,*,#774,.T.);
#774 = EDGE_CURVE('',#667,#775,#777,.T.);
#775 = VERTEX_POINT('',#776);
#776 = CARTESIAN_POINT('',(1.6,-0.76,0.));
#777 = LINE('',#778,#779);
#778 = CARTESIAN_POINT('',(1.2,-0.76,0.));
#779 = VECTOR('',#780,1.);
#780 = DIRECTION('',(1.,0.,0.));
#781 = ORIENTED_EDGE('',*,*,#782,.F.);
#782 = EDGE_CURVE('',#743,#775,#783,.T.);
#783 = CIRCLE('',#784,4.E-02);
#784 = AXIS2_PLACEMENT_3D('',#785,#786,#787);
#785 = CARTESIAN_POINT('',(1.6,-0.76,4.E-02));
#786 = DIRECTION('',(1.,0.,-0.));
#787 = DIRECTION('',(0.,0.,1.));
#788 = ORIENTED_EDGE('',*,*,#752,.F.);
#789 = CYLINDRICAL_SURFACE('',#790,4.E-02);
#790 = AXIS2_PLACEMENT_3D('',#791,#792,#793);
#791 = CARTESIAN_POINT('',(1.2,-0.76,4.E-02));
#792 = DIRECTION('',(1.,0.,0.));
#793 = DIRECTION('',(0.,-1.,0.));
#794 = ADVANCED_FACE('',(#795),#814,.T.);
#795 = FACE_BOUND('',#796,.T.);
#796 = EDGE_LOOP('',(#797,#798,#807,#813));
#797 = ORIENTED_EDGE('',*,*,#759,.T.);
#798 = ORIENTED_EDGE('',*,*,#799,.T.);
#799 = EDGE_CURVE('',#745,#800,#802,.T.);
#800 = VERTEX_POINT('',#801);
#801 = CARTESIAN_POINT('',(1.6,-0.76,1.6));
#802 = CIRCLE('',#803,4.E-02);
#803 = AXIS2_PLACEMENT_3D('',#804,#805,#806);
#804 = CARTESIAN_POINT('',(1.6,-0.76,1.56));
#805 = DIRECTION('',(-1.,0.,0.));
#806 = DIRECTION('',(0.,0.,1.));
#807 = ORIENTED_EDGE('',*,*,#808,.F.);
#808 = EDGE_CURVE('',#710,#800,#809,.T.);
#809 = LINE('',#810,#811);
#810 = CARTESIAN_POINT('',(1.2,-0.76,1.6));
#811 = VECTOR('',#812,1.);
#812 = DIRECTION('',(1.,0.,0.));
#813 = ORIENTED_EDGE('',*,*,#717,.F.);
#814 = CYLINDRICAL_SURFACE('',#815,4.E-02);
#815 = AXIS2_PLACEMENT_3D('',#816,#817,#818);
#816 = CARTESIAN_POINT('',(1.2,-0.76,1.56));
#817 = DIRECTION('',(1.,0.,0.));
#818 = DIRECTION('',(0.,-1.,0.));
#819 = ADVANCED_FACE('',(#820),#838,.F.);
#820 = FACE_BOUND('',#821,.F.);
#821 = EDGE_LOOP('',(#822,#823,#824,#832));
#822 = ORIENTED_EDGE('',*,*,#675,.F.);
#823 = ORIENTED_EDGE('',*,*,#774,.T.);
#824 = ORIENTED_EDGE('',*,*,#825,.T.);
#825 = EDGE_CURVE('',#775,#826,#828,.T.);
#826 = VERTEX_POINT('',#827);
#827 = CARTESIAN_POINT('',(1.6,0.76,0.));
#828 = LINE('',#829,#830);
#829 = CARTESIAN_POINT('',(1.6,-0.8,0.));
#830 = VECTOR('',#831,1.);
#831 = DIRECTION('',(0.,1.,0.));
#832 = ORIENTED_EDGE('',*,*,#833,.F.);
#833 = EDGE_CURVE('',#676,#826,#834,.T.);
#834 = LINE('',#835,#836);
#835 = CARTESIAN_POINT('',(1.2,0.76,0.));
#836 = VECTOR('',#837,1.);
#837 = DIRECTION('',(1.,0.,0.));
#838 = PLANE('',#839);
#839 = AXIS2_PLACEMENT_3D('',#840,#841,#842);
#840 = CARTESIAN_POINT('',(1.2,-0.8,0.));
#841 = DIRECTION('',(0.,0.,1.));
#842 = DIRECTION('',(1.,0.,-0.));
#843 = ADVANCED_FACE('',(#844),#862,.T.);
#844 = FACE_BOUND('',#845,.T.);
#845 = EDGE_LOOP('',(#846,#847,#848,#856));
#846 = ORIENTED_EDGE('',*,*,#709,.F.);
#847 = ORIENTED_EDGE('',*,*,#808,.T.);
#848 = ORIENTED_EDGE('',*,*,#849,.T.);
#849 = EDGE_CURVE('',#800,#850,#852,.T.);
#850 = VERTEX_POINT('',#851);
#851 = CARTESIAN_POINT('',(1.6,0.76,1.6));
#852 = LINE('',#853,#854);
#853 = CARTESIAN_POINT('',(1.6,-0.8,1.6));
#854 = VECTOR('',#855,1.);
#855 = DIRECTION('',(0.,1.,0.));
#856 = ORIENTED_EDGE('',*,*,#857,.F.);
#857 = EDGE_CURVE('',#701,#850,#858,.T.);
#858 = LINE('',#859,#860);
#859 = CARTESIAN_POINT('',(1.2,0.76,1.6));
#860 = VECTOR('',#861,1.);
#861 = DIRECTION('',(1.,0.,0.));
#862 = PLANE('',#863);
#863 = AXIS2_PLACEMENT_3D('',#864,#865,#866);
#864 = CARTESIAN_POINT('',(1.2,-0.8,1.6));
#865 = DIRECTION('',(0.,0.,1.));
#866 = DIRECTION('',(1.,0.,-0.));
#867 = ADVANCED_FACE('',(#868),#887,.T.);
#868 = FACE_BOUND('',#869,.T.);
#869 = EDGE_LOOP('',(#870,#878,#885,#886));
#870 = ORIENTED_EDGE('',*,*,#871,.T.);
#871 = EDGE_CURVE('',#684,#872,#874,.T.);
#872 = VERTEX_POINT('',#873);
#873 = CARTESIAN_POINT('',(1.6,0.8,4.E-02));
#874 = LINE('',#875,#876);
#875 = CARTESIAN_POINT('',(1.2,0.8,4.E-02));
#876 = VECTOR('',#877,1.);
#877 = DIRECTION('',(1.,0.,0.));
#878 = ORIENTED_EDGE('',*,*,#879,.T.);
#879 = EDGE_CURVE('',#872,#826,#880,.T.);
#880 = CIRCLE('',#881,4.E-02);
#881 = AXIS2_PLACEMENT_3D('',#882,#883,#884);
#882 = CARTESIAN_POINT('',(1.6,0.76,4.E-02));
#883 = DIRECTION('',(-1.,0.,0.));
#884 = DIRECTION('',(0.,0.,1.));
#885 = ORIENTED_EDGE('',*,*,#833,.F.);
#886 = ORIENTED_EDGE('',*,*,#683,.F.);
#887 = CYLINDRICAL_SURFACE('',#888,4.E-02);
#888 = AXIS2_PLACEMENT_3D('',#889,#890,#891);
#889 = CARTESIAN_POINT('',(1.2,0.76,4.E-02));
#890 = DIRECTION('',(1.,0.,0.));
#891 = DIRECTION('',(-0.,1.,0.));
#892 = ADVANCED_FACE('',(#893),#912,.T.);
#893 = FACE_BOUND('',#894,.T.);
#894 = EDGE_LOOP('',(#895,#896,#897,#906));
#895 = ORIENTED_EDGE('',*,*,#700,.T.);
#896 = ORIENTED_EDGE('',*,*,#857,.T.);
#897 = ORIENTED_EDGE('',*,*,#898,.F.);
#898 = EDGE_CURVE('',#899,#850,#901,.T.);
#899 = VERTEX_POINT('',#900);
#900 = CARTESIAN_POINT('',(1.6,0.8,1.56));
#901 = CIRCLE('',#902,4.E-02);
#902 = AXIS2_PLACEMENT_3D('',#903,#904,#905);
#903 = CARTESIAN_POINT('',(1.6,0.76,1.56));
#904 = DIRECTION('',(1.,0.,-0.));
#905 = DIRECTION('',(0.,0.,1.));
#906 = ORIENTED_EDGE('',*,*,#907,.F.);
#907 = EDGE_CURVE('',#693,#899,#908,.T.);
#908 = LINE('',#909,#910);
#909 = CARTESIAN_POINT('',(1.2,0.8,1.56));
#910 = VECTOR('',#911,1.);
#911 = DIRECTION('',(1.,0.,0.));
#912 = CYLINDRICAL_SURFACE('',#913,4.E-02);
#913 = AXIS2_PLACEMENT_3D('',#914,#915,#916);
#914 = CARTESIAN_POINT('',(1.2,0.76,1.56));
#915 = DIRECTION('',(1.,0.,0.));
#916 = DIRECTION('',(-0.,1.,0.));
#917 = ADVANCED_FACE('',(#918),#929,.T.);
#918 = FACE_BOUND('',#919,.T.);
#919 = EDGE_LOOP('',(#920,#926,#927,#928));
#920 = ORIENTED_EDGE('',*,*,#921,.F.);
#921 = EDGE_CURVE('',#872,#899,#922,.T.);
#922 = LINE('',#923,#924);
#923 = CARTESIAN_POINT('',(1.6,0.8,0.));
#924 = VECTOR('',#925,1.);
#925 = DIRECTION('',(0.,0.,1.));
#926 = ORIENTED_EDGE('',*,*,#871,.F.);
#927 = ORIENTED_EDGE('',*,*,#692,.T.);
#928 = ORIENTED_EDGE('',*,*,#907,.T.);
#929 = PLANE('',#930);
#930 = AXIS2_PLACEMENT_3D('',#931,#932,#933);
#931 = CARTESIAN_POINT('',(1.2,0.8,0.));
#932 = DIRECTION('',(0.,1.,0.));
#933 = DIRECTION('',(0.,-0.,1.));
#934 = ADVANCED_FACE('',(#935),#945,.T.);
#935 = FACE_BOUND('',#936,.T.);
#936 = EDGE_LOOP('',(#937,#938,#939,#940,#941,#942,#943,#944));
#937 = ORIENTED_EDGE('',*,*,#742,.F.);
#938 = ORIENTED_EDGE('',*,*,#782,.T.);
#939 = ORIENTED_EDGE('',*,*,#825,.T.);
#940 = ORIENTED_EDGE('',*,*,#879,.F.);
#941 = ORIENTED_EDGE('',*,*,#921,.T.);
#942 = ORIENTED_EDGE('',*,*,#898,.T.);
#943 = ORIENTED_EDGE('',*,*,#849,.F.);
#944 = ORIENTED_EDGE('',*,*,#799,.F.);
#945 = PLANE('',#946);
#946 = AXIS2_PLACEMENT_3D('',#947,#948,#949);
#947 = CARTESIAN_POINT('',(1.6,-0.8,0.));
#948 = DIRECTION('',(1.,0.,0.));
#949 = DIRECTION('',(0.,0.,1.));
#950 = ( GEOMETRIC_REPRESENTATION_CONTEXT(3) 
GLOBAL_UNCERTAINTY_ASSIGNED_CONTEXT((#954)) GLOBAL_UNIT_ASSIGNED_CONTEXT
((#951,#952,#953)) REPRESENTATION_CONTEXT('Context #1',
  '3D Context with UNIT and UNCERTAINTY') );
#951 = ( LENGTH_UNIT() NAMED_UNIT(*) SI_UNIT(.MILLI.,.METRE.) );
#952 = ( NAMED_UNIT(*) PLANE_ANGLE_UNIT() SI_UNIT($,.RADIAN.) );
#953 = ( NAMED_UNIT(*) SI_UNIT($,.STERADIAN.) SOLID_ANGLE_UNIT() );
#954 = UNCERTAINTY_MEASURE_WITH_UNIT(LENGTH_MEASURE(1.E-07),#951,
  'distance_accuracy_value','confusion accuracy');
#955 = CONTEXT_DEPENDENT_SHAPE_REPRESENTATION(#956,#958);
#956 = ( REPRESENTATION_RELATIONSHIP('','',#95,#72) 
REPRESENTATION_RELATIONSHIP_WITH_TRANSFORMATION(#957) 
SHAPE_REPRESENTATION_RELATIONSHIP() );
#957 = ITEM_DEFINED_TRANSFORMATION('','',#11,#73);
#958 = PRODUCT_DEFINITION_SHAPE('Placement','Placement of an item',#959
  );
#959 = NEXT_ASSEMBLY_USAGE_OCCURRENCE('1','=>[0:1:1:3]','',#67,#90,$);
#960 = PRODUCT_RELATED_PRODUCT_CATEGORY('part',$,(#92));
#961 = SHAPE_DEFINITION_REPRESENTATION(#962,#968);
#962 = PRODUCT_DEFINITION_SHAPE('','',#963);
#963 = PRODUCT_DEFINITION('design','',#964,#967);
#964 = PRODUCT_DEFINITION_FORMATION('','',#965);
#965 = PRODUCT('LED_WS2812B_PLCC4_5.0x5.0mm_P3.2mm',
  'LED_WS2812B_PLCC4_5.0x5.0mm_P3.2mm','',(#966));
#966 = PRODUCT_CONTEXT('',#2,'mechanical');
#967 = PRODUCT_DEFINITION_CONTEXT('part definition',#2,'design');
#968 = SHAPE_REPRESENTATION('',(#11,#969),#973);
#969 = AXIS2_PLACEMENT_3D('',#970,#971,#972);
#970 = CARTESIAN_POINT('',(0.,0.,0.));
#971 = DIRECTION('',(0.,0.,1.));
#972 = DIRECTION('',(1.,0.,-0.));
#973 = ( GEOMETRIC_REPRESENTATION_CONTEXT(3) 
GLOBAL_UNCERTAINTY_ASSIGNED_CONTEXT((#977)) GLOBAL_UNIT_ASSIGNED_CONTEXT
((#974,#975,#976)) REPRESENTATION_CONTEXT('Context #1',
  '3D Context with UNIT and UNCERTAINTY') );
#974 = ( LENGTH_UNIT() NAMED_UNIT(*) SI_UNIT(.MILLI.,.METRE.) );
#975 = ( NAMED_UNIT(*) PLANE_ANGLE_UNIT() SI_UNIT($,.RADIAN.) );
#976 = ( NAMED_UNIT(*) SI_UNIT($,.STERADIAN.) SOLID_ANGLE_UNIT() );
#977 = UNCERTAINTY_MEASURE_WITH_UNIT(LENGTH_MEASURE(1.E-07),#974,
  'distance_accuracy_value','confusion accuracy');
#978 = CONTEXT_DEPENDENT_SHAPE_REPRESENTATION(#979,#981);
#979 = ( REPRESENTATION_RELATIONSHIP('','',#968,#10) 
REPRESENTATION_RELATIONSHIP_WITH_TRANSFORMATION(#980) 
SHAPE_REPRESENTATION_RELATIONSHIP() );
#980 = ITEM_DEFINED_TRANSFORMATION('','',#11,#19);
#981 = PRODUCT_DEFINITION_SHAPE('Placement','Placement of an item',#982
  );
#982 = NEXT_ASSEMBLY_USAGE_OCCURRENCE('4','D1','',#5,#963,$);
#983 = PRODUCT_RELATED_PRODUCT_CATEGORY('part',$,(#965));
#984 = SHAPE_DEFINITION_REPRESENTATION(#985,#991);
#985 = PRODUCT_DEFINITION_SHAPE('','',#986);
#986 = PRODUCT_DEFINITION('design','',#987,#990);
#987 = PRODUCT_DEFINITION_FORMATION('','',#988);
#988 = PRODUCT('LED_WS2812B_PLCC4_50x50mm_P32mm',
  'LED_WS2812B_PLCC4_50x50mm_P32mm','',(#989));
#989 = PRODUCT_CONTEXT('',#2,'mechanical');
#990 = PRODUCT_DEFINITION_CONTEXT('part definition',#2,'design');
#991 = ADVANCED_BREP_SHAPE_REPRESENTATION('',(#11,#992),#3259);
#992 = MANIFOLD_SOLID_BREP('',#993);
#993 = CLOSED_SHELL('',(#994,#1053,#1078,#1111,#1136,#1161,#1186,#1203,
    #1228,#1259,#1299,#1430,#1554,#1571,#1580,#1591,#1759,#1790,#1821,
    #1852,#1937,#1961,#2039,#2070,#2155,#2179,#2257,#2288,#2319,#2350,
    #2435,#2459,#2537,#2568,#2653,#2677,#2755,#2772,#2789,#2806,#2823,
    #2840,#2857,#2874,#2896,#2908,#2920,#2937,#2949,#2966,#2988,#3000,
    #3017,#3029,#3041,#3058,#3075,#3092,#3114,#3126,#3143,#3155,#3167,
    #3184,#3206,#3218,#3235,#3247));
#994 = ADVANCED_FACE('',(#995,#1006),#1048,.T.);
#995 = FACE_BOUND('',#996,.T.);
#996 = EDGE_LOOP('',(#997));
#997 = ORIENTED_EDGE('',*,*,#998,.T.);
#998 = EDGE_CURVE('',#999,#999,#1001,.T.);
#999 = VERTEX_POINT('',#1000);
#1000 = CARTESIAN_POINT('',(-1.966666666667,2.408472038323E-16,1.6));
#1001 = CIRCLE('',#1002,1.966666666667);
#1002 = AXIS2_PLACEMENT_3D('',#1003,#1004,#1005);
#1003 = CARTESIAN_POINT('',(0.,0.,1.6));
#1004 = DIRECTION('',(0.,0.,-1.));
#1005 = DIRECTION('',(-1.,1.224646799147E-16,0.));
#1006 = FACE_BOUND('',#1007,.T.);
#1007 = EDGE_LOOP('',(#1008,#1018,#1026,#1034,#1042));
#1008 = ORIENTED_EDGE('',*,*,#1009,.T.);
#1009 = EDGE_CURVE('',#1010,#1012,#1014,.T.);
#1010 = VERTEX_POINT('',#1011);
#1011 = CARTESIAN_POINT('',(1.433400076889,-2.425,1.6));
#1012 = VERTEX_POINT('',#1013);
#1013 = CARTESIAN_POINT('',(2.425,-1.433400076889,1.6));
#1014 = LINE('',#1015,#1016);
#1015 = CARTESIAN_POINT('',(1.411433085478,-2.446966991411,1.6));
#1016 = VECTOR('',#1017,1.);
#1017 = DIRECTION('',(0.707106781187,0.707106781187,0.));
#1018 = ORIENTED_EDGE('',*,*,#1019,.T.);
#1019 = EDGE_CURVE('',#1012,#1020,#1022,.T.);
#1020 = VERTEX_POINT('',#1021);
#1021 = CARTESIAN_POINT('',(2.425,2.425,1.6));
#1022 = LINE('',#1023,#1024);
#1023 = CARTESIAN_POINT('',(2.425,-1.464466094067,1.6));
#1024 = VECTOR('',#1025,1.);
#1025 = DIRECTION('',(1.224646799147E-16,1.,0.));
#1026 = ORIENTED_EDGE('',*,*,#1027,.T.);
#1027 = EDGE_CURVE('',#1020,#1028,#1030,.T.);
#1028 = VERTEX_POINT('',#1029);
#1029 = CARTESIAN_POINT('',(-2.425,2.425,1.6));
#1030 = LINE('',#1031,#1032);
#1031 = CARTESIAN_POINT('',(2.5,2.425,1.6));
#1032 = VECTOR('',#1033,1.);
#1033 = DIRECTION('',(-1.,1.224646799147E-16,0.));
#1034 = ORIENTED_EDGE('',*,*,#1035,.T.);
#1035 = EDGE_CURVE('',#1028,#1036,#1038,.T.);
#1036 = VERTEX_POINT('',#1037);
#1037 = CARTESIAN_POINT('',(-2.425,-2.425,1.6));
#1038 = LINE('',#1039,#1040);
#1039 = CARTESIAN_POINT('',(-2.425,2.5,1.6));
#1040 = VECTOR('',#1041,1.);
#1041 = DIRECTION('',(-1.224646799147E-16,-1.,0.));
#1042 = ORIENTED_EDGE('',*,*,#1043,.T.);
#1043 = EDGE_CURVE('',#1036,#1010,#1044,.T.);
#1044 = LINE('',#1045,#1046);
#1045 = CARTESIAN_POINT('',(-2.5,-2.425,1.6));
#1046 = VECTOR('',#1047,1.);
#1047 = DIRECTION('',(1.,-1.224646799147E-16,0.));
#1048 = PLANE('',#1049);
#1049 = AXIS2_PLACEMENT_3D('',#1050,#1051,#1052);
#1050 = CARTESIAN_POINT('',(0.,0.,1.6));
#1051 = DIRECTION('',(0.,0.,1.));
#1052 = DIRECTION('',(-1.,1.224646799147E-16,0.));
#1053 = ADVANCED_FACE('',(#1054),#1073,.F.);
#1054 = FACE_BOUND('',#1055,.F.);
#1055 = EDGE_LOOP('',(#1056,#1064,#1065,#1066));
#1056 = ORIENTED_EDGE('',*,*,#1057,.F.);
#1057 = EDGE_CURVE('',#999,#1058,#1060,.T.);
#1058 = VERTEX_POINT('',#1059);
#1059 = CARTESIAN_POINT('',(-1.666666666667,2.041077998579E-16,1.3));
#1060 = LINE('',#1061,#1062);
#1061 = CARTESIAN_POINT('',(-1.666666666667,2.041077998579E-16,1.3));
#1062 = VECTOR('',#1063,1.);
#1063 = DIRECTION('',(0.707106781187,-8.659560562349E-17,-0.707106781187
    ));
#1064 = ORIENTED_EDGE('',*,*,#998,.T.);
#1065 = ORIENTED_EDGE('',*,*,#1057,.T.);
#1066 = ORIENTED_EDGE('',*,*,#1067,.F.);
#1067 = EDGE_CURVE('',#1058,#1058,#1068,.T.);
#1068 = CIRCLE('',#1069,1.666666666667);
#1069 = AXIS2_PLACEMENT_3D('',#1070,#1071,#1072);
#1070 = CARTESIAN_POINT('',(0.,0.,1.3));
#1071 = DIRECTION('',(0.,0.,-1.));
#1072 = DIRECTION('',(-1.,1.224646799147E-16,0.));
#1073 = CONICAL_SURFACE('',#1074,1.666666666667,0.785398163397);
#1074 = AXIS2_PLACEMENT_3D('',#1075,#1076,#1077);
#1075 = CARTESIAN_POINT('',(0.,0.,1.3));
#1076 = DIRECTION('',(0.,0.,1.));
#1077 = DIRECTION('',(-1.,1.224646799147E-16,0.));
#1078 = ADVANCED_FACE('',(#1079),#1106,.T.);
#1079 = FACE_BOUND('',#1080,.T.);
#1080 = EDGE_LOOP('',(#1081,#1090,#1098,#1105));
#1081 = ORIENTED_EDGE('',*,*,#1082,.T.);
#1082 = EDGE_CURVE('',#1010,#1083,#1085,.T.);
#1083 = VERTEX_POINT('',#1084);
#1084 = CARTESIAN_POINT('',(1.464466094067,-2.5,1.525));
#1085 = ELLIPSE('',#1086,8.117941502193E-02,7.5E-02);
#1086 = AXIS2_PLACEMENT_3D('',#1087,#1088,#1089);
#1087 = CARTESIAN_POINT('',(1.433400076889,-2.425,1.525));
#1088 = DIRECTION('',(0.923879532511,0.382683432365,-0.));
#1089 = DIRECTION('',(-0.382683432365,0.923879532511,0.));
#1090 = ORIENTED_EDGE('',*,*,#1091,.T.);
#1091 = EDGE_CURVE('',#1083,#1092,#1094,.T.);
#1092 = VERTEX_POINT('',#1093);
#1093 = CARTESIAN_POINT('',(2.5,-1.464466094067,1.525));
#1094 = LINE('',#1095,#1096);
#1095 = CARTESIAN_POINT('',(1.464466094067,-2.5,1.525));
#1096 = VECTOR('',#1097,1.);
#1097 = DIRECTION('',(0.707106781187,0.707106781187,0.));
#1098 = ORIENTED_EDGE('',*,*,#1099,.F.);
#1099 = EDGE_CURVE('',#1012,#1092,#1100,.T.);
#1100 = ELLIPSE('',#1101,8.117941502193E-02,7.5E-02);
#1101 = AXIS2_PLACEMENT_3D('',#1102,#1103,#1104);
#1102 = CARTESIAN_POINT('',(2.425,-1.433400076889,1.525));
#1103 = DIRECTION('',(0.382683432365,0.923879532511,0.));
#1104 = DIRECTION('',(0.923879532511,-0.382683432365,0.));
#1105 = ORIENTED_EDGE('',*,*,#1009,.F.);
#1106 = CYLINDRICAL_SURFACE('',#1107,7.5E-02);
#1107 = AXIS2_PLACEMENT_3D('',#1108,#1109,#1110);
#1108 = CARTESIAN_POINT('',(1.411433085478,-2.446966991411,1.525));
#1109 = DIRECTION('',(0.707106781187,0.707106781187,0.));
#1110 = DIRECTION('',(0.,-0.,1.));
#1111 = ADVANCED_FACE('',(#1112),#1131,.T.);
#1112 = FACE_BOUND('',#1113,.T.);
#1113 = EDGE_LOOP('',(#1114,#1123,#1129,#1130));
#1114 = ORIENTED_EDGE('',*,*,#1115,.F.);
#1115 = EDGE_CURVE('',#1116,#1036,#1118,.T.);
#1116 = VERTEX_POINT('',#1117);
#1117 = CARTESIAN_POINT('',(-2.5,-2.5,1.525));
#1118 = ELLIPSE('',#1119,0.106066017178,7.5E-02);
#1119 = AXIS2_PLACEMENT_3D('',#1120,#1121,#1122);
#1120 = CARTESIAN_POINT('',(-2.425,-2.425,1.525));
#1121 = DIRECTION('',(-0.707106781187,0.707106781187,0.));
#1122 = DIRECTION('',(-0.707106781187,-0.707106781187,0.));
#1123 = ORIENTED_EDGE('',*,*,#1124,.T.);
#1124 = EDGE_CURVE('',#1116,#1083,#1125,.T.);
#1125 = LINE('',#1126,#1127);
#1126 = CARTESIAN_POINT('',(-2.5,-2.5,1.525));
#1127 = VECTOR('',#1128,1.);
#1128 = DIRECTION('',(1.,-1.224646799147E-16,0.));
#1129 = ORIENTED_EDGE('',*,*,#1082,.F.);
#1130 = ORIENTED_EDGE('',*,*,#1043,.F.);
#1131 = CYLINDRICAL_SURFACE('',#1132,7.5E-02);
#1132 = AXIS2_PLACEMENT_3D('',#1133,#1134,#1135);
#1133 = CARTESIAN_POINT('',(-2.5,-2.425,1.525));
#1134 = DIRECTION('',(1.,-1.224646799147E-16,0.));
#1135 = DIRECTION('',(0.,0.,1.));
#1136 = ADVANCED_FACE('',(#1137),#1156,.T.);
#1137 = FACE_BOUND('',#1138,.T.);
#1138 = EDGE_LOOP('',(#1139,#1147,#1154,#1155));
#1139 = ORIENTED_EDGE('',*,*,#1140,.T.);
#1140 = EDGE_CURVE('',#1092,#1141,#1143,.T.);
#1141 = VERTEX_POINT('',#1142);
#1142 = CARTESIAN_POINT('',(2.5,2.5,1.525));
#1143 = LINE('',#1144,#1145);
#1144 = CARTESIAN_POINT('',(2.5,-1.464466094067,1.525));
#1145 = VECTOR('',#1146,1.);
#1146 = DIRECTION('',(1.224646799147E-16,1.,0.));
#1147 = ORIENTED_EDGE('',*,*,#1148,.T.);
#1148 = EDGE_CURVE('',#1141,#1020,#1149,.T.);
#1149 = ELLIPSE('',#1150,0.106066017178,7.5E-02);
#1150 = AXIS2_PLACEMENT_3D('',#1151,#1152,#1153);
#1151 = CARTESIAN_POINT('',(2.425,2.425,1.525));
#1152 = DIRECTION('',(0.707106781187,-0.707106781187,-0.));
#1153 = DIRECTION('',(-0.707106781187,-0.707106781187,0.));
#1154 = ORIENTED_EDGE('',*,*,#1019,.F.);
#1155 = ORIENTED_EDGE('',*,*,#1099,.T.);
#1156 = CYLINDRICAL_SURFACE('',#1157,7.5E-02);
#1157 = AXIS2_PLACEMENT_3D('',#1158,#1159,#1160);
#1158 = CARTESIAN_POINT('',(2.425,-1.464466094067,1.525));
#1159 = DIRECTION('',(1.224646799147E-16,1.,0.));
#1160 = DIRECTION('',(1.,-1.224646799147E-16,0.));
#1161 = ADVANCED_FACE('',(#1162),#1181,.T.);
#1162 = FACE_BOUND('',#1163,.T.);
#1163 = EDGE_LOOP('',(#1164,#1172,#1173,#1174));
#1164 = ORIENTED_EDGE('',*,*,#1165,.T.);
#1165 = EDGE_CURVE('',#1166,#1116,#1168,.T.);
#1166 = VERTEX_POINT('',#1167);
#1167 = CARTESIAN_POINT('',(-2.5,2.5,1.525));
#1168 = LINE('',#1169,#1170);
#1169 = CARTESIAN_POINT('',(-2.5,2.5,1.525));
#1170 = VECTOR('',#1171,1.);
#1171 = DIRECTION('',(-1.224646799147E-16,-1.,0.));
#1172 = ORIENTED_EDGE('',*,*,#1115,.T.);
#1173 = ORIENTED_EDGE('',*,*,#1035,.F.);
#1174 = ORIENTED_EDGE('',*,*,#1175,.F.);
#1175 = EDGE_CURVE('',#1166,#1028,#1176,.T.);
#1176 = ELLIPSE('',#1177,0.106066017178,7.5E-02);
#1177 = AXIS2_PLACEMENT_3D('',#1178,#1179,#1180);
#1178 = CARTESIAN_POINT('',(-2.425,2.425,1.525));
#1179 = DIRECTION('',(0.707106781187,0.707106781187,-0.));
#1180 = DIRECTION('',(-0.707106781187,0.707106781187,0.));
#1181 = CYLINDRICAL_SURFACE('',#1182,7.5E-02);
#1182 = AXIS2_PLACEMENT_3D('',#1183,#1184,#1185);
#1183 = CARTESIAN_POINT('',(-2.425,2.5,1.525));
#1184 = DIRECTION('',(-1.224646799147E-16,-1.,0.));
#1185 = DIRECTION('',(-1.,1.224646799147E-16,0.));
#1186 = ADVANCED_FACE('',(#1187),#1198,.T.);
#1187 = FACE_BOUND('',#1188,.T.);
#1188 = EDGE_LOOP('',(#1189,#1195,#1196,#1197));
#1189 = ORIENTED_EDGE('',*,*,#1190,.T.);
#1190 = EDGE_CURVE('',#1141,#1166,#1191,.T.);
#1191 = LINE('',#1192,#1193);
#1192 = CARTESIAN_POINT('',(2.5,2.5,1.525));
#1193 = VECTOR('',#1194,1.);
#1194 = DIRECTION('',(-1.,1.224646799147E-16,0.));
#1195 = ORIENTED_EDGE('',*,*,#1175,.T.);
#1196 = ORIENTED_EDGE('',*,*,#1027,.F.);
#1197 = ORIENTED_EDGE('',*,*,#1148,.F.);
#1198 = CYLINDRICAL_SURFACE('',#1199,7.5E-02);
#1199 = AXIS2_PLACEMENT_3D('',#1200,#1201,#1202);
#1200 = CARTESIAN_POINT('',(2.5,2.425,1.525));
#1201 = DIRECTION('',(-1.,1.224646799147E-16,0.));
#1202 = DIRECTION('',(1.224646799147E-16,1.,0.));
#1203 = ADVANCED_FACE('',(#1204),#1223,.F.);
#1204 = FACE_BOUND('',#1205,.F.);
#1205 = EDGE_LOOP('',(#1206,#1214,#1215,#1216));
#1206 = ORIENTED_EDGE('',*,*,#1207,.T.);
#1207 = EDGE_CURVE('',#1208,#1058,#1210,.T.);
#1208 = VERTEX_POINT('',#1209);
#1209 = CARTESIAN_POINT('',(-1.666666666667,2.041077998579E-16,1.225));
#1210 = LINE('',#1211,#1212);
#1211 = CARTESIAN_POINT('',(-1.666666666667,2.041077998579E-16,0.85));
#1212 = VECTOR('',#1213,1.);
#1213 = DIRECTION('',(0.,0.,1.));
#1214 = ORIENTED_EDGE('',*,*,#1067,.T.);
#1215 = ORIENTED_EDGE('',*,*,#1207,.F.);
#1216 = ORIENTED_EDGE('',*,*,#1217,.T.);
#1217 = EDGE_CURVE('',#1208,#1208,#1218,.T.);
#1218 = CIRCLE('',#1219,1.666666666667);
#1219 = AXIS2_PLACEMENT_3D('',#1220,#1221,#1222);
#1220 = CARTESIAN_POINT('',(0.,0.,1.225));
#1221 = DIRECTION('',(0.,0.,1.));
#1222 = DIRECTION('',(-1.,1.224646799147E-16,0.));
#1223 = CYLINDRICAL_SURFACE('',#1224,1.666666666667);
#1224 = AXIS2_PLACEMENT_3D('',#1225,#1226,#1227);
#1225 = CARTESIAN_POINT('',(0.,0.,0.85));
#1226 = DIRECTION('',(0.,0.,-1.));
#1227 = DIRECTION('',(-1.,1.224646799147E-16,0.));
#1228 = ADVANCED_FACE('',(#1229),#1254,.T.);
#1229 = FACE_BOUND('',#1230,.T.);
#1230 = EDGE_LOOP('',(#1231,#1239,#1247,#1253));
#1231 = ORIENTED_EDGE('',*,*,#1232,.T.);
#1232 = EDGE_CURVE('',#1083,#1233,#1235,.T.);
#1233 = VERTEX_POINT('',#1234);
#1234 = CARTESIAN_POINT('',(1.464466094067,-2.5,1.3));
#1235 = LINE('',#1236,#1237);
#1236 = CARTESIAN_POINT('',(1.464466094067,-2.5,0.7));
#1237 = VECTOR('',#1238,1.);
#1238 = DIRECTION('',(0.,0.,-1.));
#1239 = ORIENTED_EDGE('',*,*,#1240,.F.);
#1240 = EDGE_CURVE('',#1241,#1233,#1243,.T.);
#1241 = VERTEX_POINT('',#1242);
#1242 = CARTESIAN_POINT('',(2.5,-1.464466094067,1.3));
#1243 = LINE('',#1244,#1245);
#1244 = CARTESIAN_POINT('',(3.75,-0.214466094067,1.3));
#1245 = VECTOR('',#1246,1.);
#1246 = DIRECTION('',(-0.707106781187,-0.707106781187,0.));
#1247 = ORIENTED_EDGE('',*,*,#1248,.T.);
#1248 = EDGE_CURVE('',#1241,#1092,#1249,.T.);
#1249 = LINE('',#1250,#1251);
#1250 = CARTESIAN_POINT('',(2.5,-1.464466094067,0.7));
#1251 = VECTOR('',#1252,1.);
#1252 = DIRECTION('',(0.,0.,1.));
#1253 = ORIENTED_EDGE('',*,*,#1091,.F.);
#1254 = PLANE('',#1255);
#1255 = AXIS2_PLACEMENT_3D('',#1256,#1257,#1258);
#1256 = CARTESIAN_POINT('',(3.75,-0.214466094067,1.3));
#1257 = DIRECTION('',(0.707106781187,-0.707106781187,0.));
#1258 = DIRECTION('',(-0.707106781187,-0.707106781187,0.));
#1259 = ADVANCED_FACE('',(#1260),#1294,.F.);
#1260 = FACE_BOUND('',#1261,.F.);
#1261 = EDGE_LOOP('',(#1262,#1263,#1271,#1279,#1287,#1293));
#1262 = ORIENTED_EDGE('',*,*,#1232,.T.);
#1263 = ORIENTED_EDGE('',*,*,#1264,.T.);
#1264 = EDGE_CURVE('',#1233,#1265,#1267,.T.);
#1265 = VERTEX_POINT('',#1266);
#1266 = CARTESIAN_POINT('',(2.5,-2.5,1.3));
#1267 = LINE('',#1268,#1269);
#1268 = CARTESIAN_POINT('',(0.625,-2.5,1.3));
#1269 = VECTOR('',#1270,1.);
#1270 = DIRECTION('',(1.,-1.224646799147E-16,0.));
#1271 = ORIENTED_EDGE('',*,*,#1272,.F.);
#1272 = EDGE_CURVE('',#1273,#1265,#1275,.T.);
#1273 = VERTEX_POINT('',#1274);
#1274 = CARTESIAN_POINT('',(2.5,-2.5,0.1));
#1275 = LINE('',#1276,#1277);
#1276 = CARTESIAN_POINT('',(2.5,-2.5,0.1));
#1277 = VECTOR('',#1278,1.);
#1278 = DIRECTION('',(0.,0.,1.));
#1279 = ORIENTED_EDGE('',*,*,#1280,.F.);
#1280 = EDGE_CURVE('',#1281,#1273,#1283,.T.);
#1281 = VERTEX_POINT('',#1282);
#1282 = CARTESIAN_POINT('',(-2.5,-2.5,0.1));
#1283 = LINE('',#1284,#1285);
#1284 = CARTESIAN_POINT('',(-2.5,-2.5,0.1));
#1285 = VECTOR('',#1286,1.);
#1286 = DIRECTION('',(1.,-1.224646799147E-16,0.));
#1287 = ORIENTED_EDGE('',*,*,#1288,.T.);
#1288 = EDGE_CURVE('',#1281,#1116,#1289,.T.);
#1289 = LINE('',#1290,#1291);
#1290 = CARTESIAN_POINT('',(-2.5,-2.5,0.1));
#1291 = VECTOR('',#1292,1.);
#1292 = DIRECTION('',(0.,0.,1.));
#1293 = ORIENTED_EDGE('',*,*,#1124,.T.);
#1294 = PLANE('',#1295);
#1295 = AXIS2_PLACEMENT_3D('',#1296,#1297,#1298);
#1296 = CARTESIAN_POINT('',(-2.5,-2.5,0.1));
#1297 = DIRECTION('',(1.224646799147E-16,1.,0.));
#1298 = DIRECTION('',(1.,-1.224646799147E-16,0.));
#1299 = ADVANCED_FACE('',(#1300,#1357,#1391),#1425,.F.);
#1300 = FACE_BOUND('',#1301,.F.);
#1301 = EDGE_LOOP('',(#1302,#1310,#1318,#1326,#1334,#1342,#1348,#1349,
    #1355,#1356));
#1302 = ORIENTED_EDGE('',*,*,#1303,.F.);
#1303 = EDGE_CURVE('',#1304,#1141,#1306,.T.);
#1304 = VERTEX_POINT('',#1305);
#1305 = CARTESIAN_POINT('',(2.5,2.5,0.1));
#1306 = LINE('',#1307,#1308);
#1307 = CARTESIAN_POINT('',(2.5,2.5,0.1));
#1308 = VECTOR('',#1309,1.);
#1309 = DIRECTION('',(0.,0.,1.));
#1310 = ORIENTED_EDGE('',*,*,#1311,.F.);
#1311 = EDGE_CURVE('',#1312,#1304,#1314,.T.);
#1312 = VERTEX_POINT('',#1313);
#1313 = CARTESIAN_POINT('',(2.5,2.1,0.1));
#1314 = LINE('',#1315,#1316);
#1315 = CARTESIAN_POINT('',(2.5,-2.5,0.1));
#1316 = VECTOR('',#1317,1.);
#1317 = DIRECTION('',(1.224646799147E-16,1.,0.));
#1318 = ORIENTED_EDGE('',*,*,#1319,.F.);
#1319 = EDGE_CURVE('',#1320,#1312,#1322,.T.);
#1320 = VERTEX_POINT('',#1321);
#1321 = CARTESIAN_POINT('',(2.5,1.2,0.1));
#1322 = LINE('',#1323,#1324);
#1323 = CARTESIAN_POINT('',(2.5,-2.5,0.1));
#1324 = VECTOR('',#1325,1.);
#1325 = DIRECTION('',(1.224646799147E-16,1.,0.));
#1326 = ORIENTED_EDGE('',*,*,#1327,.F.);
#1327 = EDGE_CURVE('',#1328,#1320,#1330,.T.);
#1328 = VERTEX_POINT('',#1329);
#1329 = CARTESIAN_POINT('',(2.5,-1.2,0.1));
#1330 = LINE('',#1331,#1332);
#1331 = CARTESIAN_POINT('',(2.5,-2.5,0.1));
#1332 = VECTOR('',#1333,1.);
#1333 = DIRECTION('',(1.224646799147E-16,1.,0.));
#1334 = ORIENTED_EDGE('',*,*,#1335,.F.);
#1335 = EDGE_CURVE('',#1336,#1328,#1338,.T.);
#1336 = VERTEX_POINT('',#1337);
#1337 = CARTESIAN_POINT('',(2.5,-2.1,0.1));
#1338 = LINE('',#1339,#1340);
#1339 = CARTESIAN_POINT('',(2.5,-2.5,0.1));
#1340 = VECTOR('',#1341,1.);
#1341 = DIRECTION('',(1.224646799147E-16,1.,0.));
#1342 = ORIENTED_EDGE('',*,*,#1343,.F.);
#1343 = EDGE_CURVE('',#1273,#1336,#1344,.T.);
#1344 = LINE('',#1345,#1346);
#1345 = CARTESIAN_POINT('',(2.5,-2.5,0.1));
#1346 = VECTOR('',#1347,1.);
#1347 = DIRECTION('',(1.224646799147E-16,1.,0.));
#1348 = ORIENTED_EDGE('',*,*,#1272,.T.);
#1349 = ORIENTED_EDGE('',*,*,#1350,.T.);
#1350 = EDGE_CURVE('',#1265,#1241,#1351,.T.);
#1351 = LINE('',#1352,#1353);
#1352 = CARTESIAN_POINT('',(2.5,-3.125,1.3));
#1353 = VECTOR('',#1354,1.);
#1354 = DIRECTION('',(1.224646799147E-16,1.,0.));
#1355 = ORIENTED_EDGE('',*,*,#1248,.T.);
#1356 = ORIENTED_EDGE('',*,*,#1140,.T.);
#1357 = FACE_BOUND('',#1358,.F.);
#1358 = EDGE_LOOP('',(#1359,#1369,#1377,#1385));
#1359 = ORIENTED_EDGE('',*,*,#1360,.T.);
#1360 = EDGE_CURVE('',#1361,#1363,#1365,.T.);
#1361 = VERTEX_POINT('',#1362);
#1362 = CARTESIAN_POINT('',(2.5,1.2,0.9));
#1363 = VERTEX_POINT('',#1364);
#1364 = CARTESIAN_POINT('',(2.5,2.1,0.9));
#1365 = LINE('',#1366,#1367);
#1366 = CARTESIAN_POINT('',(2.5,-0.425,0.9));
#1367 = VECTOR('',#1368,1.);
#1368 = DIRECTION('',(1.224646799147E-16,1.,-1.556307025767E-32));
#1369 = ORIENTED_EDGE('',*,*,#1370,.T.);
#1370 = EDGE_CURVE('',#1363,#1371,#1373,.T.);
#1371 = VERTEX_POINT('',#1372);
#1372 = CARTESIAN_POINT('',(2.5,2.1,1.));
#1373 = LINE('',#1374,#1375);
#1374 = CARTESIAN_POINT('',(2.5,2.1,5.E-02));
#1375 = VECTOR('',#1376,1.);
#1376 = DIRECTION('',(0.,0.,1.));
#1377 = ORIENTED_EDGE('',*,*,#1378,.F.);
#1378 = EDGE_CURVE('',#1379,#1371,#1381,.T.);
#1379 = VERTEX_POINT('',#1380);
#1380 = CARTESIAN_POINT('',(2.5,1.2,1.));
#1381 = LINE('',#1382,#1383);
#1382 = CARTESIAN_POINT('',(2.5,-0.425,1.));
#1383 = VECTOR('',#1384,1.);
#1384 = DIRECTION('',(1.224646799147E-16,1.,0.));
#1385 = ORIENTED_EDGE('',*,*,#1386,.T.);
#1386 = EDGE_CURVE('',#1379,#1361,#1387,.T.);
#1387 = LINE('',#1388,#1389);
#1388 = CARTESIAN_POINT('',(2.5,1.2,5.E-02));
#1389 = VECTOR('',#1390,1.);
#1390 = DIRECTION('',(-0.,0.,-1.));
#1391 = FACE_BOUND('',#1392,.F.);
#1392 = EDGE_LOOP('',(#1393,#1403,#1411,#1419));
#1393 = ORIENTED_EDGE('',*,*,#1394,.F.);
#1394 = EDGE_CURVE('',#1395,#1397,#1399,.T.);
#1395 = VERTEX_POINT('',#1396);
#1396 = CARTESIAN_POINT('',(2.5,-2.1,1.));
#1397 = VERTEX_POINT('',#1398);
#1398 = CARTESIAN_POINT('',(2.5,-1.2,1.));
#1399 = LINE('',#1400,#1401);
#1400 = CARTESIAN_POINT('',(2.5,-2.075,1.));
#1401 = VECTOR('',#1402,1.);
#1402 = DIRECTION('',(1.224646799147E-16,1.,0.));
#1403 = ORIENTED_EDGE('',*,*,#1404,.T.);
#1404 = EDGE_CURVE('',#1395,#1405,#1407,.T.);
#1405 = VERTEX_POINT('',#1406);
#1406 = CARTESIAN_POINT('',(2.5,-2.1,0.9));
#1407 = LINE('',#1408,#1409);
#1408 = CARTESIAN_POINT('',(2.5,-2.1,5.E-02));
#1409 = VECTOR('',#1410,1.);
#1410 = DIRECTION('',(-0.,0.,-1.));
#1411 = ORIENTED_EDGE('',*,*,#1412,.T.);
#1412 = EDGE_CURVE('',#1405,#1413,#1415,.T.);
#1413 = VERTEX_POINT('',#1414);
#1414 = CARTESIAN_POINT('',(2.5,-1.2,0.9));
#1415 = LINE('',#1416,#1417);
#1416 = CARTESIAN_POINT('',(2.5,-2.075,0.9));
#1417 = VECTOR('',#1418,1.);
#1418 = DIRECTION('',(1.224646799147E-16,1.,-3.890767564419E-33));
#1419 = ORIENTED_EDGE('',*,*,#1420,.T.);
#1420 = EDGE_CURVE('',#1413,#1397,#1421,.T.);
#1421 = LINE('',#1422,#1423);
#1422 = CARTESIAN_POINT('',(2.5,-1.2,5.E-02));
#1423 = VECTOR('',#1424,1.);
#1424 = DIRECTION('',(0.,0.,1.));
#1425 = PLANE('',#1426);
#1426 = AXIS2_PLACEMENT_3D('',#1427,#1428,#1429);
#1427 = CARTESIAN_POINT('',(2.5,-2.5,0.1));
#1428 = DIRECTION('',(-1.,1.224646799147E-16,0.));
#1429 = DIRECTION('',(1.224646799147E-16,1.,0.));
#1430 = ADVANCED_FACE('',(#1431,#1481,#1515),#1549,.F.);
#1431 = FACE_BOUND('',#1432,.F.);
#1432 = EDGE_LOOP('',(#1433,#1441,#1442,#1443,#1451,#1459,#1467,#1475));
#1433 = ORIENTED_EDGE('',*,*,#1434,.T.);
#1434 = EDGE_CURVE('',#1435,#1166,#1437,.T.);
#1435 = VERTEX_POINT('',#1436);
#1436 = CARTESIAN_POINT('',(-2.5,2.5,0.1));
#1437 = LINE('',#1438,#1439);
#1438 = CARTESIAN_POINT('',(-2.5,2.5,0.1));
#1439 = VECTOR('',#1440,1.);
#1440 = DIRECTION('',(0.,0.,1.));
#1441 = ORIENTED_EDGE('',*,*,#1165,.T.);
#1442 = ORIENTED_EDGE('',*,*,#1288,.F.);
#1443 = ORIENTED_EDGE('',*,*,#1444,.F.);
#1444 = EDGE_CURVE('',#1445,#1281,#1447,.T.);
#1445 = VERTEX_POINT('',#1446);
#1446 = CARTESIAN_POINT('',(-2.5,-2.1,0.1));
#1447 = LINE('',#1448,#1449);
#1448 = CARTESIAN_POINT('',(-2.5,2.5,0.1));
#1449 = VECTOR('',#1450,1.);
#1450 = DIRECTION('',(-1.224646799147E-16,-1.,0.));
#1451 = ORIENTED_EDGE('',*,*,#1452,.F.);
#1452 = EDGE_CURVE('',#1453,#1445,#1455,.T.);
#1453 = VERTEX_POINT('',#1454);
#1454 = CARTESIAN_POINT('',(-2.5,-1.2,0.1));
#1455 = LINE('',#1456,#1457);
#1456 = CARTESIAN_POINT('',(-2.5,2.5,0.1));
#1457 = VECTOR('',#1458,1.);
#1458 = DIRECTION('',(-1.224646799147E-16,-1.,0.));
#1459 = ORIENTED_EDGE('',*,*,#1460,.F.);
#1460 = EDGE_CURVE('',#1461,#1453,#1463,.T.);
#1461 = VERTEX_POINT('',#1462);
#1462 = CARTESIAN_POINT('',(-2.5,1.2,0.1));
#1463 = LINE('',#1464,#1465);
#1464 = CARTESIAN_POINT('',(-2.5,2.5,0.1));
#1465 = VECTOR('',#1466,1.);
#1466 = DIRECTION('',(-1.224646799147E-16,-1.,0.));
#1467 = ORIENTED_EDGE('',*,*,#1468,.F.);
#1468 = EDGE_CURVE('',#1469,#1461,#1471,.T.);
#1469 = VERTEX_POINT('',#1470);
#1470 = CARTESIAN_POINT('',(-2.5,2.1,0.1));
#1471 = LINE('',#1472,#1473);
#1472 = CARTESIAN_POINT('',(-2.5,2.5,0.1));
#1473 = VECTOR('',#1474,1.);
#1474 = DIRECTION('',(-1.224646799147E-16,-1.,0.));
#1475 = ORIENTED_EDGE('',*,*,#1476,.F.);
#1476 = EDGE_CURVE('',#1435,#1469,#1477,.T.);
#1477 = LINE('',#1478,#1479);
#1478 = CARTESIAN_POINT('',(-2.5,2.5,0.1));
#1479 = VECTOR('',#1480,1.);
#1480 = DIRECTION('',(-1.224646799147E-16,-1.,0.));
#1481 = FACE_BOUND('',#1482,.F.);
#1482 = EDGE_LOOP('',(#1483,#1493,#1501,#1509));
#1483 = ORIENTED_EDGE('',*,*,#1484,.F.);
#1484 = EDGE_CURVE('',#1485,#1487,#1489,.T.);
#1485 = VERTEX_POINT('',#1486);
#1486 = CARTESIAN_POINT('',(-2.5,-1.2,1.));
#1487 = VERTEX_POINT('',#1488);
#1488 = CARTESIAN_POINT('',(-2.5,-2.1,1.));
#1489 = LINE('',#1490,#1491);
#1490 = CARTESIAN_POINT('',(-2.5,0.425,1.));
#1491 = VECTOR('',#1492,1.);
#1492 = DIRECTION('',(-1.224646799147E-16,-1.,0.));
#1493 = ORIENTED_EDGE('',*,*,#1494,.T.);
#1494 = EDGE_CURVE('',#1485,#1495,#1497,.T.);
#1495 = VERTEX_POINT('',#1496);
#1496 = CARTESIAN_POINT('',(-2.5,-1.2,0.9));
#1497 = LINE('',#1498,#1499);
#1498 = CARTESIAN_POINT('',(-2.5,-1.2,5.E-02));
#1499 = VECTOR('',#1500,1.);
#1500 = DIRECTION('',(-0.,0.,-1.));
#1501 = ORIENTED_EDGE('',*,*,#1502,.T.);
#1502 = EDGE_CURVE('',#1495,#1503,#1505,.T.);
#1503 = VERTEX_POINT('',#1504);
#1504 = CARTESIAN_POINT('',(-2.5,-2.1,0.9));
#1505 = LINE('',#1506,#1507);
#1506 = CARTESIAN_POINT('',(-2.5,0.425,0.9));
#1507 = VECTOR('',#1508,1.);
#1508 = DIRECTION('',(-1.224646799147E-16,-1.,3.890767564419E-33));
#1509 = ORIENTED_EDGE('',*,*,#1510,.T.);
#1510 = EDGE_CURVE('',#1503,#1487,#1511,.T.);
#1511 = LINE('',#1512,#1513);
#1512 = CARTESIAN_POINT('',(-2.5,-2.1,5.E-02));
#1513 = VECTOR('',#1514,1.);
#1514 = DIRECTION('',(0.,0.,1.));
#1515 = FACE_BOUND('',#1516,.F.);
#1516 = EDGE_LOOP('',(#1517,#1527,#1535,#1543));
#1517 = ORIENTED_EDGE('',*,*,#1518,.F.);
#1518 = EDGE_CURVE('',#1519,#1521,#1523,.T.);
#1519 = VERTEX_POINT('',#1520);
#1520 = CARTESIAN_POINT('',(-2.5,2.1,1.));
#1521 = VERTEX_POINT('',#1522);
#1522 = CARTESIAN_POINT('',(-2.5,1.2,1.));
#1523 = LINE('',#1524,#1525);
#1524 = CARTESIAN_POINT('',(-2.5,2.075,1.));
#1525 = VECTOR('',#1526,1.);
#1526 = DIRECTION('',(-1.224646799147E-16,-1.,0.));
#1527 = ORIENTED_EDGE('',*,*,#1528,.T.);
#1528 = EDGE_CURVE('',#1519,#1529,#1531,.T.);
#1529 = VERTEX_POINT('',#1530);
#1530 = CARTESIAN_POINT('',(-2.5,2.1,0.9));
#1531 = LINE('',#1532,#1533);
#1532 = CARTESIAN_POINT('',(-2.5,2.1,5.E-02));
#1533 = VECTOR('',#1534,1.);
#1534 = DIRECTION('',(-0.,0.,-1.));
#1535 = ORIENTED_EDGE('',*,*,#1536,.T.);
#1536 = EDGE_CURVE('',#1529,#1537,#1539,.T.);
#1537 = VERTEX_POINT('',#1538);
#1538 = CARTESIAN_POINT('',(-2.5,1.2,0.9));
#1539 = LINE('',#1540,#1541);
#1540 = CARTESIAN_POINT('',(-2.5,2.075,0.9));
#1541 = VECTOR('',#1542,1.);
#1542 = DIRECTION('',(-1.224646799147E-16,-1.,1.556307025767E-32));
#1543 = ORIENTED_EDGE('',*,*,#1544,.T.);
#1544 = EDGE_CURVE('',#1537,#1521,#1545,.T.);
#1545 = LINE('',#1546,#1547);
#1546 = CARTESIAN_POINT('',(-2.5,1.2,5.E-02));
#1547 = VECTOR('',#1548,1.);
#1548 = DIRECTION('',(0.,0.,1.));
#1549 = PLANE('',#1550);
#1550 = AXIS2_PLACEMENT_3D('',#1551,#1552,#1553);
#1551 = CARTESIAN_POINT('',(-2.5,2.5,0.1));
#1552 = DIRECTION('',(1.,-1.224646799147E-16,0.));
#1553 = DIRECTION('',(-1.224646799147E-16,-1.,0.));
#1554 = ADVANCED_FACE('',(#1555),#1566,.F.);
#1555 = FACE_BOUND('',#1556,.F.);
#1556 = EDGE_LOOP('',(#1557,#1558,#1559,#1560));
#1557 = ORIENTED_EDGE('',*,*,#1303,.T.);
#1558 = ORIENTED_EDGE('',*,*,#1190,.T.);
#1559 = ORIENTED_EDGE('',*,*,#1434,.F.);
#1560 = ORIENTED_EDGE('',*,*,#1561,.F.);
#1561 = EDGE_CURVE('',#1304,#1435,#1562,.T.);
#1562 = LINE('',#1563,#1564);
#1563 = CARTESIAN_POINT('',(2.5,2.5,0.1));
#1564 = VECTOR('',#1565,1.);
#1565 = DIRECTION('',(-1.,1.224646799147E-16,0.));
#1566 = PLANE('',#1567);
#1567 = AXIS2_PLACEMENT_3D('',#1568,#1569,#1570);
#1568 = CARTESIAN_POINT('',(2.5,2.5,0.1));
#1569 = DIRECTION('',(-1.224646799147E-16,-1.,0.));
#1570 = DIRECTION('',(-1.,1.224646799147E-16,0.));
#1571 = ADVANCED_FACE('',(#1572),#1575,.T.);
#1572 = FACE_BOUND('',#1573,.T.);
#1573 = EDGE_LOOP('',(#1574));
#1574 = ORIENTED_EDGE('',*,*,#1217,.T.);
#1575 = PLANE('',#1576);
#1576 = AXIS2_PLACEMENT_3D('',#1577,#1578,#1579);
#1577 = CARTESIAN_POINT('',(1.538370149107E-16,-1.370800865949E-16,1.225
    ));
#1578 = DIRECTION('',(0.,0.,1.));
#1579 = DIRECTION('',(-1.,1.224646799147E-16,0.));
#1580 = ADVANCED_FACE('',(#1581),#1586,.T.);
#1581 = FACE_BOUND('',#1582,.T.);
#1582 = EDGE_LOOP('',(#1583,#1584,#1585));
#1583 = ORIENTED_EDGE('',*,*,#1350,.T.);
#1584 = ORIENTED_EDGE('',*,*,#1240,.T.);
#1585 = ORIENTED_EDGE('',*,*,#1264,.T.);
#1586 = PLANE('',#1587);
#1587 = AXIS2_PLACEMENT_3D('',#1588,#1589,#1590);
#1588 = CARTESIAN_POINT('',(3.75,-3.75,1.3));
#1589 = DIRECTION('',(0.,0.,1.));
#1590 = DIRECTION('',(-0.707106781187,-0.707106781187,0.));
#1591 = ADVANCED_FACE('',(#1592),#1754,.F.);
#1592 = FACE_BOUND('',#1593,.F.);
#1593 = EDGE_LOOP('',(#1594,#1595,#1596,#1597,#1605,#1613,#1621,#1629,
    #1635,#1636,#1644,#1652,#1660,#1668,#1674,#1675,#1676,#1677,#1685,
    #1693,#1701,#1709,#1715,#1716,#1724,#1732,#1740,#1748));
#1594 = ORIENTED_EDGE('',*,*,#1311,.T.);
#1595 = ORIENTED_EDGE('',*,*,#1561,.T.);
#1596 = ORIENTED_EDGE('',*,*,#1476,.T.);
#1597 = ORIENTED_EDGE('',*,*,#1598,.F.);
#1598 = EDGE_CURVE('',#1599,#1469,#1601,.T.);
#1599 = VERTEX_POINT('',#1600);
#1600 = CARTESIAN_POINT('',(-1.95,2.1,0.1));
#1601 = LINE('',#1602,#1603);
#1602 = CARTESIAN_POINT('',(-2.025,2.1,0.1));
#1603 = VECTOR('',#1604,1.);
#1604 = DIRECTION('',(-1.,1.224646799147E-16,-4.996063166392E-32));
#1605 = ORIENTED_EDGE('',*,*,#1606,.T.);
#1606 = EDGE_CURVE('',#1599,#1607,#1609,.T.);
#1607 = VERTEX_POINT('',#1608);
#1608 = CARTESIAN_POINT('',(-1.8,2.1,0.1));
#1609 = LINE('',#1610,#1611);
#1610 = CARTESIAN_POINT('',(-0.9,2.1,0.1));
#1611 = VECTOR('',#1612,1.);
#1612 = DIRECTION('',(1.,-1.224646799147E-16,0.));
#1613 = ORIENTED_EDGE('',*,*,#1614,.T.);
#1614 = EDGE_CURVE('',#1607,#1615,#1617,.T.);
#1615 = VERTEX_POINT('',#1616);
#1616 = CARTESIAN_POINT('',(-1.8,1.2,0.1));
#1617 = LINE('',#1618,#1619);
#1618 = CARTESIAN_POINT('',(-1.8,0.6,0.1));
#1619 = VECTOR('',#1620,1.);
#1620 = DIRECTION('',(-1.224646799147E-16,-1.,0.));
#1621 = ORIENTED_EDGE('',*,*,#1622,.T.);
#1622 = EDGE_CURVE('',#1615,#1623,#1625,.T.);
#1623 = VERTEX_POINT('',#1624);
#1624 = CARTESIAN_POINT('',(-1.95,1.2,0.1));
#1625 = LINE('',#1626,#1627);
#1626 = CARTESIAN_POINT('',(-1.35,1.2,0.1));
#1627 = VECTOR('',#1628,1.);
#1628 = DIRECTION('',(-1.,1.224646799147E-16,0.));
#1629 = ORIENTED_EDGE('',*,*,#1630,.F.);
#1630 = EDGE_CURVE('',#1461,#1623,#1631,.T.);
#1631 = LINE('',#1632,#1633);
#1632 = CARTESIAN_POINT('',(-2.475,1.2,0.1));
#1633 = VECTOR('',#1634,1.);
#1634 = DIRECTION('',(1.,-1.224646799147E-16,4.996063166392E-32));
#1635 = ORIENTED_EDGE('',*,*,#1460,.T.);
#1636 = ORIENTED_EDGE('',*,*,#1637,.F.);
#1637 = EDGE_CURVE('',#1638,#1453,#1640,.T.);
#1638 = VERTEX_POINT('',#1639);
#1639 = CARTESIAN_POINT('',(-1.95,-1.2,0.1));
#1640 = LINE('',#1641,#1642);
#1641 = CARTESIAN_POINT('',(-2.025,-1.2,0.1));
#1642 = VECTOR('',#1643,1.);
#1643 = DIRECTION('',(-1.,1.224646799147E-16,-4.996063166392E-32));
#1644 = ORIENTED_EDGE('',*,*,#1645,.T.);
#1645 = EDGE_CURVE('',#1638,#1646,#1648,.T.);
#1646 = VERTEX_POINT('',#1647);
#1647 = CARTESIAN_POINT('',(-1.8,-1.2,0.1));
#1648 = LINE('',#1649,#1650);
#1649 = CARTESIAN_POINT('',(-0.9,-1.2,0.1));
#1650 = VECTOR('',#1651,1.);
#1651 = DIRECTION('',(1.,-1.224646799147E-16,0.));
#1652 = ORIENTED_EDGE('',*,*,#1653,.T.);
#1653 = EDGE_CURVE('',#1646,#1654,#1656,.T.);
#1654 = VERTEX_POINT('',#1655);
#1655 = CARTESIAN_POINT('',(-1.8,-2.1,0.1));
#1656 = LINE('',#1657,#1658);
#1657 = CARTESIAN_POINT('',(-1.8,-1.05,0.1));
#1658 = VECTOR('',#1659,1.);
#1659 = DIRECTION('',(-1.224646799147E-16,-1.,0.));
#1660 = ORIENTED_EDGE('',*,*,#1661,.T.);
#1661 = EDGE_CURVE('',#1654,#1662,#1664,.T.);
#1662 = VERTEX_POINT('',#1663);
#1663 = CARTESIAN_POINT('',(-1.95,-2.1,0.1));
#1664 = LINE('',#1665,#1666);
#1665 = CARTESIAN_POINT('',(-1.35,-2.1,0.1));
#1666 = VECTOR('',#1667,1.);
#1667 = DIRECTION('',(-1.,1.224646799147E-16,0.));
#1668 = ORIENTED_EDGE('',*,*,#1669,.F.);
#1669 = EDGE_CURVE('',#1445,#1662,#1670,.T.);
#1670 = LINE('',#1671,#1672);
#1671 = CARTESIAN_POINT('',(-2.475,-2.1,0.1));
#1672 = VECTOR('',#1673,1.);
#1673 = DIRECTION('',(1.,-1.224646799147E-16,4.996063166392E-32));
#1674 = ORIENTED_EDGE('',*,*,#1444,.T.);
#1675 = ORIENTED_EDGE('',*,*,#1280,.T.);
#1676 = ORIENTED_EDGE('',*,*,#1343,.T.);
#1677 = ORIENTED_EDGE('',*,*,#1678,.F.);
#1678 = EDGE_CURVE('',#1679,#1336,#1681,.T.);
#1679 = VERTEX_POINT('',#1680);
#1680 = CARTESIAN_POINT('',(1.95,-2.1,0.1));
#1681 = LINE('',#1682,#1683);
#1682 = CARTESIAN_POINT('',(2.025,-2.1,0.1));
#1683 = VECTOR('',#1684,1.);
#1684 = DIRECTION('',(1.,-1.224646799147E-16,-4.996063166392E-32));
#1685 = ORIENTED_EDGE('',*,*,#1686,.T.);
#1686 = EDGE_CURVE('',#1679,#1687,#1689,.T.);
#1687 = VERTEX_POINT('',#1688);
#1688 = CARTESIAN_POINT('',(1.8,-2.1,0.1));
#1689 = LINE('',#1690,#1691);
#1690 = CARTESIAN_POINT('',(0.9,-2.1,0.1));
#1691 = VECTOR('',#1692,1.);
#1692 = DIRECTION('',(-1.,1.224646799147E-16,0.));
#1693 = ORIENTED_EDGE('',*,*,#1694,.T.);
#1694 = EDGE_CURVE('',#1687,#1695,#1697,.T.);
#1695 = VERTEX_POINT('',#1696);
#1696 = CARTESIAN_POINT('',(1.8,-1.2,0.1));
#1697 = LINE('',#1698,#1699);
#1698 = CARTESIAN_POINT('',(1.8,-0.6,0.1));
#1699 = VECTOR('',#1700,1.);
#1700 = DIRECTION('',(1.224646799147E-16,1.,0.));
#1701 = ORIENTED_EDGE('',*,*,#1702,.T.);
#1702 = EDGE_CURVE('',#1695,#1703,#1705,.T.);
#1703 = VERTEX_POINT('',#1704);
#1704 = CARTESIAN_POINT('',(1.95,-1.2,0.1));
#1705 = LINE('',#1706,#1707);
#1706 = CARTESIAN_POINT('',(1.35,-1.2,0.1));
#1707 = VECTOR('',#1708,1.);
#1708 = DIRECTION('',(1.,-1.224646799147E-16,0.));
#1709 = ORIENTED_EDGE('',*,*,#1710,.F.);
#1710 = EDGE_CURVE('',#1328,#1703,#1711,.T.);
#1711 = LINE('',#1712,#1713);
#1712 = CARTESIAN_POINT('',(2.475,-1.2,0.1));
#1713 = VECTOR('',#1714,1.);
#1714 = DIRECTION('',(-1.,1.224646799147E-16,4.996063166392E-32));
#1715 = ORIENTED_EDGE('',*,*,#1327,.T.);
#1716 = ORIENTED_EDGE('',*,*,#1717,.F.);
#1717 = EDGE_CURVE('',#1718,#1320,#1720,.T.);
#1718 = VERTEX_POINT('',#1719);
#1719 = CARTESIAN_POINT('',(1.95,1.2,0.1));
#1720 = LINE('',#1721,#1722);
#1721 = CARTESIAN_POINT('',(2.025,1.2,0.1));
#1722 = VECTOR('',#1723,1.);
#1723 = DIRECTION('',(1.,-1.224646799147E-16,-4.996063166392E-32));
#1724 = ORIENTED_EDGE('',*,*,#1725,.T.);
#1725 = EDGE_CURVE('',#1718,#1726,#1728,.T.);
#1726 = VERTEX_POINT('',#1727);
#1727 = CARTESIAN_POINT('',(1.8,1.2,0.1));
#1728 = LINE('',#1729,#1730);
#1729 = CARTESIAN_POINT('',(0.9,1.2,0.1));
#1730 = VECTOR('',#1731,1.);
#1731 = DIRECTION('',(-1.,1.224646799147E-16,0.));
#1732 = ORIENTED_EDGE('',*,*,#1733,.T.);
#1733 = EDGE_CURVE('',#1726,#1734,#1736,.T.);
#1734 = VERTEX_POINT('',#1735);
#1735 = CARTESIAN_POINT('',(1.8,2.1,0.1));
#1736 = LINE('',#1737,#1738);
#1737 = CARTESIAN_POINT('',(1.8,1.05,0.1));
#1738 = VECTOR('',#1739,1.);
#1739 = DIRECTION('',(1.224646799147E-16,1.,0.));
#1740 = ORIENTED_EDGE('',*,*,#1741,.T.);
#1741 = EDGE_CURVE('',#1734,#1742,#1744,.T.);
#1742 = VERTEX_POINT('',#1743);
#1743 = CARTESIAN_POINT('',(1.95,2.1,0.1));
#1744 = LINE('',#1745,#1746);
#1745 = CARTESIAN_POINT('',(1.35,2.1,0.1));
#1746 = VECTOR('',#1747,1.);
#1747 = DIRECTION('',(1.,-1.224646799147E-16,0.));
#1748 = ORIENTED_EDGE('',*,*,#1749,.F.);
#1749 = EDGE_CURVE('',#1312,#1742,#1750,.T.);
#1750 = LINE('',#1751,#1752);
#1751 = CARTESIAN_POINT('',(2.475,2.1,0.1));
#1752 = VECTOR('',#1753,1.);
#1753 = DIRECTION('',(-1.,1.224646799147E-16,4.996063166392E-32));
#1754 = PLANE('',#1755);
#1755 = AXIS2_PLACEMENT_3D('',#1756,#1757,#1758);
#1756 = CARTESIAN_POINT('',(0.,0.,0.1));
#1757 = DIRECTION('',(0.,0.,1.));
#1758 = DIRECTION('',(-1.,1.224646799147E-16,0.));
#1759 = ADVANCED_FACE('',(#1760),#1785,.T.);
#1760 = FACE_BOUND('',#1761,.T.);
#1761 = EDGE_LOOP('',(#1762,#1772,#1778,#1779));
#1762 = ORIENTED_EDGE('',*,*,#1763,.T.);
#1763 = EDGE_CURVE('',#1764,#1766,#1768,.T.);
#1764 = VERTEX_POINT('',#1765);
#1765 = CARTESIAN_POINT('',(2.55,1.2,0.1));
#1766 = VERTEX_POINT('',#1767);
#1767 = CARTESIAN_POINT('',(2.55,2.1,0.1));
#1768 = LINE('',#1769,#1770);
#1769 = CARTESIAN_POINT('',(2.55,1.1,0.1));
#1770 = VECTOR('',#1771,1.);
#1771 = DIRECTION('',(1.224646799147E-16,1.,0.));
#1772 = ORIENTED_EDGE('',*,*,#1773,.T.);
#1773 = EDGE_CURVE('',#1766,#1312,#1774,.T.);
#1774 = LINE('',#1775,#1776);
#1775 = CARTESIAN_POINT('',(2.475,2.1,0.1));
#1776 = VECTOR('',#1777,1.);
#1777 = DIRECTION('',(-1.,1.224646799147E-16,4.996063166392E-32));
#1778 = ORIENTED_EDGE('',*,*,#1319,.F.);
#1779 = ORIENTED_EDGE('',*,*,#1780,.T.);
#1780 = EDGE_CURVE('',#1320,#1764,#1781,.T.);
#1781 = LINE('',#1782,#1783);
#1782 = CARTESIAN_POINT('',(2.025,1.2,0.1));
#1783 = VECTOR('',#1784,1.);
#1784 = DIRECTION('',(1.,-1.224646799147E-16,-4.996063166392E-32));
#1785 = PLANE('',#1786);
#1786 = AXIS2_PLACEMENT_3D('',#1787,#1788,#1789);
#1787 = CARTESIAN_POINT('',(2.25,1.65,0.1));
#1788 = DIRECTION('',(4.996063166392E-32,1.556307025767E-32,1.));
#1789 = DIRECTION('',(-1.,1.224646799147E-16,4.996063166392E-32));
#1790 = ADVANCED_FACE('',(#1791),#1816,.T.);
#1791 = FACE_BOUND('',#1792,.T.);
#1792 = EDGE_LOOP('',(#1793,#1803,#1809,#1810));
#1793 = ORIENTED_EDGE('',*,*,#1794,.T.);
#1794 = EDGE_CURVE('',#1795,#1797,#1799,.T.);
#1795 = VERTEX_POINT('',#1796);
#1796 = CARTESIAN_POINT('',(2.55,-2.1,0.1));
#1797 = VERTEX_POINT('',#1798);
#1798 = CARTESIAN_POINT('',(2.55,-1.2,0.1));
#1799 = LINE('',#1800,#1801);
#1800 = CARTESIAN_POINT('',(2.55,-2.2,0.1));
#1801 = VECTOR('',#1802,1.);
#1802 = DIRECTION('',(1.224646799147E-16,1.,0.));
#1803 = ORIENTED_EDGE('',*,*,#1804,.T.);
#1804 = EDGE_CURVE('',#1797,#1328,#1805,.T.);
#1805 = LINE('',#1806,#1807);
#1806 = CARTESIAN_POINT('',(2.475,-1.2,0.1));
#1807 = VECTOR('',#1808,1.);
#1808 = DIRECTION('',(-1.,1.224646799147E-16,4.996063166392E-32));
#1809 = ORIENTED_EDGE('',*,*,#1335,.F.);
#1810 = ORIENTED_EDGE('',*,*,#1811,.T.);
#1811 = EDGE_CURVE('',#1336,#1795,#1812,.T.);
#1812 = LINE('',#1813,#1814);
#1813 = CARTESIAN_POINT('',(2.025,-2.1,0.1));
#1814 = VECTOR('',#1815,1.);
#1815 = DIRECTION('',(1.,-1.224646799147E-16,-4.996063166392E-32));
#1816 = PLANE('',#1817);
#1817 = AXIS2_PLACEMENT_3D('',#1818,#1819,#1820);
#1818 = CARTESIAN_POINT('',(2.25,-1.65,0.1));
#1819 = DIRECTION('',(4.996063166392E-32,3.890767564419E-33,1.));
#1820 = DIRECTION('',(-1.,1.224646799147E-16,4.996063166392E-32));
#1821 = ADVANCED_FACE('',(#1822),#1847,.F.);
#1822 = FACE_BOUND('',#1823,.F.);
#1823 = EDGE_LOOP('',(#1824,#1834,#1840,#1841));
#1824 = ORIENTED_EDGE('',*,*,#1825,.T.);
#1825 = EDGE_CURVE('',#1826,#1828,#1830,.T.);
#1826 = VERTEX_POINT('',#1827);
#1827 = CARTESIAN_POINT('',(2.55,1.2,0.9));
#1828 = VERTEX_POINT('',#1829);
#1829 = CARTESIAN_POINT('',(2.55,2.1,0.9));
#1830 = LINE('',#1831,#1832);
#1831 = CARTESIAN_POINT('',(2.55,1.1,0.9));
#1832 = VECTOR('',#1833,1.);
#1833 = DIRECTION('',(1.224646799147E-16,1.,0.));
#1834 = ORIENTED_EDGE('',*,*,#1835,.T.);
#1835 = EDGE_CURVE('',#1828,#1363,#1836,.T.);
#1836 = LINE('',#1837,#1838);
#1837 = CARTESIAN_POINT('',(2.475,2.1,0.9));
#1838 = VECTOR('',#1839,1.);
#1839 = DIRECTION('',(-1.,1.224646799147E-16,4.996063166392E-32));
#1840 = ORIENTED_EDGE('',*,*,#1360,.F.);
#1841 = ORIENTED_EDGE('',*,*,#1842,.T.);
#1842 = EDGE_CURVE('',#1361,#1826,#1843,.T.);
#1843 = LINE('',#1844,#1845);
#1844 = CARTESIAN_POINT('',(2.025,1.2,0.9));
#1845 = VECTOR('',#1846,1.);
#1846 = DIRECTION('',(1.,-1.224646799147E-16,-4.996063166392E-32));
#1847 = PLANE('',#1848);
#1848 = AXIS2_PLACEMENT_3D('',#1849,#1850,#1851);
#1849 = CARTESIAN_POINT('',(2.25,1.65,0.9));
#1850 = DIRECTION('',(4.996063166392E-32,1.556307025767E-32,1.));
#1851 = DIRECTION('',(-1.,1.224646799147E-16,4.996063166392E-32));
#1852 = ADVANCED_FACE('',(#1853),#1932,.F.);
#1853 = FACE_BOUND('',#1854,.F.);
#1854 = EDGE_LOOP('',(#1855,#1865,#1874,#1882,#1888,#1889,#1890,#1891,
    #1900,#1908,#1915,#1916,#1917,#1925));
#1855 = ORIENTED_EDGE('',*,*,#1856,.F.);
#1856 = EDGE_CURVE('',#1857,#1859,#1861,.T.);
#1857 = VERTEX_POINT('',#1858);
#1858 = CARTESIAN_POINT('',(2.7,1.2,5.E-02));
#1859 = VERTEX_POINT('',#1860);
#1860 = CARTESIAN_POINT('',(2.7,1.2,0.95));
#1861 = LINE('',#1862,#1863);
#1862 = CARTESIAN_POINT('',(2.7,1.2,0.));
#1863 = VECTOR('',#1864,1.);
#1864 = DIRECTION('',(0.,0.,1.));
#1865 = ORIENTED_EDGE('',*,*,#1866,.T.);
#1866 = EDGE_CURVE('',#1857,#1867,#1869,.T.);
#1867 = VERTEX_POINT('',#1868);
#1868 = CARTESIAN_POINT('',(2.65,1.2,-6.938893903907E-18));
#1869 = CIRCLE('',#1870,5.E-02);
#1870 = AXIS2_PLACEMENT_3D('',#1871,#1872,#1873);
#1871 = CARTESIAN_POINT('',(2.65,1.2,5.E-02));
#1872 = DIRECTION('',(1.224646799147E-16,1.,0.));
#1873 = DIRECTION('',(0.,0.,-1.));
#1874 = ORIENTED_EDGE('',*,*,#1875,.F.);
#1875 = EDGE_CURVE('',#1876,#1867,#1878,.T.);
#1876 = VERTEX_POINT('',#1877);
#1877 = CARTESIAN_POINT('',(1.8,1.2,0.));
#1878 = LINE('',#1879,#1880);
#1879 = CARTESIAN_POINT('',(1.8,1.2,0.));
#1880 = VECTOR('',#1881,1.);
#1881 = DIRECTION('',(1.,-1.224646799147E-16,0.));
#1882 = ORIENTED_EDGE('',*,*,#1883,.T.);
#1883 = EDGE_CURVE('',#1876,#1726,#1884,.T.);
#1884 = LINE('',#1885,#1886);
#1885 = CARTESIAN_POINT('',(1.8,1.2,0.));
#1886 = VECTOR('',#1887,1.);
#1887 = DIRECTION('',(0.,0.,1.));
#1888 = ORIENTED_EDGE('',*,*,#1725,.F.);
#1889 = ORIENTED_EDGE('',*,*,#1717,.T.);
#1890 = ORIENTED_EDGE('',*,*,#1780,.T.);
#1891 = ORIENTED_EDGE('',*,*,#1892,.F.);
#1892 = EDGE_CURVE('',#1893,#1764,#1895,.T.);
#1893 = VERTEX_POINT('',#1894);
#1894 = CARTESIAN_POINT('',(2.6,1.2,0.15));
#1895 = CIRCLE('',#1896,5.E-02);
#1896 = AXIS2_PLACEMENT_3D('',#1897,#1898,#1899);
#1897 = CARTESIAN_POINT('',(2.55,1.2,0.15));
#1898 = DIRECTION('',(1.224646799147E-16,1.,0.));
#1899 = DIRECTION('',(1.,-1.224646799147E-16,0.));
#1900 = ORIENTED_EDGE('',*,*,#1901,.T.);
#1901 = EDGE_CURVE('',#1893,#1902,#1904,.T.);
#1902 = VERTEX_POINT('',#1903);
#1903 = CARTESIAN_POINT('',(2.6,1.2,0.85));
#1904 = LINE('',#1905,#1906);
#1905 = CARTESIAN_POINT('',(2.6,1.2,5.E-02));
#1906 = VECTOR('',#1907,1.);
#1907 = DIRECTION('',(0.,0.,1.));
#1908 = ORIENTED_EDGE('',*,*,#1909,.F.);
#1909 = EDGE_CURVE('',#1826,#1902,#1910,.T.);
#1910 = CIRCLE('',#1911,5.E-02);
#1911 = AXIS2_PLACEMENT_3D('',#1912,#1913,#1914);
#1912 = CARTESIAN_POINT('',(2.55,1.2,0.85));
#1913 = DIRECTION('',(1.224646799147E-16,1.,0.));
#1914 = DIRECTION('',(1.,-1.224646799147E-16,0.));
#1915 = ORIENTED_EDGE('',*,*,#1842,.F.);
#1916 = ORIENTED_EDGE('',*,*,#1386,.F.);
#1917 = ORIENTED_EDGE('',*,*,#1918,.T.);
#1918 = EDGE_CURVE('',#1379,#1919,#1921,.T.);
#1919 = VERTEX_POINT('',#1920);
#1920 = CARTESIAN_POINT('',(2.65,1.2,1.));
#1921 = LINE('',#1922,#1923);
#1922 = CARTESIAN_POINT('',(1.8,1.2,1.));
#1923 = VECTOR('',#1924,1.);
#1924 = DIRECTION('',(1.,-1.224646799147E-16,0.));
#1925 = ORIENTED_EDGE('',*,*,#1926,.F.);
#1926 = EDGE_CURVE('',#1859,#1919,#1927,.T.);
#1927 = CIRCLE('',#1928,5.E-02);
#1928 = AXIS2_PLACEMENT_3D('',#1929,#1930,#1931);
#1929 = CARTESIAN_POINT('',(2.65,1.2,0.95));
#1930 = DIRECTION('',(-1.224646799147E-16,-1.,0.));
#1931 = DIRECTION('',(-0.,0.,-1.));
#1932 = PLANE('',#1933);
#1933 = AXIS2_PLACEMENT_3D('',#1934,#1935,#1936);
#1934 = CARTESIAN_POINT('',(1.8,1.2,0.));
#1935 = DIRECTION('',(1.224646799147E-16,1.,0.));
#1936 = DIRECTION('',(1.,-1.224646799147E-16,0.));
#1937 = ADVANCED_FACE('',(#1938),#1956,.T.);
#1938 = FACE_BOUND('',#1939,.T.);
#1939 = EDGE_LOOP('',(#1940,#1948,#1954,#1955));
#1940 = ORIENTED_EDGE('',*,*,#1941,.T.);
#1941 = EDGE_CURVE('',#1919,#1942,#1944,.T.);
#1942 = VERTEX_POINT('',#1943);
#1943 = CARTESIAN_POINT('',(2.65,2.1,1.));
#1944 = LINE('',#1945,#1946);
#1945 = CARTESIAN_POINT('',(2.65,1.2,1.));
#1946 = VECTOR('',#1947,1.);
#1947 = DIRECTION('',(1.224646799147E-16,1.,0.));
#1948 = ORIENTED_EDGE('',*,*,#1949,.T.);
#1949 = EDGE_CURVE('',#1942,#1371,#1950,.T.);
#1950 = LINE('',#1951,#1952);
#1951 = CARTESIAN_POINT('',(2.7,2.1,1.));
#1952 = VECTOR('',#1953,1.);
#1953 = DIRECTION('',(-1.,1.224646799147E-16,0.));
#1954 = ORIENTED_EDGE('',*,*,#1378,.F.);
#1955 = ORIENTED_EDGE('',*,*,#1918,.T.);
#1956 = PLANE('',#1957);
#1957 = AXIS2_PLACEMENT_3D('',#1958,#1959,#1960);
#1958 = CARTESIAN_POINT('',(2.25,1.65,1.));
#1959 = DIRECTION('',(0.,0.,1.));
#1960 = DIRECTION('',(-1.,1.224646799147E-16,0.));
#1961 = ADVANCED_FACE('',(#1962),#2034,.F.);
#1962 = FACE_BOUND('',#1963,.F.);
#1963 = EDGE_LOOP('',(#1964,#1975,#1983,#1990,#1991,#1992,#1993,#2002,
    #2010,#2017,#2018,#2019,#2020,#2028));
#1964 = ORIENTED_EDGE('',*,*,#1965,.F.);
#1965 = EDGE_CURVE('',#1966,#1968,#1970,.T.);
#1966 = VERTEX_POINT('',#1967);
#1967 = CARTESIAN_POINT('',(2.7,2.1,5.E-02));
#1968 = VERTEX_POINT('',#1969);
#1969 = CARTESIAN_POINT('',(2.65,2.1,-6.938893903907E-18));
#1970 = CIRCLE('',#1971,5.E-02);
#1971 = AXIS2_PLACEMENT_3D('',#1972,#1973,#1974);
#1972 = CARTESIAN_POINT('',(2.65,2.1,5.E-02));
#1973 = DIRECTION('',(1.224646799147E-16,1.,0.));
#1974 = DIRECTION('',(0.,0.,-1.));
#1975 = ORIENTED_EDGE('',*,*,#1976,.T.);
#1976 = EDGE_CURVE('',#1966,#1977,#1979,.T.);
#1977 = VERTEX_POINT('',#1978);
#1978 = CARTESIAN_POINT('',(2.7,2.1,0.95));
#1979 = LINE('',#1980,#1981);
#1980 = CARTESIAN_POINT('',(2.7,2.1,0.));
#1981 = VECTOR('',#1982,1.);
#1982 = DIRECTION('',(0.,0.,1.));
#1983 = ORIENTED_EDGE('',*,*,#1984,.T.);
#1984 = EDGE_CURVE('',#1977,#1942,#1985,.T.);
#1985 = CIRCLE('',#1986,5.E-02);
#1986 = AXIS2_PLACEMENT_3D('',#1987,#1988,#1989);
#1987 = CARTESIAN_POINT('',(2.65,2.1,0.95));
#1988 = DIRECTION('',(-1.224646799147E-16,-1.,0.));
#1989 = DIRECTION('',(-0.,0.,-1.));
#1990 = ORIENTED_EDGE('',*,*,#1949,.T.);
#1991 = ORIENTED_EDGE('',*,*,#1370,.F.);
#1992 = ORIENTED_EDGE('',*,*,#1835,.F.);
#1993 = ORIENTED_EDGE('',*,*,#1994,.T.);
#1994 = EDGE_CURVE('',#1828,#1995,#1997,.T.);
#1995 = VERTEX_POINT('',#1996);
#1996 = CARTESIAN_POINT('',(2.6,2.1,0.85));
#1997 = CIRCLE('',#1998,5.E-02);
#1998 = AXIS2_PLACEMENT_3D('',#1999,#2000,#2001);
#1999 = CARTESIAN_POINT('',(2.55,2.1,0.85));
#2000 = DIRECTION('',(1.224646799147E-16,1.,0.));
#2001 = DIRECTION('',(1.,-1.224646799147E-16,0.));
#2002 = ORIENTED_EDGE('',*,*,#2003,.T.);
#2003 = EDGE_CURVE('',#1995,#2004,#2006,.T.);
#2004 = VERTEX_POINT('',#2005);
#2005 = CARTESIAN_POINT('',(2.6,2.1,0.15));
#2006 = LINE('',#2007,#2008);
#2007 = CARTESIAN_POINT('',(2.6,2.1,5.E-02));
#2008 = VECTOR('',#2009,1.);
#2009 = DIRECTION('',(0.,-0.,-1.));
#2010 = ORIENTED_EDGE('',*,*,#2011,.T.);
#2011 = EDGE_CURVE('',#2004,#1766,#2012,.T.);
#2012 = CIRCLE('',#2013,5.E-02);
#2013 = AXIS2_PLACEMENT_3D('',#2014,#2015,#2016);
#2014 = CARTESIAN_POINT('',(2.55,2.1,0.15));
#2015 = DIRECTION('',(1.224646799147E-16,1.,0.));
#2016 = DIRECTION('',(1.,-1.224646799147E-16,0.));
#2017 = ORIENTED_EDGE('',*,*,#1773,.T.);
#2018 = ORIENTED_EDGE('',*,*,#1749,.T.);
#2019 = ORIENTED_EDGE('',*,*,#1741,.F.);
#2020 = ORIENTED_EDGE('',*,*,#2021,.F.);
#2021 = EDGE_CURVE('',#2022,#1734,#2024,.T.);
#2022 = VERTEX_POINT('',#2023);
#2023 = CARTESIAN_POINT('',(1.8,2.1,0.));
#2024 = LINE('',#2025,#2026);
#2025 = CARTESIAN_POINT('',(1.8,2.1,0.));
#2026 = VECTOR('',#2027,1.);
#2027 = DIRECTION('',(0.,0.,1.));
#2028 = ORIENTED_EDGE('',*,*,#2029,.F.);
#2029 = EDGE_CURVE('',#1968,#2022,#2030,.T.);
#2030 = LINE('',#2031,#2032);
#2031 = CARTESIAN_POINT('',(2.7,2.1,0.));
#2032 = VECTOR('',#2033,1.);
#2033 = DIRECTION('',(-1.,1.224646799147E-16,0.));
#2034 = PLANE('',#2035);
#2035 = AXIS2_PLACEMENT_3D('',#2036,#2037,#2038);
#2036 = CARTESIAN_POINT('',(2.7,2.1,0.));
#2037 = DIRECTION('',(-1.224646799147E-16,-1.,0.));
#2038 = DIRECTION('',(-1.,1.224646799147E-16,0.));
#2039 = ADVANCED_FACE('',(#2040),#2065,.T.);
#2040 = FACE_BOUND('',#2041,.T.);
#2041 = EDGE_LOOP('',(#2042,#2052,#2058,#2059));
#2042 = ORIENTED_EDGE('',*,*,#2043,.T.);
#2043 = EDGE_CURVE('',#2044,#2046,#2048,.T.);
#2044 = VERTEX_POINT('',#2045);
#2045 = CARTESIAN_POINT('',(2.65,-2.1,1.));
#2046 = VERTEX_POINT('',#2047);
#2047 = CARTESIAN_POINT('',(2.65,-1.2,1.));
#2048 = LINE('',#2049,#2050);
#2049 = CARTESIAN_POINT('',(2.65,-2.1,1.));
#2050 = VECTOR('',#2051,1.);
#2051 = DIRECTION('',(1.224646799147E-16,1.,0.));
#2052 = ORIENTED_EDGE('',*,*,#2053,.T.);
#2053 = EDGE_CURVE('',#2046,#1397,#2054,.T.);
#2054 = LINE('',#2055,#2056);
#2055 = CARTESIAN_POINT('',(2.7,-1.2,1.));
#2056 = VECTOR('',#2057,1.);
#2057 = DIRECTION('',(-1.,1.224646799147E-16,0.));
#2058 = ORIENTED_EDGE('',*,*,#1394,.F.);
#2059 = ORIENTED_EDGE('',*,*,#2060,.T.);
#2060 = EDGE_CURVE('',#1395,#2044,#2061,.T.);
#2061 = LINE('',#2062,#2063);
#2062 = CARTESIAN_POINT('',(1.8,-2.1,1.));
#2063 = VECTOR('',#2064,1.);
#2064 = DIRECTION('',(1.,-1.224646799147E-16,0.));
#2065 = PLANE('',#2066);
#2066 = AXIS2_PLACEMENT_3D('',#2067,#2068,#2069);
#2067 = CARTESIAN_POINT('',(2.25,-1.65,1.));
#2068 = DIRECTION('',(0.,0.,1.));
#2069 = DIRECTION('',(-1.,1.224646799147E-16,0.));
#2070 = ADVANCED_FACE('',(#2071),#2150,.F.);
#2071 = FACE_BOUND('',#2072,.F.);
#2072 = EDGE_LOOP('',(#2073,#2084,#2092,#2099,#2100,#2101,#2109,#2118,
    #2126,#2133,#2134,#2135,#2136,#2144));
#2073 = ORIENTED_EDGE('',*,*,#2074,.F.);
#2074 = EDGE_CURVE('',#2075,#2077,#2079,.T.);
#2075 = VERTEX_POINT('',#2076);
#2076 = CARTESIAN_POINT('',(2.7,-1.2,5.E-02));
#2077 = VERTEX_POINT('',#2078);
#2078 = CARTESIAN_POINT('',(2.65,-1.2,-6.938893903907E-18));
#2079 = CIRCLE('',#2080,5.E-02);
#2080 = AXIS2_PLACEMENT_3D('',#2081,#2082,#2083);
#2081 = CARTESIAN_POINT('',(2.65,-1.2,5.E-02));
#2082 = DIRECTION('',(1.224646799147E-16,1.,0.));
#2083 = DIRECTION('',(0.,0.,-1.));
#2084 = ORIENTED_EDGE('',*,*,#2085,.T.);
#2085 = EDGE_CURVE('',#2075,#2086,#2088,.T.);
#2086 = VERTEX_POINT('',#2087);
#2087 = CARTESIAN_POINT('',(2.7,-1.2,0.95));
#2088 = LINE('',#2089,#2090);
#2089 = CARTESIAN_POINT('',(2.7,-1.2,0.));
#2090 = VECTOR('',#2091,1.);
#2091 = DIRECTION('',(0.,0.,1.));
#2092 = ORIENTED_EDGE('',*,*,#2093,.T.);
#2093 = EDGE_CURVE('',#2086,#2046,#2094,.T.);
#2094 = CIRCLE('',#2095,5.E-02);
#2095 = AXIS2_PLACEMENT_3D('',#2096,#2097,#2098);
#2096 = CARTESIAN_POINT('',(2.65,-1.2,0.95));
#2097 = DIRECTION('',(-1.224646799147E-16,-1.,0.));
#2098 = DIRECTION('',(-0.,0.,-1.));
#2099 = ORIENTED_EDGE('',*,*,#2053,.T.);
#2100 = ORIENTED_EDGE('',*,*,#1420,.F.);
#2101 = ORIENTED_EDGE('',*,*,#2102,.F.);
#2102 = EDGE_CURVE('',#2103,#1413,#2105,.T.);
#2103 = VERTEX_POINT('',#2104);
#2104 = CARTESIAN_POINT('',(2.55,-1.2,0.9));
#2105 = LINE('',#2106,#2107);
#2106 = CARTESIAN_POINT('',(2.475,-1.2,0.9));
#2107 = VECTOR('',#2108,1.);
#2108 = DIRECTION('',(-1.,1.224646799147E-16,4.996063166392E-32));
#2109 = ORIENTED_EDGE('',*,*,#2110,.T.);
#2110 = EDGE_CURVE('',#2103,#2111,#2113,.T.);
#2111 = VERTEX_POINT('',#2112);
#2112 = CARTESIAN_POINT('',(2.6,-1.2,0.85));
#2113 = CIRCLE('',#2114,5.E-02);
#2114 = AXIS2_PLACEMENT_3D('',#2115,#2116,#2117);
#2115 = CARTESIAN_POINT('',(2.55,-1.2,0.85));
#2116 = DIRECTION('',(1.224646799147E-16,1.,0.));
#2117 = DIRECTION('',(1.,-1.224646799147E-16,0.));
#2118 = ORIENTED_EDGE('',*,*,#2119,.T.);
#2119 = EDGE_CURVE('',#2111,#2120,#2122,.T.);
#2120 = VERTEX_POINT('',#2121);
#2121 = CARTESIAN_POINT('',(2.6,-1.2,0.15));
#2122 = LINE('',#2123,#2124);
#2123 = CARTESIAN_POINT('',(2.6,-1.2,5.E-02));
#2124 = VECTOR('',#2125,1.);
#2125 = DIRECTION('',(0.,-0.,-1.));
#2126 = ORIENTED_EDGE('',*,*,#2127,.T.);
#2127 = EDGE_CURVE('',#2120,#1797,#2128,.T.);
#2128 = CIRCLE('',#2129,5.E-02);
#2129 = AXIS2_PLACEMENT_3D('',#2130,#2131,#2132);
#2130 = CARTESIAN_POINT('',(2.55,-1.2,0.15));
#2131 = DIRECTION('',(1.224646799147E-16,1.,0.));
#2132 = DIRECTION('',(1.,-1.224646799147E-16,0.));
#2133 = ORIENTED_EDGE('',*,*,#1804,.T.);
#2134 = ORIENTED_EDGE('',*,*,#1710,.T.);
#2135 = ORIENTED_EDGE('',*,*,#1702,.F.);
#2136 = ORIENTED_EDGE('',*,*,#2137,.F.);
#2137 = EDGE_CURVE('',#2138,#1695,#2140,.T.);
#2138 = VERTEX_POINT('',#2139);
#2139 = CARTESIAN_POINT('',(1.8,-1.2,0.));
#2140 = LINE('',#2141,#2142);
#2141 = CARTESIAN_POINT('',(1.8,-1.2,0.));
#2142 = VECTOR('',#2143,1.);
#2143 = DIRECTION('',(0.,0.,1.));
#2144 = ORIENTED_EDGE('',*,*,#2145,.F.);
#2145 = EDGE_CURVE('',#2077,#2138,#2146,.T.);
#2146 = LINE('',#2147,#2148);
#2147 = CARTESIAN_POINT('',(2.7,-1.2,0.));
#2148 = VECTOR('',#2149,1.);
#2149 = DIRECTION('',(-1.,1.224646799147E-16,0.));
#2150 = PLANE('',#2151);
#2151 = AXIS2_PLACEMENT_3D('',#2152,#2153,#2154);
#2152 = CARTESIAN_POINT('',(2.7,-1.2,0.));
#2153 = DIRECTION('',(-1.224646799147E-16,-1.,0.));
#2154 = DIRECTION('',(-1.,1.224646799147E-16,0.));
#2155 = ADVANCED_FACE('',(#2156),#2174,.F.);
#2156 = FACE_BOUND('',#2157,.F.);
#2157 = EDGE_LOOP('',(#2158,#2166,#2167,#2168));
#2158 = ORIENTED_EDGE('',*,*,#2159,.T.);
#2159 = EDGE_CURVE('',#2160,#2103,#2162,.T.);
#2160 = VERTEX_POINT('',#2161);
#2161 = CARTESIAN_POINT('',(2.55,-2.1,0.9));
#2162 = LINE('',#2163,#2164);
#2163 = CARTESIAN_POINT('',(2.55,-2.2,0.9));
#2164 = VECTOR('',#2165,1.);
#2165 = DIRECTION('',(1.224646799147E-16,1.,0.));
#2166 = ORIENTED_EDGE('',*,*,#2102,.T.);
#2167 = ORIENTED_EDGE('',*,*,#1412,.F.);
#2168 = ORIENTED_EDGE('',*,*,#2169,.T.);
#2169 = EDGE_CURVE('',#1405,#2160,#2170,.T.);
#2170 = LINE('',#2171,#2172);
#2171 = CARTESIAN_POINT('',(2.025,-2.1,0.9));
#2172 = VECTOR('',#2173,1.);
#2173 = DIRECTION('',(1.,-1.224646799147E-16,-4.996063166392E-32));
#2174 = PLANE('',#2175);
#2175 = AXIS2_PLACEMENT_3D('',#2176,#2177,#2178);
#2176 = CARTESIAN_POINT('',(2.25,-1.65,0.9));
#2177 = DIRECTION('',(4.996063166392E-32,3.890767564419E-33,1.));
#2178 = DIRECTION('',(-1.,1.224646799147E-16,4.996063166392E-32));
#2179 = ADVANCED_FACE('',(#2180),#2252,.F.);
#2180 = FACE_BOUND('',#2181,.F.);
#2181 = EDGE_LOOP('',(#2182,#2192,#2201,#2209,#2215,#2216,#2217,#2218,
    #2227,#2235,#2242,#2243,#2244,#2245));
#2182 = ORIENTED_EDGE('',*,*,#2183,.F.);
#2183 = EDGE_CURVE('',#2184,#2186,#2188,.T.);
#2184 = VERTEX_POINT('',#2185);
#2185 = CARTESIAN_POINT('',(2.7,-2.1,5.E-02));
#2186 = VERTEX_POINT('',#2187);
#2187 = CARTESIAN_POINT('',(2.7,-2.1,0.95));
#2188 = LINE('',#2189,#2190);
#2189 = CARTESIAN_POINT('',(2.7,-2.1,0.));
#2190 = VECTOR('',#2191,1.);
#2191 = DIRECTION('',(0.,0.,1.));
#2192 = ORIENTED_EDGE('',*,*,#2193,.T.);
#2193 = EDGE_CURVE('',#2184,#2194,#2196,.T.);
#2194 = VERTEX_POINT('',#2195);
#2195 = CARTESIAN_POINT('',(2.65,-2.1,-6.938893903907E-18));
#2196 = CIRCLE('',#2197,5.E-02);
#2197 = AXIS2_PLACEMENT_3D('',#2198,#2199,#2200);
#2198 = CARTESIAN_POINT('',(2.65,-2.1,5.E-02));
#2199 = DIRECTION('',(1.224646799147E-16,1.,0.));
#2200 = DIRECTION('',(0.,0.,-1.));
#2201 = ORIENTED_EDGE('',*,*,#2202,.F.);
#2202 = EDGE_CURVE('',#2203,#2194,#2205,.T.);
#2203 = VERTEX_POINT('',#2204);
#2204 = CARTESIAN_POINT('',(1.8,-2.1,0.));
#2205 = LINE('',#2206,#2207);
#2206 = CARTESIAN_POINT('',(1.8,-2.1,0.));
#2207 = VECTOR('',#2208,1.);
#2208 = DIRECTION('',(1.,-1.224646799147E-16,0.));
#2209 = ORIENTED_EDGE('',*,*,#2210,.T.);
#2210 = EDGE_CURVE('',#2203,#1687,#2211,.T.);
#2211 = LINE('',#2212,#2213);
#2212 = CARTESIAN_POINT('',(1.8,-2.1,0.));
#2213 = VECTOR('',#2214,1.);
#2214 = DIRECTION('',(0.,0.,1.));
#2215 = ORIENTED_EDGE('',*,*,#1686,.F.);
#2216 = ORIENTED_EDGE('',*,*,#1678,.T.);
#2217 = ORIENTED_EDGE('',*,*,#1811,.T.);
#2218 = ORIENTED_EDGE('',*,*,#2219,.F.);
#2219 = EDGE_CURVE('',#2220,#1795,#2222,.T.);
#2220 = VERTEX_POINT('',#2221);
#2221 = CARTESIAN_POINT('',(2.6,-2.1,0.15));
#2222 = CIRCLE('',#2223,5.E-02);
#2223 = AXIS2_PLACEMENT_3D('',#2224,#2225,#2226);
#2224 = CARTESIAN_POINT('',(2.55,-2.1,0.15));
#2225 = DIRECTION('',(1.224646799147E-16,1.,0.));
#2226 = DIRECTION('',(1.,-1.224646799147E-16,0.));
#2227 = ORIENTED_EDGE('',*,*,#2228,.T.);
#2228 = EDGE_CURVE('',#2220,#2229,#2231,.T.);
#2229 = VERTEX_POINT('',#2230);
#2230 = CARTESIAN_POINT('',(2.6,-2.1,0.85));
#2231 = LINE('',#2232,#2233);
#2232 = CARTESIAN_POINT('',(2.6,-2.1,5.E-02));
#2233 = VECTOR('',#2234,1.);
#2234 = DIRECTION('',(0.,0.,1.));
#2235 = ORIENTED_EDGE('',*,*,#2236,.F.);
#2236 = EDGE_CURVE('',#2160,#2229,#2237,.T.);
#2237 = CIRCLE('',#2238,5.E-02);
#2238 = AXIS2_PLACEMENT_3D('',#2239,#2240,#2241);
#2239 = CARTESIAN_POINT('',(2.55,-2.1,0.85));
#2240 = DIRECTION('',(1.224646799147E-16,1.,0.));
#2241 = DIRECTION('',(1.,-1.224646799147E-16,0.));
#2242 = ORIENTED_EDGE('',*,*,#2169,.F.);
#2243 = ORIENTED_EDGE('',*,*,#1404,.F.);
#2244 = ORIENTED_EDGE('',*,*,#2060,.T.);
#2245 = ORIENTED_EDGE('',*,*,#2246,.F.);
#2246 = EDGE_CURVE('',#2186,#2044,#2247,.T.);
#2247 = CIRCLE('',#2248,5.E-02);
#2248 = AXIS2_PLACEMENT_3D('',#2249,#2250,#2251);
#2249 = CARTESIAN_POINT('',(2.65,-2.1,0.95));
#2250 = DIRECTION('',(-1.224646799147E-16,-1.,0.));
#2251 = DIRECTION('',(-0.,0.,-1.));
#2252 = PLANE('',#2253);
#2253 = AXIS2_PLACEMENT_3D('',#2254,#2255,#2256);
#2254 = CARTESIAN_POINT('',(1.8,-2.1,0.));
#2255 = DIRECTION('',(1.224646799147E-16,1.,0.));
#2256 = DIRECTION('',(1.,-1.224646799147E-16,0.));
#2257 = ADVANCED_FACE('',(#2258),#2283,.T.);
#2258 = FACE_BOUND('',#2259,.T.);
#2259 = EDGE_LOOP('',(#2260,#2261,#2269,#2277));
#2260 = ORIENTED_EDGE('',*,*,#1468,.F.);
#2261 = ORIENTED_EDGE('',*,*,#2262,.T.);
#2262 = EDGE_CURVE('',#1469,#2263,#2265,.T.);
#2263 = VERTEX_POINT('',#2264);
#2264 = CARTESIAN_POINT('',(-2.55,2.1,0.1));
#2265 = LINE('',#2266,#2267);
#2266 = CARTESIAN_POINT('',(-2.025,2.1,0.1));
#2267 = VECTOR('',#2268,1.);
#2268 = DIRECTION('',(-1.,1.224646799147E-16,-4.996063166392E-32));
#2269 = ORIENTED_EDGE('',*,*,#2270,.T.);
#2270 = EDGE_CURVE('',#2263,#2271,#2273,.T.);
#2271 = VERTEX_POINT('',#2272);
#2272 = CARTESIAN_POINT('',(-2.55,1.2,0.1));
#2273 = LINE('',#2274,#2275);
#2274 = CARTESIAN_POINT('',(-2.55,2.2,0.1));
#2275 = VECTOR('',#2276,1.);
#2276 = DIRECTION('',(-1.224646799147E-16,-1.,0.));
#2277 = ORIENTED_EDGE('',*,*,#2278,.T.);
#2278 = EDGE_CURVE('',#2271,#1461,#2279,.T.);
#2279 = LINE('',#2280,#2281);
#2280 = CARTESIAN_POINT('',(-2.475,1.2,0.1));
#2281 = VECTOR('',#2282,1.);
#2282 = DIRECTION('',(1.,-1.224646799147E-16,4.996063166392E-32));
#2283 = PLANE('',#2284);
#2284 = AXIS2_PLACEMENT_3D('',#2285,#2286,#2287);
#2285 = CARTESIAN_POINT('',(-2.25,1.65,0.1));
#2286 = DIRECTION('',(-4.996063166392E-32,1.556307025767E-32,1.));
#2287 = DIRECTION('',(-1.,1.224646799147E-16,-4.996063166392E-32));
#2288 = ADVANCED_FACE('',(#2289),#2314,.T.);
#2289 = FACE_BOUND('',#2290,.T.);
#2290 = EDGE_LOOP('',(#2291,#2292,#2300,#2308));
#2291 = ORIENTED_EDGE('',*,*,#1452,.F.);
#2292 = ORIENTED_EDGE('',*,*,#2293,.T.);
#2293 = EDGE_CURVE('',#1453,#2294,#2296,.T.);
#2294 = VERTEX_POINT('',#2295);
#2295 = CARTESIAN_POINT('',(-2.55,-1.2,0.1));
#2296 = LINE('',#2297,#2298);
#2297 = CARTESIAN_POINT('',(-2.025,-1.2,0.1));
#2298 = VECTOR('',#2299,1.);
#2299 = DIRECTION('',(-1.,1.224646799147E-16,-4.996063166392E-32));
#2300 = ORIENTED_EDGE('',*,*,#2301,.T.);
#2301 = EDGE_CURVE('',#2294,#2302,#2304,.T.);
#2302 = VERTEX_POINT('',#2303);
#2303 = CARTESIAN_POINT('',(-2.55,-2.1,0.1));
#2304 = LINE('',#2305,#2306);
#2305 = CARTESIAN_POINT('',(-2.55,-1.1,0.1));
#2306 = VECTOR('',#2307,1.);
#2307 = DIRECTION('',(-1.224646799147E-16,-1.,0.));
#2308 = ORIENTED_EDGE('',*,*,#2309,.T.);
#2309 = EDGE_CURVE('',#2302,#1445,#2310,.T.);
#2310 = LINE('',#2311,#2312);
#2311 = CARTESIAN_POINT('',(-2.475,-2.1,0.1));
#2312 = VECTOR('',#2313,1.);
#2313 = DIRECTION('',(1.,-1.224646799147E-16,4.996063166392E-32));
#2314 = PLANE('',#2315);
#2315 = AXIS2_PLACEMENT_3D('',#2316,#2317,#2318);
#2316 = CARTESIAN_POINT('',(-2.25,-1.65,0.1));
#2317 = DIRECTION('',(-4.996063166392E-32,3.890767564419E-33,1.));
#2318 = DIRECTION('',(-1.,1.224646799147E-16,-4.996063166392E-32));
#2319 = ADVANCED_FACE('',(#2320),#2345,.T.);
#2320 = FACE_BOUND('',#2321,.T.);
#2321 = EDGE_LOOP('',(#2322,#2323,#2331,#2339));
#2322 = ORIENTED_EDGE('',*,*,#1484,.F.);
#2323 = ORIENTED_EDGE('',*,*,#2324,.T.);
#2324 = EDGE_CURVE('',#1485,#2325,#2327,.T.);
#2325 = VERTEX_POINT('',#2326);
#2326 = CARTESIAN_POINT('',(-2.65,-1.2,1.));
#2327 = LINE('',#2328,#2329);
#2328 = CARTESIAN_POINT('',(-1.8,-1.2,1.));
#2329 = VECTOR('',#2330,1.);
#2330 = DIRECTION('',(-1.,1.224646799147E-16,0.));
#2331 = ORIENTED_EDGE('',*,*,#2332,.T.);
#2332 = EDGE_CURVE('',#2325,#2333,#2335,.T.);
#2333 = VERTEX_POINT('',#2334);
#2334 = CARTESIAN_POINT('',(-2.65,-2.1,1.));
#2335 = LINE('',#2336,#2337);
#2336 = CARTESIAN_POINT('',(-2.65,-1.2,1.));
#2337 = VECTOR('',#2338,1.);
#2338 = DIRECTION('',(-1.224646799147E-16,-1.,0.));
#2339 = ORIENTED_EDGE('',*,*,#2340,.T.);
#2340 = EDGE_CURVE('',#2333,#1487,#2341,.T.);
#2341 = LINE('',#2342,#2343);
#2342 = CARTESIAN_POINT('',(-2.7,-2.1,1.));
#2343 = VECTOR('',#2344,1.);
#2344 = DIRECTION('',(1.,-1.224646799147E-16,0.));
#2345 = PLANE('',#2346);
#2346 = AXIS2_PLACEMENT_3D('',#2347,#2348,#2349);
#2347 = CARTESIAN_POINT('',(-2.25,-1.65,1.));
#2348 = DIRECTION('',(0.,0.,1.));
#2349 = DIRECTION('',(-1.,1.224646799147E-16,0.));
#2350 = ADVANCED_FACE('',(#2351),#2430,.F.);
#2351 = FACE_BOUND('',#2352,.F.);
#2352 = EDGE_LOOP('',(#2353,#2364,#2372,#2379,#2380,#2381,#2389,#2398,
    #2406,#2413,#2414,#2415,#2416,#2424));
#2353 = ORIENTED_EDGE('',*,*,#2354,.F.);
#2354 = EDGE_CURVE('',#2355,#2357,#2359,.T.);
#2355 = VERTEX_POINT('',#2356);
#2356 = CARTESIAN_POINT('',(-2.7,-2.1,5.E-02));
#2357 = VERTEX_POINT('',#2358);
#2358 = CARTESIAN_POINT('',(-2.65,-2.1,-6.938893903907E-18));
#2359 = CIRCLE('',#2360,5.E-02);
#2360 = AXIS2_PLACEMENT_3D('',#2361,#2362,#2363);
#2361 = CARTESIAN_POINT('',(-2.65,-2.1,5.E-02));
#2362 = DIRECTION('',(-1.224646799147E-16,-1.,0.));
#2363 = DIRECTION('',(0.,0.,1.));
#2364 = ORIENTED_EDGE('',*,*,#2365,.T.);
#2365 = EDGE_CURVE('',#2355,#2366,#2368,.T.);
#2366 = VERTEX_POINT('',#2367);
#2367 = CARTESIAN_POINT('',(-2.7,-2.1,0.95));
#2368 = LINE('',#2369,#2370);
#2369 = CARTESIAN_POINT('',(-2.7,-2.1,0.));
#2370 = VECTOR('',#2371,1.);
#2371 = DIRECTION('',(0.,0.,1.));
#2372 = ORIENTED_EDGE('',*,*,#2373,.F.);
#2373 = EDGE_CURVE('',#2333,#2366,#2374,.T.);
#2374 = CIRCLE('',#2375,5.E-02);
#2375 = AXIS2_PLACEMENT_3D('',#2376,#2377,#2378);
#2376 = CARTESIAN_POINT('',(-2.65,-2.1,0.95));
#2377 = DIRECTION('',(-1.224646799147E-16,-1.,0.));
#2378 = DIRECTION('',(0.,0.,1.));
#2379 = ORIENTED_EDGE('',*,*,#2340,.T.);
#2380 = ORIENTED_EDGE('',*,*,#1510,.F.);
#2381 = ORIENTED_EDGE('',*,*,#2382,.F.);
#2382 = EDGE_CURVE('',#2383,#1503,#2385,.T.);
#2383 = VERTEX_POINT('',#2384);
#2384 = CARTESIAN_POINT('',(-2.55,-2.1,0.9));
#2385 = LINE('',#2386,#2387);
#2386 = CARTESIAN_POINT('',(-2.475,-2.1,0.9));
#2387 = VECTOR('',#2388,1.);
#2388 = DIRECTION('',(1.,-1.224646799147E-16,4.996063166392E-32));
#2389 = ORIENTED_EDGE('',*,*,#2390,.T.);
#2390 = EDGE_CURVE('',#2383,#2391,#2393,.T.);
#2391 = VERTEX_POINT('',#2392);
#2392 = CARTESIAN_POINT('',(-2.6,-2.1,0.85));
#2393 = CIRCLE('',#2394,5.E-02);
#2394 = AXIS2_PLACEMENT_3D('',#2395,#2396,#2397);
#2395 = CARTESIAN_POINT('',(-2.55,-2.1,0.85));
#2396 = DIRECTION('',(-1.224646799147E-16,-1.,0.));
#2397 = DIRECTION('',(-1.,1.224646799147E-16,0.));
#2398 = ORIENTED_EDGE('',*,*,#2399,.T.);
#2399 = EDGE_CURVE('',#2391,#2400,#2402,.T.);
#2400 = VERTEX_POINT('',#2401);
#2401 = CARTESIAN_POINT('',(-2.6,-2.1,0.15));
#2402 = LINE('',#2403,#2404);
#2403 = CARTESIAN_POINT('',(-2.6,-2.1,5.E-02));
#2404 = VECTOR('',#2405,1.);
#2405 = DIRECTION('',(0.,0.,-1.));
#2406 = ORIENTED_EDGE('',*,*,#2407,.T.);
#2407 = EDGE_CURVE('',#2400,#2302,#2408,.T.);
#2408 = CIRCLE('',#2409,5.E-02);
#2409 = AXIS2_PLACEMENT_3D('',#2410,#2411,#2412);
#2410 = CARTESIAN_POINT('',(-2.55,-2.1,0.15));
#2411 = DIRECTION('',(-1.224646799147E-16,-1.,0.));
#2412 = DIRECTION('',(4.996063166392E-32,-6.118412765058E-48,-1.));
#2413 = ORIENTED_EDGE('',*,*,#2309,.T.);
#2414 = ORIENTED_EDGE('',*,*,#1669,.T.);
#2415 = ORIENTED_EDGE('',*,*,#1661,.F.);
#2416 = ORIENTED_EDGE('',*,*,#2417,.F.);
#2417 = EDGE_CURVE('',#2418,#1654,#2420,.T.);
#2418 = VERTEX_POINT('',#2419);
#2419 = CARTESIAN_POINT('',(-1.8,-2.1,0.));
#2420 = LINE('',#2421,#2422);
#2421 = CARTESIAN_POINT('',(-1.8,-2.1,0.));
#2422 = VECTOR('',#2423,1.);
#2423 = DIRECTION('',(0.,0.,1.));
#2424 = ORIENTED_EDGE('',*,*,#2425,.F.);
#2425 = EDGE_CURVE('',#2357,#2418,#2426,.T.);
#2426 = LINE('',#2427,#2428);
#2427 = CARTESIAN_POINT('',(-2.7,-2.1,0.));
#2428 = VECTOR('',#2429,1.);
#2429 = DIRECTION('',(1.,-1.224646799147E-16,0.));
#2430 = PLANE('',#2431);
#2431 = AXIS2_PLACEMENT_3D('',#2432,#2433,#2434);
#2432 = CARTESIAN_POINT('',(-2.7,-2.1,0.));
#2433 = DIRECTION('',(1.224646799147E-16,1.,0.));
#2434 = DIRECTION('',(1.,-1.224646799147E-16,0.));
#2435 = ADVANCED_FACE('',(#2436),#2454,.F.);
#2436 = FACE_BOUND('',#2437,.F.);
#2437 = EDGE_LOOP('',(#2438,#2439,#2447,#2453));
#2438 = ORIENTED_EDGE('',*,*,#1502,.F.);
#2439 = ORIENTED_EDGE('',*,*,#2440,.T.);
#2440 = EDGE_CURVE('',#1495,#2441,#2443,.T.);
#2441 = VERTEX_POINT('',#2442);
#2442 = CARTESIAN_POINT('',(-2.55,-1.2,0.9));
#2443 = LINE('',#2444,#2445);
#2444 = CARTESIAN_POINT('',(-2.025,-1.2,0.9));
#2445 = VECTOR('',#2446,1.);
#2446 = DIRECTION('',(-1.,1.224646799147E-16,-4.996063166392E-32));
#2447 = ORIENTED_EDGE('',*,*,#2448,.T.);
#2448 = EDGE_CURVE('',#2441,#2383,#2449,.T.);
#2449 = LINE('',#2450,#2451);
#2450 = CARTESIAN_POINT('',(-2.55,-1.1,0.9));
#2451 = VECTOR('',#2452,1.);
#2452 = DIRECTION('',(-1.224646799147E-16,-1.,0.));
#2453 = ORIENTED_EDGE('',*,*,#2382,.T.);
#2454 = PLANE('',#2455);
#2455 = AXIS2_PLACEMENT_3D('',#2456,#2457,#2458);
#2456 = CARTESIAN_POINT('',(-2.25,-1.65,0.9));
#2457 = DIRECTION('',(-4.996063166392E-32,3.890767564419E-33,1.));
#2458 = DIRECTION('',(-1.,1.224646799147E-16,-4.996063166392E-32));
#2459 = ADVANCED_FACE('',(#2460),#2532,.F.);
#2460 = FACE_BOUND('',#2461,.F.);
#2461 = EDGE_LOOP('',(#2462,#2472,#2481,#2489,#2495,#2496,#2497,#2498,
    #2507,#2515,#2522,#2523,#2524,#2525));
#2462 = ORIENTED_EDGE('',*,*,#2463,.F.);
#2463 = EDGE_CURVE('',#2464,#2466,#2468,.T.);
#2464 = VERTEX_POINT('',#2465);
#2465 = CARTESIAN_POINT('',(-2.7,-1.2,5.E-02));
#2466 = VERTEX_POINT('',#2467);
#2467 = CARTESIAN_POINT('',(-2.7,-1.2,0.95));
#2468 = LINE('',#2469,#2470);
#2469 = CARTESIAN_POINT('',(-2.7,-1.2,0.));
#2470 = VECTOR('',#2471,1.);
#2471 = DIRECTION('',(0.,0.,1.));
#2472 = ORIENTED_EDGE('',*,*,#2473,.T.);
#2473 = EDGE_CURVE('',#2464,#2474,#2476,.T.);
#2474 = VERTEX_POINT('',#2475);
#2475 = CARTESIAN_POINT('',(-2.65,-1.2,-6.938893903907E-18));
#2476 = CIRCLE('',#2477,5.E-02);
#2477 = AXIS2_PLACEMENT_3D('',#2478,#2479,#2480);
#2478 = CARTESIAN_POINT('',(-2.65,-1.2,5.E-02));
#2479 = DIRECTION('',(-1.224646799147E-16,-1.,0.));
#2480 = DIRECTION('',(0.,0.,1.));
#2481 = ORIENTED_EDGE('',*,*,#2482,.F.);
#2482 = EDGE_CURVE('',#2483,#2474,#2485,.T.);
#2483 = VERTEX_POINT('',#2484);
#2484 = CARTESIAN_POINT('',(-1.8,-1.2,0.));
#2485 = LINE('',#2486,#2487);
#2486 = CARTESIAN_POINT('',(-1.8,-1.2,0.));
#2487 = VECTOR('',#2488,1.);
#2488 = DIRECTION('',(-1.,1.224646799147E-16,0.));
#2489 = ORIENTED_EDGE('',*,*,#2490,.T.);
#2490 = EDGE_CURVE('',#2483,#1646,#2491,.T.);
#2491 = LINE('',#2492,#2493);
#2492 = CARTESIAN_POINT('',(-1.8,-1.2,0.));
#2493 = VECTOR('',#2494,1.);
#2494 = DIRECTION('',(0.,0.,1.));
#2495 = ORIENTED_EDGE('',*,*,#1645,.F.);
#2496 = ORIENTED_EDGE('',*,*,#1637,.T.);
#2497 = ORIENTED_EDGE('',*,*,#2293,.T.);
#2498 = ORIENTED_EDGE('',*,*,#2499,.F.);
#2499 = EDGE_CURVE('',#2500,#2294,#2502,.T.);
#2500 = VERTEX_POINT('',#2501);
#2501 = CARTESIAN_POINT('',(-2.6,-1.2,0.15));
#2502 = CIRCLE('',#2503,5.E-02);
#2503 = AXIS2_PLACEMENT_3D('',#2504,#2505,#2506);
#2504 = CARTESIAN_POINT('',(-2.55,-1.2,0.15));
#2505 = DIRECTION('',(-1.224646799147E-16,-1.,0.));
#2506 = DIRECTION('',(4.996063166392E-32,-6.118412765058E-48,-1.));
#2507 = ORIENTED_EDGE('',*,*,#2508,.T.);
#2508 = EDGE_CURVE('',#2500,#2509,#2511,.T.);
#2509 = VERTEX_POINT('',#2510);
#2510 = CARTESIAN_POINT('',(-2.6,-1.2,0.85));
#2511 = LINE('',#2512,#2513);
#2512 = CARTESIAN_POINT('',(-2.6,-1.2,5.E-02));
#2513 = VECTOR('',#2514,1.);
#2514 = DIRECTION('',(0.,0.,1.));
#2515 = ORIENTED_EDGE('',*,*,#2516,.F.);
#2516 = EDGE_CURVE('',#2441,#2509,#2517,.T.);
#2517 = CIRCLE('',#2518,5.E-02);
#2518 = AXIS2_PLACEMENT_3D('',#2519,#2520,#2521);
#2519 = CARTESIAN_POINT('',(-2.55,-1.2,0.85));
#2520 = DIRECTION('',(-1.224646799147E-16,-1.,0.));
#2521 = DIRECTION('',(-1.,1.224646799147E-16,0.));
#2522 = ORIENTED_EDGE('',*,*,#2440,.F.);
#2523 = ORIENTED_EDGE('',*,*,#1494,.F.);
#2524 = ORIENTED_EDGE('',*,*,#2324,.T.);
#2525 = ORIENTED_EDGE('',*,*,#2526,.T.);
#2526 = EDGE_CURVE('',#2325,#2466,#2527,.T.);
#2527 = CIRCLE('',#2528,5.E-02);
#2528 = AXIS2_PLACEMENT_3D('',#2529,#2530,#2531);
#2529 = CARTESIAN_POINT('',(-2.65,-1.2,0.95));
#2530 = DIRECTION('',(-1.224646799147E-16,-1.,0.));
#2531 = DIRECTION('',(0.,0.,1.));
#2532 = PLANE('',#2533);
#2533 = AXIS2_PLACEMENT_3D('',#2534,#2535,#2536);
#2534 = CARTESIAN_POINT('',(-1.8,-1.2,0.));
#2535 = DIRECTION('',(-1.224646799147E-16,-1.,0.));
#2536 = DIRECTION('',(-1.,1.224646799147E-16,0.));
#2537 = ADVANCED_FACE('',(#2538),#2563,.T.);
#2538 = FACE_BOUND('',#2539,.T.);
#2539 = EDGE_LOOP('',(#2540,#2541,#2549,#2557));
#2540 = ORIENTED_EDGE('',*,*,#1518,.F.);
#2541 = ORIENTED_EDGE('',*,*,#2542,.T.);
#2542 = EDGE_CURVE('',#1519,#2543,#2545,.T.);
#2543 = VERTEX_POINT('',#2544);
#2544 = CARTESIAN_POINT('',(-2.65,2.1,1.));
#2545 = LINE('',#2546,#2547);
#2546 = CARTESIAN_POINT('',(-1.8,2.1,1.));
#2547 = VECTOR('',#2548,1.);
#2548 = DIRECTION('',(-1.,1.224646799147E-16,0.));
#2549 = ORIENTED_EDGE('',*,*,#2550,.T.);
#2550 = EDGE_CURVE('',#2543,#2551,#2553,.T.);
#2551 = VERTEX_POINT('',#2552);
#2552 = CARTESIAN_POINT('',(-2.65,1.2,1.));
#2553 = LINE('',#2554,#2555);
#2554 = CARTESIAN_POINT('',(-2.65,2.1,1.));
#2555 = VECTOR('',#2556,1.);
#2556 = DIRECTION('',(-1.224646799147E-16,-1.,0.));
#2557 = ORIENTED_EDGE('',*,*,#2558,.T.);
#2558 = EDGE_CURVE('',#2551,#1521,#2559,.T.);
#2559 = LINE('',#2560,#2561);
#2560 = CARTESIAN_POINT('',(-2.7,1.2,1.));
#2561 = VECTOR('',#2562,1.);
#2562 = DIRECTION('',(1.,-1.224646799147E-16,0.));
#2563 = PLANE('',#2564);
#2564 = AXIS2_PLACEMENT_3D('',#2565,#2566,#2567);
#2565 = CARTESIAN_POINT('',(-2.25,1.65,1.));
#2566 = DIRECTION('',(0.,0.,1.));
#2567 = DIRECTION('',(-1.,1.224646799147E-16,0.));
#2568 = ADVANCED_FACE('',(#2569),#2648,.F.);
#2569 = FACE_BOUND('',#2570,.F.);
#2570 = EDGE_LOOP('',(#2571,#2582,#2590,#2597,#2598,#2599,#2607,#2616,
    #2624,#2631,#2632,#2633,#2634,#2642));
#2571 = ORIENTED_EDGE('',*,*,#2572,.F.);
#2572 = EDGE_CURVE('',#2573,#2575,#2577,.T.);
#2573 = VERTEX_POINT('',#2574);
#2574 = CARTESIAN_POINT('',(-2.7,1.2,5.E-02));
#2575 = VERTEX_POINT('',#2576);
#2576 = CARTESIAN_POINT('',(-2.65,1.2,-6.938893903907E-18));
#2577 = CIRCLE('',#2578,5.E-02);
#2578 = AXIS2_PLACEMENT_3D('',#2579,#2580,#2581);
#2579 = CARTESIAN_POINT('',(-2.65,1.2,5.E-02));
#2580 = DIRECTION('',(-1.224646799147E-16,-1.,0.));
#2581 = DIRECTION('',(0.,0.,1.));
#2582 = ORIENTED_EDGE('',*,*,#2583,.T.);
#2583 = EDGE_CURVE('',#2573,#2584,#2586,.T.);
#2584 = VERTEX_POINT('',#2585);
#2585 = CARTESIAN_POINT('',(-2.7,1.2,0.95));
#2586 = LINE('',#2587,#2588);
#2587 = CARTESIAN_POINT('',(-2.7,1.2,0.));
#2588 = VECTOR('',#2589,1.);
#2589 = DIRECTION('',(0.,0.,1.));
#2590 = ORIENTED_EDGE('',*,*,#2591,.F.);
#2591 = EDGE_CURVE('',#2551,#2584,#2592,.T.);
#2592 = CIRCLE('',#2593,5.E-02);
#2593 = AXIS2_PLACEMENT_3D('',#2594,#2595,#2596);
#2594 = CARTESIAN_POINT('',(-2.65,1.2,0.95));
#2595 = DIRECTION('',(-1.224646799147E-16,-1.,0.));
#2596 = DIRECTION('',(0.,0.,1.));
#2597 = ORIENTED_EDGE('',*,*,#2558,.T.);
#2598 = ORIENTED_EDGE('',*,*,#1544,.F.);
#2599 = ORIENTED_EDGE('',*,*,#2600,.F.);
#2600 = EDGE_CURVE('',#2601,#1537,#2603,.T.);
#2601 = VERTEX_POINT('',#2602);
#2602 = CARTESIAN_POINT('',(-2.55,1.2,0.9));
#2603 = LINE('',#2604,#2605);
#2604 = CARTESIAN_POINT('',(-2.475,1.2,0.9));
#2605 = VECTOR('',#2606,1.);
#2606 = DIRECTION('',(1.,-1.224646799147E-16,4.996063166392E-32));
#2607 = ORIENTED_EDGE('',*,*,#2608,.T.);
#2608 = EDGE_CURVE('',#2601,#2609,#2611,.T.);
#2609 = VERTEX_POINT('',#2610);
#2610 = CARTESIAN_POINT('',(-2.6,1.2,0.85));
#2611 = CIRCLE('',#2612,5.E-02);
#2612 = AXIS2_PLACEMENT_3D('',#2613,#2614,#2615);
#2613 = CARTESIAN_POINT('',(-2.55,1.2,0.85));
#2614 = DIRECTION('',(-1.224646799147E-16,-1.,0.));
#2615 = DIRECTION('',(-1.,1.224646799147E-16,0.));
#2616 = ORIENTED_EDGE('',*,*,#2617,.T.);
#2617 = EDGE_CURVE('',#2609,#2618,#2620,.T.);
#2618 = VERTEX_POINT('',#2619);
#2619 = CARTESIAN_POINT('',(-2.6,1.2,0.15));
#2620 = LINE('',#2621,#2622);
#2621 = CARTESIAN_POINT('',(-2.6,1.2,5.E-02));
#2622 = VECTOR('',#2623,1.);
#2623 = DIRECTION('',(0.,0.,-1.));
#2624 = ORIENTED_EDGE('',*,*,#2625,.T.);
#2625 = EDGE_CURVE('',#2618,#2271,#2626,.T.);
#2626 = CIRCLE('',#2627,5.E-02);
#2627 = AXIS2_PLACEMENT_3D('',#2628,#2629,#2630);
#2628 = CARTESIAN_POINT('',(-2.55,1.2,0.15));
#2629 = DIRECTION('',(-1.224646799147E-16,-1.,0.));
#2630 = DIRECTION('',(4.996063166392E-32,-6.118412765058E-48,-1.));
#2631 = ORIENTED_EDGE('',*,*,#2278,.T.);
#2632 = ORIENTED_EDGE('',*,*,#1630,.T.);
#2633 = ORIENTED_EDGE('',*,*,#1622,.F.);
#2634 = ORIENTED_EDGE('',*,*,#2635,.F.);
#2635 = EDGE_CURVE('',#2636,#1615,#2638,.T.);
#2636 = VERTEX_POINT('',#2637);
#2637 = CARTESIAN_POINT('',(-1.8,1.2,0.));
#2638 = LINE('',#2639,#2640);
#2639 = CARTESIAN_POINT('',(-1.8,1.2,0.));
#2640 = VECTOR('',#2641,1.);
#2641 = DIRECTION('',(0.,0.,1.));
#2642 = ORIENTED_EDGE('',*,*,#2643,.F.);
#2643 = EDGE_CURVE('',#2575,#2636,#2644,.T.);
#2644 = LINE('',#2645,#2646);
#2645 = CARTESIAN_POINT('',(-2.7,1.2,0.));
#2646 = VECTOR('',#2647,1.);
#2647 = DIRECTION('',(1.,-1.224646799147E-16,0.));
#2648 = PLANE('',#2649);
#2649 = AXIS2_PLACEMENT_3D('',#2650,#2651,#2652);
#2650 = CARTESIAN_POINT('',(-2.7,1.2,0.));
#2651 = DIRECTION('',(1.224646799147E-16,1.,0.));
#2652 = DIRECTION('',(1.,-1.224646799147E-16,0.));
#2653 = ADVANCED_FACE('',(#2654),#2672,.F.);
#2654 = FACE_BOUND('',#2655,.F.);
#2655 = EDGE_LOOP('',(#2656,#2657,#2665,#2671));
#2656 = ORIENTED_EDGE('',*,*,#1536,.F.);
#2657 = ORIENTED_EDGE('',*,*,#2658,.T.);
#2658 = EDGE_CURVE('',#1529,#2659,#2661,.T.);
#2659 = VERTEX_POINT('',#2660);
#2660 = CARTESIAN_POINT('',(-2.55,2.1,0.9));
#2661 = LINE('',#2662,#2663);
#2662 = CARTESIAN_POINT('',(-2.025,2.1,0.9));
#2663 = VECTOR('',#2664,1.);
#2664 = DIRECTION('',(-1.,1.224646799147E-16,-4.996063166392E-32));
#2665 = ORIENTED_EDGE('',*,*,#2666,.T.);
#2666 = EDGE_CURVE('',#2659,#2601,#2667,.T.);
#2667 = LINE('',#2668,#2669);
#2668 = CARTESIAN_POINT('',(-2.55,2.2,0.9));
#2669 = VECTOR('',#2670,1.);
#2670 = DIRECTION('',(-1.224646799147E-16,-1.,0.));
#2671 = ORIENTED_EDGE('',*,*,#2600,.T.);
#2672 = PLANE('',#2673);
#2673 = AXIS2_PLACEMENT_3D('',#2674,#2675,#2676);
#2674 = CARTESIAN_POINT('',(-2.25,1.65,0.9));
#2675 = DIRECTION('',(-4.996063166392E-32,1.556307025767E-32,1.));
#2676 = DIRECTION('',(-1.,1.224646799147E-16,-4.996063166392E-32));
#2677 = ADVANCED_FACE('',(#2678),#2750,.F.);
#2678 = FACE_BOUND('',#2679,.F.);
#2679 = EDGE_LOOP('',(#2680,#2690,#2699,#2707,#2713,#2714,#2715,#2716,
    #2725,#2733,#2740,#2741,#2742,#2743));
#2680 = ORIENTED_EDGE('',*,*,#2681,.F.);
#2681 = EDGE_CURVE('',#2682,#2684,#2686,.T.);
#2682 = VERTEX_POINT('',#2683);
#2683 = CARTESIAN_POINT('',(-2.7,2.1,5.E-02));
#2684 = VERTEX_POINT('',#2685);
#2685 = CARTESIAN_POINT('',(-2.7,2.1,0.95));
#2686 = LINE('',#2687,#2688);
#2687 = CARTESIAN_POINT('',(-2.7,2.1,0.));
#2688 = VECTOR('',#2689,1.);
#2689 = DIRECTION('',(0.,0.,1.));
#2690 = ORIENTED_EDGE('',*,*,#2691,.T.);
#2691 = EDGE_CURVE('',#2682,#2692,#2694,.T.);
#2692 = VERTEX_POINT('',#2693);
#2693 = CARTESIAN_POINT('',(-2.65,2.1,-6.938893903907E-18));
#2694 = CIRCLE('',#2695,5.E-02);
#2695 = AXIS2_PLACEMENT_3D('',#2696,#2697,#2698);
#2696 = CARTESIAN_POINT('',(-2.65,2.1,5.E-02));
#2697 = DIRECTION('',(-1.224646799147E-16,-1.,0.));
#2698 = DIRECTION('',(0.,0.,1.));
#2699 = ORIENTED_EDGE('',*,*,#2700,.F.);
#2700 = EDGE_CURVE('',#2701,#2692,#2703,.T.);
#2701 = VERTEX_POINT('',#2702);
#2702 = CARTESIAN_POINT('',(-1.8,2.1,0.));
#2703 = LINE('',#2704,#2705);
#2704 = CARTESIAN_POINT('',(-1.8,2.1,0.));
#2705 = VECTOR('',#2706,1.);
#2706 = DIRECTION('',(-1.,1.224646799147E-16,0.));
#2707 = ORIENTED_EDGE('',*,*,#2708,.T.);
#2708 = EDGE_CURVE('',#2701,#1607,#2709,.T.);
#2709 = LINE('',#2710,#2711);
#2710 = CARTESIAN_POINT('',(-1.8,2.1,0.));
#2711 = VECTOR('',#2712,1.);
#2712 = DIRECTION('',(0.,0.,1.));
#2713 = ORIENTED_EDGE('',*,*,#1606,.F.);
#2714 = ORIENTED_EDGE('',*,*,#1598,.T.);
#2715 = ORIENTED_EDGE('',*,*,#2262,.T.);
#2716 = ORIENTED_EDGE('',*,*,#2717,.F.);
#2717 = EDGE_CURVE('',#2718,#2263,#2720,.T.);
#2718 = VERTEX_POINT('',#2719);
#2719 = CARTESIAN_POINT('',(-2.6,2.1,0.15));
#2720 = CIRCLE('',#2721,5.E-02);
#2721 = AXIS2_PLACEMENT_3D('',#2722,#2723,#2724);
#2722 = CARTESIAN_POINT('',(-2.55,2.1,0.15));
#2723 = DIRECTION('',(-1.224646799147E-16,-1.,0.));
#2724 = DIRECTION('',(4.996063166392E-32,-6.118412765058E-48,-1.));
#2725 = ORIENTED_EDGE('',*,*,#2726,.T.);
#2726 = EDGE_CURVE('',#2718,#2727,#2729,.T.);
#2727 = VERTEX_POINT('',#2728);
#2728 = CARTESIAN_POINT('',(-2.6,2.1,0.85));
#2729 = LINE('',#2730,#2731);
#2730 = CARTESIAN_POINT('',(-2.6,2.1,5.E-02));
#2731 = VECTOR('',#2732,1.);
#2732 = DIRECTION('',(0.,0.,1.));
#2733 = ORIENTED_EDGE('',*,*,#2734,.F.);
#2734 = EDGE_CURVE('',#2659,#2727,#2735,.T.);
#2735 = CIRCLE('',#2736,5.E-02);
#2736 = AXIS2_PLACEMENT_3D('',#2737,#2738,#2739);
#2737 = CARTESIAN_POINT('',(-2.55,2.1,0.85));
#2738 = DIRECTION('',(-1.224646799147E-16,-1.,0.));
#2739 = DIRECTION('',(-1.,1.224646799147E-16,0.));
#2740 = ORIENTED_EDGE('',*,*,#2658,.F.);
#2741 = ORIENTED_EDGE('',*,*,#1528,.F.);
#2742 = ORIENTED_EDGE('',*,*,#2542,.T.);
#2743 = ORIENTED_EDGE('',*,*,#2744,.T.);
#2744 = EDGE_CURVE('',#2543,#2684,#2745,.T.);
#2745 = CIRCLE('',#2746,5.E-02);
#2746 = AXIS2_PLACEMENT_3D('',#2747,#2748,#2749);
#2747 = CARTESIAN_POINT('',(-2.65,2.1,0.95));
#2748 = DIRECTION('',(-1.224646799147E-16,-1.,0.));
#2749 = DIRECTION('',(0.,0.,1.));
#2750 = PLANE('',#2751);
#2751 = AXIS2_PLACEMENT_3D('',#2752,#2753,#2754);
#2752 = CARTESIAN_POINT('',(-1.8,2.1,0.));
#2753 = DIRECTION('',(-1.224646799147E-16,-1.,0.));
#2754 = DIRECTION('',(-1.,1.224646799147E-16,0.));
#2755 = ADVANCED_FACE('',(#2756),#2767,.F.);
#2756 = FACE_BOUND('',#2757,.F.);
#2757 = EDGE_LOOP('',(#2758,#2764,#2765,#2766));
#2758 = ORIENTED_EDGE('',*,*,#2759,.F.);
#2759 = EDGE_CURVE('',#2022,#1876,#2760,.T.);
#2760 = LINE('',#2761,#2762);
#2761 = CARTESIAN_POINT('',(1.8,2.1,0.));
#2762 = VECTOR('',#2763,1.);
#2763 = DIRECTION('',(-1.224646799147E-16,-1.,0.));
#2764 = ORIENTED_EDGE('',*,*,#2021,.T.);
#2765 = ORIENTED_EDGE('',*,*,#1733,.F.);
#2766 = ORIENTED_EDGE('',*,*,#1883,.F.);
#2767 = PLANE('',#2768);
#2768 = AXIS2_PLACEMENT_3D('',#2769,#2770,#2771);
#2769 = CARTESIAN_POINT('',(1.8,2.1,0.));
#2770 = DIRECTION('',(1.,-1.224646799147E-16,0.));
#2771 = DIRECTION('',(-1.224646799147E-16,-1.,0.));
#2772 = ADVANCED_FACE('',(#2773),#2784,.F.);
#2773 = FACE_BOUND('',#2774,.F.);
#2774 = EDGE_LOOP('',(#2775,#2781,#2782,#2783));
#2775 = ORIENTED_EDGE('',*,*,#2776,.F.);
#2776 = EDGE_CURVE('',#2138,#2203,#2777,.T.);
#2777 = LINE('',#2778,#2779);
#2778 = CARTESIAN_POINT('',(1.8,-1.2,0.));
#2779 = VECTOR('',#2780,1.);
#2780 = DIRECTION('',(-1.224646799147E-16,-1.,0.));
#2781 = ORIENTED_EDGE('',*,*,#2137,.T.);
#2782 = ORIENTED_EDGE('',*,*,#1694,.F.);
#2783 = ORIENTED_EDGE('',*,*,#2210,.F.);
#2784 = PLANE('',#2785);
#2785 = AXIS2_PLACEMENT_3D('',#2786,#2787,#2788);
#2786 = CARTESIAN_POINT('',(1.8,-1.2,0.));
#2787 = DIRECTION('',(1.,-1.224646799147E-16,0.));
#2788 = DIRECTION('',(-1.224646799147E-16,-1.,0.));
#2789 = ADVANCED_FACE('',(#2790),#2801,.F.);
#2790 = FACE_BOUND('',#2791,.F.);
#2791 = EDGE_LOOP('',(#2792,#2798,#2799,#2800));
#2792 = ORIENTED_EDGE('',*,*,#2793,.F.);
#2793 = EDGE_CURVE('',#2418,#2483,#2794,.T.);
#2794 = LINE('',#2795,#2796);
#2795 = CARTESIAN_POINT('',(-1.8,-2.1,0.));
#2796 = VECTOR('',#2797,1.);
#2797 = DIRECTION('',(1.224646799147E-16,1.,0.));
#2798 = ORIENTED_EDGE('',*,*,#2417,.T.);
#2799 = ORIENTED_EDGE('',*,*,#1653,.F.);
#2800 = ORIENTED_EDGE('',*,*,#2490,.F.);
#2801 = PLANE('',#2802);
#2802 = AXIS2_PLACEMENT_3D('',#2803,#2804,#2805);
#2803 = CARTESIAN_POINT('',(-1.8,-2.1,0.));
#2804 = DIRECTION('',(-1.,1.224646799147E-16,0.));
#2805 = DIRECTION('',(1.224646799147E-16,1.,0.));
#2806 = ADVANCED_FACE('',(#2807),#2818,.F.);
#2807 = FACE_BOUND('',#2808,.F.);
#2808 = EDGE_LOOP('',(#2809,#2815,#2816,#2817));
#2809 = ORIENTED_EDGE('',*,*,#2810,.F.);
#2810 = EDGE_CURVE('',#2636,#2701,#2811,.T.);
#2811 = LINE('',#2812,#2813);
#2812 = CARTESIAN_POINT('',(-1.8,1.2,0.));
#2813 = VECTOR('',#2814,1.);
#2814 = DIRECTION('',(1.224646799147E-16,1.,0.));
#2815 = ORIENTED_EDGE('',*,*,#2635,.T.);
#2816 = ORIENTED_EDGE('',*,*,#1614,.F.);
#2817 = ORIENTED_EDGE('',*,*,#2708,.F.);
#2818 = PLANE('',#2819);
#2819 = AXIS2_PLACEMENT_3D('',#2820,#2821,#2822);
#2820 = CARTESIAN_POINT('',(-1.8,1.2,0.));
#2821 = DIRECTION('',(-1.,1.224646799147E-16,0.));
#2822 = DIRECTION('',(1.224646799147E-16,1.,0.));
#2823 = ADVANCED_FACE('',(#2824),#2835,.F.);
#2824 = FACE_BOUND('',#2825,.F.);
#2825 = EDGE_LOOP('',(#2826,#2827,#2828,#2829));
#2826 = ORIENTED_EDGE('',*,*,#1892,.T.);
#2827 = ORIENTED_EDGE('',*,*,#1763,.T.);
#2828 = ORIENTED_EDGE('',*,*,#2011,.F.);
#2829 = ORIENTED_EDGE('',*,*,#2830,.F.);
#2830 = EDGE_CURVE('',#1893,#2004,#2831,.T.);
#2831 = LINE('',#2832,#2833);
#2832 = CARTESIAN_POINT('',(2.6,1.1,0.15));
#2833 = VECTOR('',#2834,1.);
#2834 = DIRECTION('',(1.224646799147E-16,1.,0.));
#2835 = CYLINDRICAL_SURFACE('',#2836,5.E-02);
#2836 = AXIS2_PLACEMENT_3D('',#2837,#2838,#2839);
#2837 = CARTESIAN_POINT('',(2.55,1.1,0.15));
#2838 = DIRECTION('',(1.224646799147E-16,1.,0.));
#2839 = DIRECTION('',(1.,-1.224646799147E-16,0.));
#2840 = ADVANCED_FACE('',(#2841),#2852,.F.);
#2841 = FACE_BOUND('',#2842,.F.);
#2842 = EDGE_LOOP('',(#2843,#2844,#2845,#2846));
#2843 = ORIENTED_EDGE('',*,*,#2219,.T.);
#2844 = ORIENTED_EDGE('',*,*,#1794,.T.);
#2845 = ORIENTED_EDGE('',*,*,#2127,.F.);
#2846 = ORIENTED_EDGE('',*,*,#2847,.F.);
#2847 = EDGE_CURVE('',#2220,#2120,#2848,.T.);
#2848 = LINE('',#2849,#2850);
#2849 = CARTESIAN_POINT('',(2.6,-2.2,0.15));
#2850 = VECTOR('',#2851,1.);
#2851 = DIRECTION('',(1.224646799147E-16,1.,0.));
#2852 = CYLINDRICAL_SURFACE('',#2853,5.E-02);
#2853 = AXIS2_PLACEMENT_3D('',#2854,#2855,#2856);
#2854 = CARTESIAN_POINT('',(2.55,-2.2,0.15));
#2855 = DIRECTION('',(1.224646799147E-16,1.,0.));
#2856 = DIRECTION('',(1.,-1.224646799147E-16,0.));
#2857 = ADVANCED_FACE('',(#2858),#2869,.F.);
#2858 = FACE_BOUND('',#2859,.F.);
#2859 = EDGE_LOOP('',(#2860,#2866,#2867,#2868));
#2860 = ORIENTED_EDGE('',*,*,#2861,.T.);
#2861 = EDGE_CURVE('',#1902,#1995,#2862,.T.);
#2862 = LINE('',#2863,#2864);
#2863 = CARTESIAN_POINT('',(2.6,1.1,0.85));
#2864 = VECTOR('',#2865,1.);
#2865 = DIRECTION('',(1.224646799147E-16,1.,0.));
#2866 = ORIENTED_EDGE('',*,*,#1994,.F.);
#2867 = ORIENTED_EDGE('',*,*,#1825,.F.);
#2868 = ORIENTED_EDGE('',*,*,#1909,.T.);
#2869 = CYLINDRICAL_SURFACE('',#2870,5.E-02);
#2870 = AXIS2_PLACEMENT_3D('',#2871,#2872,#2873);
#2871 = CARTESIAN_POINT('',(2.55,1.1,0.85));
#2872 = DIRECTION('',(1.224646799147E-16,1.,0.));
#2873 = DIRECTION('',(1.,-1.224646799147E-16,0.));
#2874 = ADVANCED_FACE('',(#2875),#2891,.F.);
#2875 = FACE_BOUND('',#2876,.F.);
#2876 = EDGE_LOOP('',(#2877,#2878,#2884,#2885));
#2877 = ORIENTED_EDGE('',*,*,#1856,.T.);
#2878 = ORIENTED_EDGE('',*,*,#2879,.T.);
#2879 = EDGE_CURVE('',#1859,#1977,#2880,.T.);
#2880 = LINE('',#2881,#2882);
#2881 = CARTESIAN_POINT('',(2.7,1.2,0.95));
#2882 = VECTOR('',#2883,1.);
#2883 = DIRECTION('',(1.224646799147E-16,1.,0.));
#2884 = ORIENTED_EDGE('',*,*,#1976,.F.);
#2885 = ORIENTED_EDGE('',*,*,#2886,.F.);
#2886 = EDGE_CURVE('',#1857,#1966,#2887,.T.);
#2887 = LINE('',#2888,#2889);
#2888 = CARTESIAN_POINT('',(2.7,1.2,5.E-02));
#2889 = VECTOR('',#2890,1.);
#2890 = DIRECTION('',(1.224646799147E-16,1.,0.));
#2891 = PLANE('',#2892);
#2892 = AXIS2_PLACEMENT_3D('',#2893,#2894,#2895);
#2893 = CARTESIAN_POINT('',(2.7,1.2,0.));
#2894 = DIRECTION('',(-1.,1.224646799147E-16,0.));
#2895 = DIRECTION('',(1.224646799147E-16,1.,0.));
#2896 = ADVANCED_FACE('',(#2897),#2903,.T.);
#2897 = FACE_BOUND('',#2898,.T.);
#2898 = EDGE_LOOP('',(#2899,#2900,#2901,#2902));
#2899 = ORIENTED_EDGE('',*,*,#2879,.T.);
#2900 = ORIENTED_EDGE('',*,*,#1984,.T.);
#2901 = ORIENTED_EDGE('',*,*,#1941,.F.);
#2902 = ORIENTED_EDGE('',*,*,#1926,.F.);
#2903 = CYLINDRICAL_SURFACE('',#2904,5.E-02);
#2904 = AXIS2_PLACEMENT_3D('',#2905,#2906,#2907);
#2905 = CARTESIAN_POINT('',(2.65,1.2,0.95));
#2906 = DIRECTION('',(1.224646799147E-16,1.,0.));
#2907 = DIRECTION('',(1.,-1.224646799147E-16,0.));
#2908 = ADVANCED_FACE('',(#2909),#2915,.T.);
#2909 = FACE_BOUND('',#2910,.T.);
#2910 = EDGE_LOOP('',(#2911,#2912,#2913,#2914));
#2911 = ORIENTED_EDGE('',*,*,#2830,.F.);
#2912 = ORIENTED_EDGE('',*,*,#1901,.T.);
#2913 = ORIENTED_EDGE('',*,*,#2861,.T.);
#2914 = ORIENTED_EDGE('',*,*,#2003,.T.);
#2915 = PLANE('',#2916);
#2916 = AXIS2_PLACEMENT_3D('',#2917,#2918,#2919);
#2917 = CARTESIAN_POINT('',(2.6,1.1,0.1));
#2918 = DIRECTION('',(-1.,1.224646799147E-16,0.));
#2919 = DIRECTION('',(1.224646799147E-16,1.,0.));
#2920 = ADVANCED_FACE('',(#2921),#2932,.F.);
#2921 = FACE_BOUND('',#2922,.F.);
#2922 = EDGE_LOOP('',(#2923,#2924,#2925,#2926));
#2923 = ORIENTED_EDGE('',*,*,#2029,.T.);
#2924 = ORIENTED_EDGE('',*,*,#2759,.T.);
#2925 = ORIENTED_EDGE('',*,*,#1875,.T.);
#2926 = ORIENTED_EDGE('',*,*,#2927,.T.);
#2927 = EDGE_CURVE('',#1867,#1968,#2928,.T.);
#2928 = LINE('',#2929,#2930);
#2929 = CARTESIAN_POINT('',(2.65,1.2,-6.938893903907E-18));
#2930 = VECTOR('',#2931,1.);
#2931 = DIRECTION('',(1.224646799147E-16,1.,0.));
#2932 = PLANE('',#2933);
#2933 = AXIS2_PLACEMENT_3D('',#2934,#2935,#2936);
#2934 = CARTESIAN_POINT('',(2.25,1.65,0.));
#2935 = DIRECTION('',(0.,0.,1.));
#2936 = DIRECTION('',(-1.,1.224646799147E-16,0.));
#2937 = ADVANCED_FACE('',(#2938),#2944,.T.);
#2938 = FACE_BOUND('',#2939,.T.);
#2939 = EDGE_LOOP('',(#2940,#2941,#2942,#2943));
#2940 = ORIENTED_EDGE('',*,*,#1866,.T.);
#2941 = ORIENTED_EDGE('',*,*,#2927,.T.);
#2942 = ORIENTED_EDGE('',*,*,#1965,.F.);
#2943 = ORIENTED_EDGE('',*,*,#2886,.F.);
#2944 = CYLINDRICAL_SURFACE('',#2945,5.E-02);
#2945 = AXIS2_PLACEMENT_3D('',#2946,#2947,#2948);
#2946 = CARTESIAN_POINT('',(2.65,1.2,5.E-02));
#2947 = DIRECTION('',(1.224646799147E-16,1.,0.));
#2948 = DIRECTION('',(1.,-1.224646799147E-16,0.));
#2949 = ADVANCED_FACE('',(#2950),#2961,.T.);
#2950 = FACE_BOUND('',#2951,.T.);
#2951 = EDGE_LOOP('',(#2952,#2958,#2959,#2960));
#2952 = ORIENTED_EDGE('',*,*,#2953,.T.);
#2953 = EDGE_CURVE('',#2186,#2086,#2954,.T.);
#2954 = LINE('',#2955,#2956);
#2955 = CARTESIAN_POINT('',(2.7,-2.1,0.95));
#2956 = VECTOR('',#2957,1.);
#2957 = DIRECTION('',(1.224646799147E-16,1.,0.));
#2958 = ORIENTED_EDGE('',*,*,#2093,.T.);
#2959 = ORIENTED_EDGE('',*,*,#2043,.F.);
#2960 = ORIENTED_EDGE('',*,*,#2246,.F.);
#2961 = CYLINDRICAL_SURFACE('',#2962,5.E-02);
#2962 = AXIS2_PLACEMENT_3D('',#2963,#2964,#2965);
#2963 = CARTESIAN_POINT('',(2.65,-2.1,0.95));
#2964 = DIRECTION('',(1.224646799147E-16,1.,0.));
#2965 = DIRECTION('',(1.,-1.224646799147E-16,0.));
#2966 = ADVANCED_FACE('',(#2967),#2983,.T.);
#2967 = FACE_BOUND('',#2968,.T.);
#2968 = EDGE_LOOP('',(#2969,#2970,#2976,#2977));
#2969 = ORIENTED_EDGE('',*,*,#2193,.T.);
#2970 = ORIENTED_EDGE('',*,*,#2971,.T.);
#2971 = EDGE_CURVE('',#2194,#2077,#2972,.T.);
#2972 = LINE('',#2973,#2974);
#2973 = CARTESIAN_POINT('',(2.65,-2.1,-6.938893903907E-18));
#2974 = VECTOR('',#2975,1.);
#2975 = DIRECTION('',(1.224646799147E-16,1.,0.));
#2976 = ORIENTED_EDGE('',*,*,#2074,.F.);
#2977 = ORIENTED_EDGE('',*,*,#2978,.F.);
#2978 = EDGE_CURVE('',#2184,#2075,#2979,.T.);
#2979 = LINE('',#2980,#2981);
#2980 = CARTESIAN_POINT('',(2.7,-2.1,5.E-02));
#2981 = VECTOR('',#2982,1.);
#2982 = DIRECTION('',(1.224646799147E-16,1.,0.));
#2983 = CYLINDRICAL_SURFACE('',#2984,5.E-02);
#2984 = AXIS2_PLACEMENT_3D('',#2985,#2986,#2987);
#2985 = CARTESIAN_POINT('',(2.65,-2.1,5.E-02));
#2986 = DIRECTION('',(1.224646799147E-16,1.,0.));
#2987 = DIRECTION('',(1.,-1.224646799147E-16,0.));
#2988 = ADVANCED_FACE('',(#2989),#2995,.F.);
#2989 = FACE_BOUND('',#2990,.F.);
#2990 = EDGE_LOOP('',(#2991,#2992,#2993,#2994));
#2991 = ORIENTED_EDGE('',*,*,#2145,.T.);
#2992 = ORIENTED_EDGE('',*,*,#2776,.T.);
#2993 = ORIENTED_EDGE('',*,*,#2202,.T.);
#2994 = ORIENTED_EDGE('',*,*,#2971,.T.);
#2995 = PLANE('',#2996);
#2996 = AXIS2_PLACEMENT_3D('',#2997,#2998,#2999);
#2997 = CARTESIAN_POINT('',(2.25,-1.65,0.));
#2998 = DIRECTION('',(0.,0.,1.));
#2999 = DIRECTION('',(-1.,1.224646799147E-16,0.));
#3000 = ADVANCED_FACE('',(#3001),#3012,.T.);
#3001 = FACE_BOUND('',#3002,.T.);
#3002 = EDGE_LOOP('',(#3003,#3004,#3005,#3011));
#3003 = ORIENTED_EDGE('',*,*,#2847,.F.);
#3004 = ORIENTED_EDGE('',*,*,#2228,.T.);
#3005 = ORIENTED_EDGE('',*,*,#3006,.T.);
#3006 = EDGE_CURVE('',#2229,#2111,#3007,.T.);
#3007 = LINE('',#3008,#3009);
#3008 = CARTESIAN_POINT('',(2.6,-2.2,0.85));
#3009 = VECTOR('',#3010,1.);
#3010 = DIRECTION('',(1.224646799147E-16,1.,0.));
#3011 = ORIENTED_EDGE('',*,*,#2119,.T.);
#3012 = PLANE('',#3013);
#3013 = AXIS2_PLACEMENT_3D('',#3014,#3015,#3016);
#3014 = CARTESIAN_POINT('',(2.6,-2.2,0.1));
#3015 = DIRECTION('',(-1.,1.224646799147E-16,0.));
#3016 = DIRECTION('',(1.224646799147E-16,1.,0.));
#3017 = ADVANCED_FACE('',(#3018),#3024,.F.);
#3018 = FACE_BOUND('',#3019,.F.);
#3019 = EDGE_LOOP('',(#3020,#3021,#3022,#3023));
#3020 = ORIENTED_EDGE('',*,*,#3006,.T.);
#3021 = ORIENTED_EDGE('',*,*,#2110,.F.);
#3022 = ORIENTED_EDGE('',*,*,#2159,.F.);
#3023 = ORIENTED_EDGE('',*,*,#2236,.T.);
#3024 = CYLINDRICAL_SURFACE('',#3025,5.E-02);
#3025 = AXIS2_PLACEMENT_3D('',#3026,#3027,#3028);
#3026 = CARTESIAN_POINT('',(2.55,-2.2,0.85));
#3027 = DIRECTION('',(1.224646799147E-16,1.,0.));
#3028 = DIRECTION('',(1.,-1.224646799147E-16,0.));
#3029 = ADVANCED_FACE('',(#3030),#3036,.F.);
#3030 = FACE_BOUND('',#3031,.F.);
#3031 = EDGE_LOOP('',(#3032,#3033,#3034,#3035));
#3032 = ORIENTED_EDGE('',*,*,#2183,.T.);
#3033 = ORIENTED_EDGE('',*,*,#2953,.T.);
#3034 = ORIENTED_EDGE('',*,*,#2085,.F.);
#3035 = ORIENTED_EDGE('',*,*,#2978,.F.);
#3036 = PLANE('',#3037);
#3037 = AXIS2_PLACEMENT_3D('',#3038,#3039,#3040);
#3038 = CARTESIAN_POINT('',(2.7,-2.1,0.));
#3039 = DIRECTION('',(-1.,1.224646799147E-16,0.));
#3040 = DIRECTION('',(1.224646799147E-16,1.,0.));
#3041 = ADVANCED_FACE('',(#3042),#3053,.F.);
#3042 = FACE_BOUND('',#3043,.F.);
#3043 = EDGE_LOOP('',(#3044,#3045,#3051,#3052));
#3044 = ORIENTED_EDGE('',*,*,#2625,.F.);
#3045 = ORIENTED_EDGE('',*,*,#3046,.F.);
#3046 = EDGE_CURVE('',#2718,#2618,#3047,.T.);
#3047 = LINE('',#3048,#3049);
#3048 = CARTESIAN_POINT('',(-2.6,2.2,0.15));
#3049 = VECTOR('',#3050,1.);
#3050 = DIRECTION('',(-1.224646799147E-16,-1.,0.));
#3051 = ORIENTED_EDGE('',*,*,#2717,.T.);
#3052 = ORIENTED_EDGE('',*,*,#2270,.T.);
#3053 = CYLINDRICAL_SURFACE('',#3054,5.E-02);
#3054 = AXIS2_PLACEMENT_3D('',#3055,#3056,#3057);
#3055 = CARTESIAN_POINT('',(-2.55,2.2,0.15));
#3056 = DIRECTION('',(-1.224646799147E-16,-1.,0.));
#3057 = DIRECTION('',(4.996063166392E-32,-6.118412765058E-48,-1.));
#3058 = ADVANCED_FACE('',(#3059),#3070,.F.);
#3059 = FACE_BOUND('',#3060,.F.);
#3060 = EDGE_LOOP('',(#3061,#3062,#3068,#3069));
#3061 = ORIENTED_EDGE('',*,*,#2407,.F.);
#3062 = ORIENTED_EDGE('',*,*,#3063,.F.);
#3063 = EDGE_CURVE('',#2500,#2400,#3064,.T.);
#3064 = LINE('',#3065,#3066);
#3065 = CARTESIAN_POINT('',(-2.6,-1.1,0.15));
#3066 = VECTOR('',#3067,1.);
#3067 = DIRECTION('',(-1.224646799147E-16,-1.,0.));
#3068 = ORIENTED_EDGE('',*,*,#2499,.T.);
#3069 = ORIENTED_EDGE('',*,*,#2301,.T.);
#3070 = CYLINDRICAL_SURFACE('',#3071,5.E-02);
#3071 = AXIS2_PLACEMENT_3D('',#3072,#3073,#3074);
#3072 = CARTESIAN_POINT('',(-2.55,-1.1,0.15));
#3073 = DIRECTION('',(-1.224646799147E-16,-1.,0.));
#3074 = DIRECTION('',(4.996063166392E-32,-6.118412765058E-48,-1.));
#3075 = ADVANCED_FACE('',(#3076),#3087,.T.);
#3076 = FACE_BOUND('',#3077,.T.);
#3077 = EDGE_LOOP('',(#3078,#3079,#3085,#3086));
#3078 = ORIENTED_EDGE('',*,*,#2526,.T.);
#3079 = ORIENTED_EDGE('',*,*,#3080,.T.);
#3080 = EDGE_CURVE('',#2466,#2366,#3081,.T.);
#3081 = LINE('',#3082,#3083);
#3082 = CARTESIAN_POINT('',(-2.7,-1.2,0.95));
#3083 = VECTOR('',#3084,1.);
#3084 = DIRECTION('',(-1.224646799147E-16,-1.,0.));
#3085 = ORIENTED_EDGE('',*,*,#2373,.F.);
#3086 = ORIENTED_EDGE('',*,*,#2332,.F.);
#3087 = CYLINDRICAL_SURFACE('',#3088,5.E-02);
#3088 = AXIS2_PLACEMENT_3D('',#3089,#3090,#3091);
#3089 = CARTESIAN_POINT('',(-2.65,-1.2,0.95));
#3090 = DIRECTION('',(-1.224646799147E-16,-1.,0.));
#3091 = DIRECTION('',(0.,0.,1.));
#3092 = ADVANCED_FACE('',(#3093),#3109,.T.);
#3093 = FACE_BOUND('',#3094,.T.);
#3094 = EDGE_LOOP('',(#3095,#3096,#3102,#3103));
#3095 = ORIENTED_EDGE('',*,*,#2473,.T.);
#3096 = ORIENTED_EDGE('',*,*,#3097,.T.);
#3097 = EDGE_CURVE('',#2474,#2357,#3098,.T.);
#3098 = LINE('',#3099,#3100);
#3099 = CARTESIAN_POINT('',(-2.65,-1.2,-6.938893903907E-18));
#3100 = VECTOR('',#3101,1.);
#3101 = DIRECTION('',(-1.224646799147E-16,-1.,0.));
#3102 = ORIENTED_EDGE('',*,*,#2354,.F.);
#3103 = ORIENTED_EDGE('',*,*,#3104,.F.);
#3104 = EDGE_CURVE('',#2464,#2355,#3105,.T.);
#3105 = LINE('',#3106,#3107);
#3106 = CARTESIAN_POINT('',(-2.7,-1.2,5.E-02));
#3107 = VECTOR('',#3108,1.);
#3108 = DIRECTION('',(-1.224646799147E-16,-1.,0.));
#3109 = CYLINDRICAL_SURFACE('',#3110,5.E-02);
#3110 = AXIS2_PLACEMENT_3D('',#3111,#3112,#3113);
#3111 = CARTESIAN_POINT('',(-2.65,-1.2,5.E-02));
#3112 = DIRECTION('',(-1.224646799147E-16,-1.,0.));
#3113 = DIRECTION('',(-1.,1.224646799147E-16,0.));
#3114 = ADVANCED_FACE('',(#3115),#3121,.F.);
#3115 = FACE_BOUND('',#3116,.F.);
#3116 = EDGE_LOOP('',(#3117,#3118,#3119,#3120));
#3117 = ORIENTED_EDGE('',*,*,#2482,.T.);
#3118 = ORIENTED_EDGE('',*,*,#3097,.T.);
#3119 = ORIENTED_EDGE('',*,*,#2425,.T.);
#3120 = ORIENTED_EDGE('',*,*,#2793,.T.);
#3121 = PLANE('',#3122);
#3122 = AXIS2_PLACEMENT_3D('',#3123,#3124,#3125);
#3123 = CARTESIAN_POINT('',(-2.25,-1.65,0.));
#3124 = DIRECTION('',(0.,0.,1.));
#3125 = DIRECTION('',(-1.,1.224646799147E-16,0.));
#3126 = ADVANCED_FACE('',(#3127),#3138,.T.);
#3127 = FACE_BOUND('',#3128,.T.);
#3128 = EDGE_LOOP('',(#3129,#3130,#3131,#3137));
#3129 = ORIENTED_EDGE('',*,*,#3063,.F.);
#3130 = ORIENTED_EDGE('',*,*,#2508,.T.);
#3131 = ORIENTED_EDGE('',*,*,#3132,.T.);
#3132 = EDGE_CURVE('',#2509,#2391,#3133,.T.);
#3133 = LINE('',#3134,#3135);
#3134 = CARTESIAN_POINT('',(-2.6,-1.1,0.85));
#3135 = VECTOR('',#3136,1.);
#3136 = DIRECTION('',(-1.224646799147E-16,-1.,0.));
#3137 = ORIENTED_EDGE('',*,*,#2399,.T.);
#3138 = PLANE('',#3139);
#3139 = AXIS2_PLACEMENT_3D('',#3140,#3141,#3142);
#3140 = CARTESIAN_POINT('',(-2.6,-1.1,0.1));
#3141 = DIRECTION('',(1.,-1.224646799147E-16,0.));
#3142 = DIRECTION('',(-1.224646799147E-16,-1.,0.));
#3143 = ADVANCED_FACE('',(#3144),#3150,.F.);
#3144 = FACE_BOUND('',#3145,.F.);
#3145 = EDGE_LOOP('',(#3146,#3147,#3148,#3149));
#3146 = ORIENTED_EDGE('',*,*,#3132,.T.);
#3147 = ORIENTED_EDGE('',*,*,#2390,.F.);
#3148 = ORIENTED_EDGE('',*,*,#2448,.F.);
#3149 = ORIENTED_EDGE('',*,*,#2516,.T.);
#3150 = CYLINDRICAL_SURFACE('',#3151,5.E-02);
#3151 = AXIS2_PLACEMENT_3D('',#3152,#3153,#3154);
#3152 = CARTESIAN_POINT('',(-2.55,-1.1,0.85));
#3153 = DIRECTION('',(-1.224646799147E-16,-1.,0.));
#3154 = DIRECTION('',(-1.,1.224646799147E-16,0.));
#3155 = ADVANCED_FACE('',(#3156),#3162,.F.);
#3156 = FACE_BOUND('',#3157,.F.);
#3157 = EDGE_LOOP('',(#3158,#3159,#3160,#3161));
#3158 = ORIENTED_EDGE('',*,*,#2463,.T.);
#3159 = ORIENTED_EDGE('',*,*,#3080,.T.);
#3160 = ORIENTED_EDGE('',*,*,#2365,.F.);
#3161 = ORIENTED_EDGE('',*,*,#3104,.F.);
#3162 = PLANE('',#3163);
#3163 = AXIS2_PLACEMENT_3D('',#3164,#3165,#3166);
#3164 = CARTESIAN_POINT('',(-2.7,-1.2,0.));
#3165 = DIRECTION('',(1.,-1.224646799147E-16,0.));
#3166 = DIRECTION('',(-1.224646799147E-16,-1.,0.));
#3167 = ADVANCED_FACE('',(#3168),#3179,.T.);
#3168 = FACE_BOUND('',#3169,.T.);
#3169 = EDGE_LOOP('',(#3170,#3171,#3177,#3178));
#3170 = ORIENTED_EDGE('',*,*,#2744,.T.);
#3171 = ORIENTED_EDGE('',*,*,#3172,.T.);
#3172 = EDGE_CURVE('',#2684,#2584,#3173,.T.);
#3173 = LINE('',#3174,#3175);
#3174 = CARTESIAN_POINT('',(-2.7,2.1,0.95));
#3175 = VECTOR('',#3176,1.);
#3176 = DIRECTION('',(-1.224646799147E-16,-1.,0.));
#3177 = ORIENTED_EDGE('',*,*,#2591,.F.);
#3178 = ORIENTED_EDGE('',*,*,#2550,.F.);
#3179 = CYLINDRICAL_SURFACE('',#3180,5.E-02);
#3180 = AXIS2_PLACEMENT_3D('',#3181,#3182,#3183);
#3181 = CARTESIAN_POINT('',(-2.65,2.1,0.95));
#3182 = DIRECTION('',(-1.224646799147E-16,-1.,0.));
#3183 = DIRECTION('',(0.,0.,1.));
#3184 = ADVANCED_FACE('',(#3185),#3201,.T.);
#3185 = FACE_BOUND('',#3186,.T.);
#3186 = EDGE_LOOP('',(#3187,#3188,#3194,#3195));
#3187 = ORIENTED_EDGE('',*,*,#2691,.T.);
#3188 = ORIENTED_EDGE('',*,*,#3189,.T.);
#3189 = EDGE_CURVE('',#2692,#2575,#3190,.T.);
#3190 = LINE('',#3191,#3192);
#3191 = CARTESIAN_POINT('',(-2.65,2.1,-6.938893903907E-18));
#3192 = VECTOR('',#3193,1.);
#3193 = DIRECTION('',(-1.224646799147E-16,-1.,0.));
#3194 = ORIENTED_EDGE('',*,*,#2572,.F.);
#3195 = ORIENTED_EDGE('',*,*,#3196,.F.);
#3196 = EDGE_CURVE('',#2682,#2573,#3197,.T.);
#3197 = LINE('',#3198,#3199);
#3198 = CARTESIAN_POINT('',(-2.7,2.1,5.E-02));
#3199 = VECTOR('',#3200,1.);
#3200 = DIRECTION('',(-1.224646799147E-16,-1.,0.));
#3201 = CYLINDRICAL_SURFACE('',#3202,5.E-02);
#3202 = AXIS2_PLACEMENT_3D('',#3203,#3204,#3205);
#3203 = CARTESIAN_POINT('',(-2.65,2.1,5.E-02));
#3204 = DIRECTION('',(-1.224646799147E-16,-1.,0.));
#3205 = DIRECTION('',(-1.,1.224646799147E-16,0.));
#3206 = ADVANCED_FACE('',(#3207),#3213,.F.);
#3207 = FACE_BOUND('',#3208,.F.);
#3208 = EDGE_LOOP('',(#3209,#3210,#3211,#3212));
#3209 = ORIENTED_EDGE('',*,*,#2700,.T.);
#3210 = ORIENTED_EDGE('',*,*,#3189,.T.);
#3211 = ORIENTED_EDGE('',*,*,#2643,.T.);
#3212 = ORIENTED_EDGE('',*,*,#2810,.T.);
#3213 = PLANE('',#3214);
#3214 = AXIS2_PLACEMENT_3D('',#3215,#3216,#3217);
#3215 = CARTESIAN_POINT('',(-2.25,1.65,0.));
#3216 = DIRECTION('',(0.,0.,1.));
#3217 = DIRECTION('',(-1.,1.224646799147E-16,0.));
#3218 = ADVANCED_FACE('',(#3219),#3230,.T.);
#3219 = FACE_BOUND('',#3220,.T.);
#3220 = EDGE_LOOP('',(#3221,#3222,#3223,#3229));
#3221 = ORIENTED_EDGE('',*,*,#3046,.F.);
#3222 = ORIENTED_EDGE('',*,*,#2726,.T.);
#3223 = ORIENTED_EDGE('',*,*,#3224,.T.);
#3224 = EDGE_CURVE('',#2727,#2609,#3225,.T.);
#3225 = LINE('',#3226,#3227);
#3226 = CARTESIAN_POINT('',(-2.6,2.2,0.85));
#3227 = VECTOR('',#3228,1.);
#3228 = DIRECTION('',(-1.224646799147E-16,-1.,0.));
#3229 = ORIENTED_EDGE('',*,*,#2617,.T.);
#3230 = PLANE('',#3231);
#3231 = AXIS2_PLACEMENT_3D('',#3232,#3233,#3234);
#3232 = CARTESIAN_POINT('',(-2.6,2.2,0.1));
#3233 = DIRECTION('',(1.,-1.224646799147E-16,0.));
#3234 = DIRECTION('',(-1.224646799147E-16,-1.,0.));
#3235 = ADVANCED_FACE('',(#3236),#3242,.F.);
#3236 = FACE_BOUND('',#3237,.F.);
#3237 = EDGE_LOOP('',(#3238,#3239,#3240,#3241));
#3238 = ORIENTED_EDGE('',*,*,#3224,.T.);
#3239 = ORIENTED_EDGE('',*,*,#2608,.F.);
#3240 = ORIENTED_EDGE('',*,*,#2666,.F.);
#3241 = ORIENTED_EDGE('',*,*,#2734,.T.);
#3242 = CYLINDRICAL_SURFACE('',#3243,5.E-02);
#3243 = AXIS2_PLACEMENT_3D('',#3244,#3245,#3246);
#3244 = CARTESIAN_POINT('',(-2.55,2.2,0.85));
#3245 = DIRECTION('',(-1.224646799147E-16,-1.,0.));
#3246 = DIRECTION('',(-1.,1.224646799147E-16,0.));
#3247 = ADVANCED_FACE('',(#3248),#3254,.F.);
#3248 = FACE_BOUND('',#3249,.F.);
#3249 = EDGE_LOOP('',(#3250,#3251,#3252,#3253));
#3250 = ORIENTED_EDGE('',*,*,#2681,.T.);
#3251 = ORIENTED_EDGE('',*,*,#3172,.T.);
#3252 = ORIENTED_EDGE('',*,*,#2583,.F.);
#3253 = ORIENTED_EDGE('',*,*,#3196,.F.);
#3254 = PLANE('',#3255);
#3255 = AXIS2_PLACEMENT_3D('',#3256,#3257,#3258);
#3256 = CARTESIAN_POINT('',(-2.7,2.1,0.));
#3257 = DIRECTION('',(1.,-1.224646799147E-16,0.));
#3258 = DIRECTION('',(-1.224646799147E-16,-1.,0.));
#3259 = ( GEOMETRIC_REPRESENTATION_CONTEXT(3) 
GLOBAL_UNCERTAINTY_ASSIGNED_CONTEXT((#3263)) 
GLOBAL_UNIT_ASSIGNED_CONTEXT((#3260,#3261,#3262)) REPRESENTATION_CONTEXT
('Context #1','3D Context with UNIT and UNCERTAINTY') );
#3260 = ( LENGTH_UNIT() NAMED_UNIT(*) SI_UNIT(.MILLI.,.METRE.) );
#3261 = ( NAMED_UNIT(*) PLANE_ANGLE_UNIT() SI_UNIT($,.RADIAN.) );
#3262 = ( NAMED_UNIT(*) SI_UNIT($,.STERADIAN.) SOLID_ANGLE_UNIT() );
#3263 = UNCERTAINTY_MEASURE_WITH_UNIT(LENGTH_MEASURE(1.E-07),#3260,
  'distance_accuracy_value','confusion accuracy');
#3264 = CONTEXT_DEPENDENT_SHAPE_REPRESENTATION(#3265,#3267);
#3265 = ( REPRESENTATION_RELATIONSHIP('','',#991,#968) 
REPRESENTATION_RELATIONSHIP_WITH_TRANSFORMATION(#3266) 
SHAPE_REPRESENTATION_RELATIONSHIP() );
#3266 = ITEM_DEFINED_TRANSFORMATION('','',#11,#969);
#3267 = PRODUCT_DEFINITION_SHAPE('Placement','Placement of an item',
  #3268);
#3268 = NEXT_ASSEMBLY_USAGE_OCCURRENCE('3','=>[0:1:1:5]','',#963,#986,$
  );
#3269 = PRODUCT_RELATED_PRODUCT_CATEGORY('part',$,(#988));
#3270 = SHAPE_DEFINITION_REPRESENTATION(#3271,#3277);
#3271 = PRODUCT_DEFINITION_SHAPE('','',#3272);
#3272 = PRODUCT_DEFINITION('design','',#3273,#3276);
#3273 = PRODUCT_DEFINITION_FORMATION('','',#3274);
#3274 = PRODUCT('R_1206_3216Metric','R_1206_3216Metric','',(#3275));
#3275 = PRODUCT_CONTEXT('',#2,'mechanical');
#3276 = PRODUCT_DEFINITION_CONTEXT('part definition',#2,'design');
#3277 = SHAPE_REPRESENTATION('',(#11,#3278),#3282);
#3278 = AXIS2_PLACEMENT_3D('',#3279,#3280,#3281);
#3279 = CARTESIAN_POINT('',(0.,0.,0.));
#3280 = DIRECTION('',(0.,0.,1.));
#3281 = DIRECTION('',(1.,0.,-0.));
#3282 = ( GEOMETRIC_REPRESENTATION_CONTEXT(3) 
GLOBAL_UNCERTAINTY_ASSIGNED_CONTEXT((#3286)) 
GLOBAL_UNIT_ASSIGNED_CONTEXT((#3283,#3284,#3285)) REPRESENTATION_CONTEXT
('Context #1','3D Context with UNIT and UNCERTAINTY') );
#3283 = ( LENGTH_UNIT() NAMED_UNIT(*) SI_UNIT(.MILLI.,.METRE.) );
#3284 = ( NAMED_UNIT(*) PLANE_ANGLE_UNIT() SI_UNIT($,.RADIAN.) );
#3285 = ( NAMED_UNIT(*) SI_UNIT($,.STERADIAN.) SOLID_ANGLE_UNIT() );
#3286 = UNCERTAINTY_MEASURE_WITH_UNIT(LENGTH_MEASURE(1.E-07),#3283,
  'distance_accuracy_value','confusion accuracy');
#3287 = CONTEXT_DEPENDENT_SHAPE_REPRESENTATION(#3288,#3290);
#3288 = ( REPRESENTATION_RELATIONSHIP('','',#3277,#10) 
REPRESENTATION_RELATIONSHIP_WITH_TRANSFORMATION(#3289) 
SHAPE_REPRESENTATION_RELATIONSHIP() );
#3289 = ITEM_DEFINED_TRANSFORMATION('','',#11,#23);
#3290 = PRODUCT_DEFINITION_SHAPE('Placement','Placement of an item',
  #3291);
#3291 = NEXT_ASSEMBLY_USAGE_OCCURRENCE('6','R2','',#5,#3272,$);
#3292 = PRODUCT_RELATED_PRODUCT_CATEGORY('part',$,(#3274));
#3293 = SHAPE_DEFINITION_REPRESENTATION(#3294,#3300);
#3294 = PRODUCT_DEFINITION_SHAPE('','',#3295);
#3295 = PRODUCT_DEFINITION('design','',#3296,#3299);
#3296 = PRODUCT_DEFINITION_FORMATION('','',#3297);
#3297 = PRODUCT('R_1206_3216Metric','R_1206_3216Metric','',(#3298));
#3298 = PRODUCT_CONTEXT('',#2,'mechanical');
#3299 = PRODUCT_DEFINITION_CONTEXT('part definition',#2,'design');
#3300 = ADVANCED_BREP_SHAPE_REPRESENTATION('',(#11,#3301),#4091);
#3301 = MANIFOLD_SOLID_BREP('',#3302);
#3302 = CLOSED_SHELL('',(#3303,#3343,#3426,#3451,#3476,#3543,#3560,#3577
    ,#3626,#3643,#3660,#3709,#3726,#3795,#3826,#3850,#3919,#3943,#3960,
    #3977,#3994,#4011,#4028,#4045,#4062,#4079));
#3303 = ADVANCED_FACE('',(#3304),#3338,.F.);
#3304 = FACE_BOUND('',#3305,.F.);
#3305 = EDGE_LOOP('',(#3306,#3316,#3324,#3332));
#3306 = ORIENTED_EDGE('',*,*,#3307,.F.);
#3307 = EDGE_CURVE('',#3308,#3310,#3312,.T.);
#3308 = VERTEX_POINT('',#3309);
#3309 = CARTESIAN_POINT('',(-1.6,-0.8,5.5E-02));
#3310 = VERTEX_POINT('',#3311);
#3311 = CARTESIAN_POINT('',(-1.6,-0.8,0.495));
#3312 = LINE('',#3313,#3314);
#3313 = CARTESIAN_POINT('',(-1.6,-0.8,0.));
#3314 = VECTOR('',#3315,1.);
#3315 = DIRECTION('',(0.,0.,1.));
#3316 = ORIENTED_EDGE('',*,*,#3317,.T.);
#3317 = EDGE_CURVE('',#3308,#3318,#3320,.T.);
#3318 = VERTEX_POINT('',#3319);
#3319 = CARTESIAN_POINT('',(-1.6,0.8,5.5E-02));
#3320 = LINE('',#3321,#3322);
#3321 = CARTESIAN_POINT('',(-1.6,-0.8,5.5E-02));
#3322 = VECTOR('',#3323,1.);
#3323 = DIRECTION('',(0.,1.,0.));
#3324 = ORIENTED_EDGE('',*,*,#3325,.T.);
#3325 = EDGE_CURVE('',#3318,#3326,#3328,.T.);
#3326 = VERTEX_POINT('',#3327);
#3327 = CARTESIAN_POINT('',(-1.6,0.8,0.495));
#3328 = LINE('',#3329,#3330);
#3329 = CARTESIAN_POINT('',(-1.6,0.8,0.));
#3330 = VECTOR('',#3331,1.);
#3331 = DIRECTION('',(0.,0.,1.));
#3332 = ORIENTED_EDGE('',*,*,#3333,.F.);
#3333 = EDGE_CURVE('',#3310,#3326,#3334,.T.);
#3334 = LINE('',#3335,#3336);
#3335 = CARTESIAN_POINT('',(-1.6,-0.8,0.495));
#3336 = VECTOR('',#3337,1.);
#3337 = DIRECTION('',(0.,1.,0.));
#3338 = PLANE('',#3339);
#3339 = AXIS2_PLACEMENT_3D('',#3340,#3341,#3342);
#3340 = CARTESIAN_POINT('',(-1.6,-0.8,0.));
#3341 = DIRECTION('',(1.,0.,0.));
#3342 = DIRECTION('',(0.,0.,1.));
#3343 = ADVANCED_FACE('',(#3344),#3421,.F.);
#3344 = FACE_BOUND('',#3345,.F.);
#3345 = EDGE_LOOP('',(#3346,#3356,#3363,#3364,#3373,#3381,#3390,#3398,
    #3406,#3414));
#3346 = ORIENTED_EDGE('',*,*,#3347,.F.);
#3347 = EDGE_CURVE('',#3348,#3350,#3352,.T.);
#3348 = VERTEX_POINT('',#3349);
#3349 = CARTESIAN_POINT('',(-1.545,-0.8,0.));
#3350 = VERTEX_POINT('',#3351);
#3351 = CARTESIAN_POINT('',(-1.255,-0.8,0.));
#3352 = LINE('',#3353,#3354);
#3353 = CARTESIAN_POINT('',(-1.6,-0.8,0.));
#3354 = VECTOR('',#3355,1.);
#3355 = DIRECTION('',(1.,0.,0.));
#3356 = ORIENTED_EDGE('',*,*,#3357,.F.);
#3357 = EDGE_CURVE('',#3308,#3348,#3358,.T.);
#3358 = CIRCLE('',#3359,5.5E-02);
#3359 = AXIS2_PLACEMENT_3D('',#3360,#3361,#3362);
#3360 = CARTESIAN_POINT('',(-1.545,-0.8,5.5E-02));
#3361 = DIRECTION('',(0.,-1.,0.));
#3362 = DIRECTION('',(0.,0.,1.));
#3363 = ORIENTED_EDGE('',*,*,#3307,.T.);
#3364 = ORIENTED_EDGE('',*,*,#3365,.T.);
#3365 = EDGE_CURVE('',#3310,#3366,#3368,.T.);
#3366 = VERTEX_POINT('',#3367);
#3367 = CARTESIAN_POINT('',(-1.545,-0.8,0.55));
#3368 = CIRCLE('',#3369,5.5E-02);
#3369 = AXIS2_PLACEMENT_3D('',#3370,#3371,#3372);
#3370 = CARTESIAN_POINT('',(-1.545,-0.8,0.495));
#3371 = DIRECTION('',(0.,1.,0.));
#3372 = DIRECTION('',(0.,-0.,1.));
#3373 = ORIENTED_EDGE('',*,*,#3374,.T.);
#3374 = EDGE_CURVE('',#3366,#3375,#3377,.T.);
#3375 = VERTEX_POINT('',#3376);
#3376 = CARTESIAN_POINT('',(-1.255,-0.8,0.55));
#3377 = LINE('',#3378,#3379);
#3378 = CARTESIAN_POINT('',(-1.6,-0.8,0.55));
#3379 = VECTOR('',#3380,1.);
#3380 = DIRECTION('',(1.,0.,0.));
#3381 = ORIENTED_EDGE('',*,*,#3382,.F.);
#3382 = EDGE_CURVE('',#3383,#3375,#3385,.T.);
#3383 = VERTEX_POINT('',#3384);
#3384 = CARTESIAN_POINT('',(-1.2,-0.8,0.495));
#3385 = CIRCLE('',#3386,5.5E-02);
#3386 = AXIS2_PLACEMENT_3D('',#3387,#3388,#3389);
#3387 = CARTESIAN_POINT('',(-1.255,-0.8,0.495));
#3388 = DIRECTION('',(0.,-1.,0.));
#3389 = DIRECTION('',(0.,0.,1.));
#3390 = ORIENTED_EDGE('',*,*,#3391,.F.);
#3391 = EDGE_CURVE('',#3392,#3383,#3394,.T.);
#3392 = VERTEX_POINT('',#3393);
#3393 = CARTESIAN_POINT('',(-1.545,-0.8,0.495));
#3394 = LINE('',#3395,#3396);
#3395 = CARTESIAN_POINT('',(-1.545,-0.8,0.495));
#3396 = VECTOR('',#3397,1.);
#3397 = DIRECTION('',(1.,0.,0.));
#3398 = ORIENTED_EDGE('',*,*,#3399,.F.);
#3399 = EDGE_CURVE('',#3400,#3392,#3402,.T.);
#3400 = VERTEX_POINT('',#3401);
#3401 = CARTESIAN_POINT('',(-1.545,-0.8,5.5E-02));
#3402 = LINE('',#3403,#3404);
#3403 = CARTESIAN_POINT('',(-1.545,-0.8,5.5E-02));
#3404 = VECTOR('',#3405,1.);
#3405 = DIRECTION('',(0.,0.,1.));
#3406 = ORIENTED_EDGE('',*,*,#3407,.T.);
#3407 = EDGE_CURVE('',#3400,#3408,#3410,.T.);
#3408 = VERTEX_POINT('',#3409);
#3409 = CARTESIAN_POINT('',(-1.2,-0.8,5.5E-02));
#3410 = LINE('',#3411,#3412);
#3411 = CARTESIAN_POINT('',(-1.545,-0.8,5.5E-02));
#3412 = VECTOR('',#3413,1.);
#3413 = DIRECTION('',(1.,0.,0.));
#3414 = ORIENTED_EDGE('',*,*,#3415,.T.);
#3415 = EDGE_CURVE('',#3408,#3350,#3416,.T.);
#3416 = CIRCLE('',#3417,5.5E-02);
#3417 = AXIS2_PLACEMENT_3D('',#3418,#3419,#3420);
#3418 = CARTESIAN_POINT('',(-1.255,-0.8,5.5E-02));
#3419 = DIRECTION('',(0.,1.,0.));
#3420 = DIRECTION('',(0.,-0.,1.));
#3421 = PLANE('',#3422);
#3422 = AXIS2_PLACEMENT_3D('',#3423,#3424,#3425);
#3423 = CARTESIAN_POINT('',(-1.6,-0.8,0.));
#3424 = DIRECTION('',(0.,1.,0.));
#3425 = DIRECTION('',(0.,-0.,1.));
#3426 = ADVANCED_FACE('',(#3427),#3446,.T.);
#3427 = FACE_BOUND('',#3428,.T.);
#3428 = EDGE_LOOP('',(#3429,#3430,#3439,#3445));
#3429 = ORIENTED_EDGE('',*,*,#3317,.T.);
#3430 = ORIENTED_EDGE('',*,*,#3431,.T.);
#3431 = EDGE_CURVE('',#3318,#3432,#3434,.T.);
#3432 = VERTEX_POINT('',#3433);
#3433 = CARTESIAN_POINT('',(-1.545,0.8,0.));
#3434 = CIRCLE('',#3435,5.5E-02);
#3435 = AXIS2_PLACEMENT_3D('',#3436,#3437,#3438);
#3436 = CARTESIAN_POINT('',(-1.545,0.8,5.5E-02));
#3437 = DIRECTION('',(0.,-1.,0.));
#3438 = DIRECTION('',(0.,0.,1.));
#3439 = ORIENTED_EDGE('',*,*,#3440,.F.);
#3440 = EDGE_CURVE('',#3348,#3432,#3441,.T.);
#3441 = LINE('',#3442,#3443);
#3442 = CARTESIAN_POINT('',(-1.545,-0.8,0.));
#3443 = VECTOR('',#3444,1.);
#3444 = DIRECTION('',(0.,1.,0.));
#3445 = ORIENTED_EDGE('',*,*,#3357,.F.);
#3446 = CYLINDRICAL_SURFACE('',#3447,5.5E-02);
#3447 = AXIS2_PLACEMENT_3D('',#3448,#3449,#3450);
#3448 = CARTESIAN_POINT('',(-1.545,-0.8,5.5E-02));
#3449 = DIRECTION('',(0.,1.,0.));
#3450 = DIRECTION('',(-1.,0.,0.));
#3451 = ADVANCED_FACE('',(#3452),#3471,.T.);
#3452 = FACE_BOUND('',#3453,.T.);
#3453 = EDGE_LOOP('',(#3454,#3455,#3463,#3470));
#3454 = ORIENTED_EDGE('',*,*,#3365,.T.);
#3455 = ORIENTED_EDGE('',*,*,#3456,.T.);
#3456 = EDGE_CURVE('',#3366,#3457,#3459,.T.);
#3457 = VERTEX_POINT('',#3458);
#3458 = CARTESIAN_POINT('',(-1.545,0.8,0.55));
#3459 = LINE('',#3460,#3461);
#3460 = CARTESIAN_POINT('',(-1.545,-0.8,0.55));
#3461 = VECTOR('',#3462,1.);
#3462 = DIRECTION('',(0.,1.,0.));
#3463 = ORIENTED_EDGE('',*,*,#3464,.F.);
#3464 = EDGE_CURVE('',#3326,#3457,#3465,.T.);
#3465 = CIRCLE('',#3466,5.5E-02);
#3466 = AXIS2_PLACEMENT_3D('',#3467,#3468,#3469);
#3467 = CARTESIAN_POINT('',(-1.545,0.8,0.495));
#3468 = DIRECTION('',(0.,1.,0.));
#3469 = DIRECTION('',(0.,-0.,1.));
#3470 = ORIENTED_EDGE('',*,*,#3333,.F.);
#3471 = CYLINDRICAL_SURFACE('',#3472,5.5E-02);
#3472 = AXIS2_PLACEMENT_3D('',#3473,#3474,#3475);
#3473 = CARTESIAN_POINT('',(-1.545,-0.8,0.495));
#3474 = DIRECTION('',(0.,1.,0.));
#3475 = DIRECTION('',(-1.,0.,0.));
#3476 = ADVANCED_FACE('',(#3477),#3538,.T.);
#3477 = FACE_BOUND('',#3478,.T.);
#3478 = EDGE_LOOP('',(#3479,#3487,#3488,#3489,#3490,#3498,#3507,#3515,
    #3523,#3531));
#3479 = ORIENTED_EDGE('',*,*,#3480,.F.);
#3480 = EDGE_CURVE('',#3432,#3481,#3483,.T.);
#3481 = VERTEX_POINT('',#3482);
#3482 = CARTESIAN_POINT('',(-1.255,0.8,0.));
#3483 = LINE('',#3484,#3485);
#3484 = CARTESIAN_POINT('',(-1.6,0.8,0.));
#3485 = VECTOR('',#3486,1.);
#3486 = DIRECTION('',(1.,0.,0.));
#3487 = ORIENTED_EDGE('',*,*,#3431,.F.);
#3488 = ORIENTED_EDGE('',*,*,#3325,.T.);
#3489 = ORIENTED_EDGE('',*,*,#3464,.T.);
#3490 = ORIENTED_EDGE('',*,*,#3491,.T.);
#3491 = EDGE_CURVE('',#3457,#3492,#3494,.T.);
#3492 = VERTEX_POINT('',#3493);
#3493 = CARTESIAN_POINT('',(-1.255,0.8,0.55));
#3494 = LINE('',#3495,#3496);
#3495 = CARTESIAN_POINT('',(-1.6,0.8,0.55));
#3496 = VECTOR('',#3497,1.);
#3497 = DIRECTION('',(1.,0.,0.));
#3498 = ORIENTED_EDGE('',*,*,#3499,.F.);
#3499 = EDGE_CURVE('',#3500,#3492,#3502,.T.);
#3500 = VERTEX_POINT('',#3501);
#3501 = CARTESIAN_POINT('',(-1.2,0.8,0.495));
#3502 = CIRCLE('',#3503,5.5E-02);
#3503 = AXIS2_PLACEMENT_3D('',#3504,#3505,#3506);
#3504 = CARTESIAN_POINT('',(-1.255,0.8,0.495));
#3505 = DIRECTION('',(0.,-1.,0.));
#3506 = DIRECTION('',(0.,0.,1.));
#3507 = ORIENTED_EDGE('',*,*,#3508,.F.);
#3508 = EDGE_CURVE('',#3509,#3500,#3511,.T.);
#3509 = VERTEX_POINT('',#3510);
#3510 = CARTESIAN_POINT('',(-1.545,0.8,0.495));
#3511 = LINE('',#3512,#3513);
#3512 = CARTESIAN_POINT('',(-1.545,0.8,0.495));
#3513 = VECTOR('',#3514,1.);
#3514 = DIRECTION('',(1.,0.,0.));
#3515 = ORIENTED_EDGE('',*,*,#3516,.F.);
#3516 = EDGE_CURVE('',#3517,#3509,#3519,.T.);
#3517 = VERTEX_POINT('',#3518);
#3518 = CARTESIAN_POINT('',(-1.545,0.8,5.5E-02));
#3519 = LINE('',#3520,#3521);
#3520 = CARTESIAN_POINT('',(-1.545,0.8,5.5E-02));
#3521 = VECTOR('',#3522,1.);
#3522 = DIRECTION('',(0.,0.,1.));
#3523 = ORIENTED_EDGE('',*,*,#3524,.T.);
#3524 = EDGE_CURVE('',#3517,#3525,#3527,.T.);
#3525 = VERTEX_POINT('',#3526);
#3526 = CARTESIAN_POINT('',(-1.2,0.8,5.5E-02));
#3527 = LINE('',#3528,#3529);
#3528 = CARTESIAN_POINT('',(-1.545,0.8,5.5E-02));
#3529 = VECTOR('',#3530,1.);
#3530 = DIRECTION('',(1.,0.,0.));
#3531 = ORIENTED_EDGE('',*,*,#3532,.T.);
#3532 = EDGE_CURVE('',#3525,#3481,#3533,.T.);
#3533 = CIRCLE('',#3534,5.5E-02);
#3534 = AXIS2_PLACEMENT_3D('',#3535,#3536,#3537);
#3535 = CARTESIAN_POINT('',(-1.255,0.8,5.5E-02));
#3536 = DIRECTION('',(0.,1.,0.));
#3537 = DIRECTION('',(0.,-0.,1.));
#3538 = PLANE('',#3539);
#3539 = AXIS2_PLACEMENT_3D('',#3540,#3541,#3542);
#3540 = CARTESIAN_POINT('',(-1.6,0.8,0.));
#3541 = DIRECTION('',(0.,1.,0.));
#3542 = DIRECTION('',(0.,-0.,1.));
#3543 = ADVANCED_FACE('',(#3544),#3555,.F.);
#3544 = FACE_BOUND('',#3545,.F.);
#3545 = EDGE_LOOP('',(#3546,#3547,#3548,#3549));
#3546 = ORIENTED_EDGE('',*,*,#3480,.F.);
#3547 = ORIENTED_EDGE('',*,*,#3440,.F.);
#3548 = ORIENTED_EDGE('',*,*,#3347,.T.);
#3549 = ORIENTED_EDGE('',*,*,#3550,.T.);
#3550 = EDGE_CURVE('',#3350,#3481,#3551,.T.);
#3551 = LINE('',#3552,#3553);
#3552 = CARTESIAN_POINT('',(-1.255,-0.8,0.));
#3553 = VECTOR('',#3554,1.);
#3554 = DIRECTION('',(0.,1.,0.));
#3555 = PLANE('',#3556);
#3556 = AXIS2_PLACEMENT_3D('',#3557,#3558,#3559);
#3557 = CARTESIAN_POINT('',(-1.6,-0.8,0.));
#3558 = DIRECTION('',(0.,0.,1.));
#3559 = DIRECTION('',(1.,0.,-0.));
#3560 = ADVANCED_FACE('',(#3561),#3572,.T.);
#3561 = FACE_BOUND('',#3562,.T.);
#3562 = EDGE_LOOP('',(#3563,#3564,#3565,#3566));
#3563 = ORIENTED_EDGE('',*,*,#3415,.T.);
#3564 = ORIENTED_EDGE('',*,*,#3550,.T.);
#3565 = ORIENTED_EDGE('',*,*,#3532,.F.);
#3566 = ORIENTED_EDGE('',*,*,#3567,.F.);
#3567 = EDGE_CURVE('',#3408,#3525,#3568,.T.);
#3568 = LINE('',#3569,#3570);
#3569 = CARTESIAN_POINT('',(-1.2,-0.8,5.5E-02));
#3570 = VECTOR('',#3571,1.);
#3571 = DIRECTION('',(0.,1.,0.));
#3572 = CYLINDRICAL_SURFACE('',#3573,5.5E-02);
#3573 = AXIS2_PLACEMENT_3D('',#3574,#3575,#3576);
#3574 = CARTESIAN_POINT('',(-1.255,-0.8,5.5E-02));
#3575 = DIRECTION('',(0.,1.,0.));
#3576 = DIRECTION('',(1.,0.,0.));
#3577 = ADVANCED_FACE('',(#3578),#3621,.F.);
#3578 = FACE_BOUND('',#3579,.F.);
#3579 = EDGE_LOOP('',(#3580,#3581,#3582,#3583,#3591,#3599,#3607,#3615));
#3580 = ORIENTED_EDGE('',*,*,#3407,.F.);
#3581 = ORIENTED_EDGE('',*,*,#3399,.T.);
#3582 = ORIENTED_EDGE('',*,*,#3391,.T.);
#3583 = ORIENTED_EDGE('',*,*,#3584,.T.);
#3584 = EDGE_CURVE('',#3383,#3585,#3587,.T.);
#3585 = VERTEX_POINT('',#3586);
#3586 = CARTESIAN_POINT('',(1.2,-0.8,0.495));
#3587 = LINE('',#3588,#3589);
#3588 = CARTESIAN_POINT('',(-1.2,-0.8,0.495));
#3589 = VECTOR('',#3590,1.);
#3590 = DIRECTION('',(1.,0.,0.));
#3591 = ORIENTED_EDGE('',*,*,#3592,.T.);
#3592 = EDGE_CURVE('',#3585,#3593,#3595,.T.);
#3593 = VERTEX_POINT('',#3594);
#3594 = CARTESIAN_POINT('',(1.545,-0.8,0.495));
#3595 = LINE('',#3596,#3597);
#3596 = CARTESIAN_POINT('',(-1.545,-0.8,0.495));
#3597 = VECTOR('',#3598,1.);
#3598 = DIRECTION('',(1.,0.,0.));
#3599 = ORIENTED_EDGE('',*,*,#3600,.F.);
#3600 = EDGE_CURVE('',#3601,#3593,#3603,.T.);
#3601 = VERTEX_POINT('',#3602);
#3602 = CARTESIAN_POINT('',(1.545,-0.8,5.5E-02));
#3603 = LINE('',#3604,#3605);
#3604 = CARTESIAN_POINT('',(1.545,-0.8,5.5E-02));
#3605 = VECTOR('',#3606,1.);
#3606 = DIRECTION('',(0.,0.,1.));
#3607 = ORIENTED_EDGE('',*,*,#3608,.F.);
#3608 = EDGE_CURVE('',#3609,#3601,#3611,.T.);
#3609 = VERTEX_POINT('',#3610);
#3610 = CARTESIAN_POINT('',(1.2,-0.8,5.5E-02));
#3611 = LINE('',#3612,#3613);
#3612 = CARTESIAN_POINT('',(-1.545,-0.8,5.5E-02));
#3613 = VECTOR('',#3614,1.);
#3614 = DIRECTION('',(1.,0.,0.));
#3615 = ORIENTED_EDGE('',*,*,#3616,.F.);
#3616 = EDGE_CURVE('',#3408,#3609,#3617,.T.);
#3617 = LINE('',#3618,#3619);
#3618 = CARTESIAN_POINT('',(-1.545,-0.8,5.5E-02));
#3619 = VECTOR('',#3620,1.);
#3620 = DIRECTION('',(1.,0.,0.));
#3621 = PLANE('',#3622);
#3622 = AXIS2_PLACEMENT_3D('',#3623,#3624,#3625);
#3623 = CARTESIAN_POINT('',(-1.545,-0.8,5.5E-02));
#3624 = DIRECTION('',(0.,1.,0.));
#3625 = DIRECTION('',(0.,-0.,1.));
#3626 = ADVANCED_FACE('',(#3627),#3638,.T.);
#3627 = FACE_BOUND('',#3628,.T.);
#3628 = EDGE_LOOP('',(#3629,#3630,#3631,#3632));
#3629 = ORIENTED_EDGE('',*,*,#3491,.F.);
#3630 = ORIENTED_EDGE('',*,*,#3456,.F.);
#3631 = ORIENTED_EDGE('',*,*,#3374,.T.);
#3632 = ORIENTED_EDGE('',*,*,#3633,.T.);
#3633 = EDGE_CURVE('',#3375,#3492,#3634,.T.);
#3634 = LINE('',#3635,#3636);
#3635 = CARTESIAN_POINT('',(-1.255,-0.8,0.55));
#3636 = VECTOR('',#3637,1.);
#3637 = DIRECTION('',(0.,1.,0.));
#3638 = PLANE('',#3639);
#3639 = AXIS2_PLACEMENT_3D('',#3640,#3641,#3642);
#3640 = CARTESIAN_POINT('',(-1.6,-0.8,0.55));
#3641 = DIRECTION('',(0.,0.,1.));
#3642 = DIRECTION('',(1.,0.,-0.));
#3643 = ADVANCED_FACE('',(#3644),#3655,.T.);
#3644 = FACE_BOUND('',#3645,.T.);
#3645 = EDGE_LOOP('',(#3646,#3652,#3653,#3654));
#3646 = ORIENTED_EDGE('',*,*,#3647,.T.);
#3647 = EDGE_CURVE('',#3383,#3500,#3648,.T.);
#3648 = LINE('',#3649,#3650);
#3649 = CARTESIAN_POINT('',(-1.2,-0.8,0.495));
#3650 = VECTOR('',#3651,1.);
#3651 = DIRECTION('',(0.,1.,0.));
#3652 = ORIENTED_EDGE('',*,*,#3499,.T.);
#3653 = ORIENTED_EDGE('',*,*,#3633,.F.);
#3654 = ORIENTED_EDGE('',*,*,#3382,.F.);
#3655 = CYLINDRICAL_SURFACE('',#3656,5.5E-02);
#3656 = AXIS2_PLACEMENT_3D('',#3657,#3658,#3659);
#3657 = CARTESIAN_POINT('',(-1.255,-0.8,0.495));
#3658 = DIRECTION('',(0.,1.,0.));
#3659 = DIRECTION('',(1.,0.,0.));
#3660 = ADVANCED_FACE('',(#3661),#3704,.T.);
#3661 = FACE_BOUND('',#3662,.T.);
#3662 = EDGE_LOOP('',(#3663,#3664,#3665,#3666,#3674,#3682,#3690,#3698));
#3663 = ORIENTED_EDGE('',*,*,#3524,.F.);
#3664 = ORIENTED_EDGE('',*,*,#3516,.T.);
#3665 = ORIENTED_EDGE('',*,*,#3508,.T.);
#3666 = ORIENTED_EDGE('',*,*,#3667,.T.);
#3667 = EDGE_CURVE('',#3500,#3668,#3670,.T.);
#3668 = VERTEX_POINT('',#3669);
#3669 = CARTESIAN_POINT('',(1.2,0.8,0.495));
#3670 = LINE('',#3671,#3672);
#3671 = CARTESIAN_POINT('',(-1.2,0.8,0.495));
#3672 = VECTOR('',#3673,1.);
#3673 = DIRECTION('',(1.,0.,0.));
#3674 = ORIENTED_EDGE('',*,*,#3675,.T.);
#3675 = EDGE_CURVE('',#3668,#3676,#3678,.T.);
#3676 = VERTEX_POINT('',#3677);
#3677 = CARTESIAN_POINT('',(1.545,0.8,0.495));
#3678 = LINE('',#3679,#3680);
#3679 = CARTESIAN_POINT('',(-1.545,0.8,0.495));
#3680 = VECTOR('',#3681,1.);
#3681 = DIRECTION('',(1.,0.,0.));
#3682 = ORIENTED_EDGE('',*,*,#3683,.F.);
#3683 = EDGE_CURVE('',#3684,#3676,#3686,.T.);
#3684 = VERTEX_POINT('',#3685);
#3685 = CARTESIAN_POINT('',(1.545,0.8,5.5E-02));
#3686 = LINE('',#3687,#3688);
#3687 = CARTESIAN_POINT('',(1.545,0.8,5.5E-02));
#3688 = VECTOR('',#3689,1.);
#3689 = DIRECTION('',(0.,0.,1.));
#3690 = ORIENTED_EDGE('',*,*,#3691,.F.);
#3691 = EDGE_CURVE('',#3692,#3684,#3694,.T.);
#3692 = VERTEX_POINT('',#3693);
#3693 = CARTESIAN_POINT('',(1.2,0.8,5.5E-02));
#3694 = LINE('',#3695,#3696);
#3695 = CARTESIAN_POINT('',(-1.545,0.8,5.5E-02));
#3696 = VECTOR('',#3697,1.);
#3697 = DIRECTION('',(1.,0.,0.));
#3698 = ORIENTED_EDGE('',*,*,#3699,.F.);
#3699 = EDGE_CURVE('',#3525,#3692,#3700,.T.);
#3700 = LINE('',#3701,#3702);
#3701 = CARTESIAN_POINT('',(-1.545,0.8,5.5E-02));
#3702 = VECTOR('',#3703,1.);
#3703 = DIRECTION('',(1.,0.,0.));
#3704 = PLANE('',#3705);
#3705 = AXIS2_PLACEMENT_3D('',#3706,#3707,#3708);
#3706 = CARTESIAN_POINT('',(-1.545,0.8,5.5E-02));
#3707 = DIRECTION('',(0.,1.,0.));
#3708 = DIRECTION('',(0.,-0.,1.));
#3709 = ADVANCED_FACE('',(#3710),#3721,.F.);
#3710 = FACE_BOUND('',#3711,.F.);
#3711 = EDGE_LOOP('',(#3712,#3713,#3714,#3720));
#3712 = ORIENTED_EDGE('',*,*,#3567,.F.);
#3713 = ORIENTED_EDGE('',*,*,#3616,.T.);
#3714 = ORIENTED_EDGE('',*,*,#3715,.T.);
#3715 = EDGE_CURVE('',#3609,#3692,#3716,.T.);
#3716 = LINE('',#3717,#3718);
#3717 = CARTESIAN_POINT('',(1.2,-0.8,5.5E-02));
#3718 = VECTOR('',#3719,1.);
#3719 = DIRECTION('',(0.,1.,0.));
#3720 = ORIENTED_EDGE('',*,*,#3699,.F.);
#3721 = PLANE('',#3722);
#3722 = AXIS2_PLACEMENT_3D('',#3723,#3724,#3725);
#3723 = CARTESIAN_POINT('',(-1.545,-0.8,5.5E-02));
#3724 = DIRECTION('',(0.,0.,1.));
#3725 = DIRECTION('',(1.,0.,-0.));
#3726 = ADVANCED_FACE('',(#3727),#3790,.F.);
#3727 = FACE_BOUND('',#3728,.F.);
#3728 = EDGE_LOOP('',(#3729,#3739,#3746,#3747,#3748,#3749,#3758,#3766,
    #3775,#3783));
#3729 = ORIENTED_EDGE('',*,*,#3730,.F.);
#3730 = EDGE_CURVE('',#3731,#3733,#3735,.T.);
#3731 = VERTEX_POINT('',#3732);
#3732 = CARTESIAN_POINT('',(1.255,-0.8,0.));
#3733 = VERTEX_POINT('',#3734);
#3734 = CARTESIAN_POINT('',(1.545,-0.8,0.));
#3735 = LINE('',#3736,#3737);
#3736 = CARTESIAN_POINT('',(1.2,-0.8,0.));
#3737 = VECTOR('',#3738,1.);
#3738 = DIRECTION('',(1.,0.,0.));
#3739 = ORIENTED_EDGE('',*,*,#3740,.F.);
#3740 = EDGE_CURVE('',#3609,#3731,#3741,.T.);
#3741 = CIRCLE('',#3742,5.5E-02);
#3742 = AXIS2_PLACEMENT_3D('',#3743,#3744,#3745);
#3743 = CARTESIAN_POINT('',(1.255,-0.8,5.5E-02));
#3744 = DIRECTION('',(0.,-1.,0.));
#3745 = DIRECTION('',(0.,0.,1.));
#3746 = ORIENTED_EDGE('',*,*,#3608,.T.);
#3747 = ORIENTED_EDGE('',*,*,#3600,.T.);
#3748 = ORIENTED_EDGE('',*,*,#3592,.F.);
#3749 = ORIENTED_EDGE('',*,*,#3750,.T.);
#3750 = EDGE_CURVE('',#3585,#3751,#3753,.T.);
#3751 = VERTEX_POINT('',#3752);
#3752 = CARTESIAN_POINT('',(1.255,-0.8,0.55));
#3753 = CIRCLE('',#3754,5.5E-02);
#3754 = AXIS2_PLACEMENT_3D('',#3755,#3756,#3757);
#3755 = CARTESIAN_POINT('',(1.255,-0.8,0.495));
#3756 = DIRECTION('',(0.,1.,0.));
#3757 = DIRECTION('',(0.,-0.,1.));
#3758 = ORIENTED_EDGE('',*,*,#3759,.T.);
#3759 = EDGE_CURVE('',#3751,#3760,#3762,.T.);
#3760 = VERTEX_POINT('',#3761);
#3761 = CARTESIAN_POINT('',(1.545,-0.8,0.55));
#3762 = LINE('',#3763,#3764);
#3763 = CARTESIAN_POINT('',(1.2,-0.8,0.55));
#3764 = VECTOR('',#3765,1.);
#3765 = DIRECTION('',(1.,0.,0.));
#3766 = ORIENTED_EDGE('',*,*,#3767,.F.);
#3767 = EDGE_CURVE('',#3768,#3760,#3770,.T.);
#3768 = VERTEX_POINT('',#3769);
#3769 = CARTESIAN_POINT('',(1.6,-0.8,0.495));
#3770 = CIRCLE('',#3771,5.5E-02);
#3771 = AXIS2_PLACEMENT_3D('',#3772,#3773,#3774);
#3772 = CARTESIAN_POINT('',(1.545,-0.8,0.495));
#3773 = DIRECTION('',(0.,-1.,0.));
#3774 = DIRECTION('',(0.,0.,1.));
#3775 = ORIENTED_EDGE('',*,*,#3776,.F.);
#3776 = EDGE_CURVE('',#3777,#3768,#3779,.T.);
#3777 = VERTEX_POINT('',#3778);
#3778 = CARTESIAN_POINT('',(1.6,-0.8,5.5E-02));
#3779 = LINE('',#3780,#3781);
#3780 = CARTESIAN_POINT('',(1.6,-0.8,0.));
#3781 = VECTOR('',#3782,1.);
#3782 = DIRECTION('',(0.,0.,1.));
#3783 = ORIENTED_EDGE('',*,*,#3784,.T.);
#3784 = EDGE_CURVE('',#3777,#3733,#3785,.T.);
#3785 = CIRCLE('',#3786,5.5E-02);
#3786 = AXIS2_PLACEMENT_3D('',#3787,#3788,#3789);
#3787 = CARTESIAN_POINT('',(1.545,-0.8,5.5E-02));
#3788 = DIRECTION('',(0.,1.,0.));
#3789 = DIRECTION('',(0.,-0.,1.));
#3790 = PLANE('',#3791);
#3791 = AXIS2_PLACEMENT_3D('',#3792,#3793,#3794);
#3792 = CARTESIAN_POINT('',(1.2,-0.8,0.));
#3793 = DIRECTION('',(0.,1.,0.));
#3794 = DIRECTION('',(0.,-0.,1.));
#3795 = ADVANCED_FACE('',(#3796),#3821,.F.);
#3796 = FACE_BOUND('',#3797,.F.);
#3797 = EDGE_LOOP('',(#3798,#3799,#3807,#3815));
#3798 = ORIENTED_EDGE('',*,*,#3584,.F.);
#3799 = ORIENTED_EDGE('',*,*,#3800,.T.);
#3800 = EDGE_CURVE('',#3383,#3801,#3803,.T.);
#3801 = VERTEX_POINT('',#3802);
#3802 = CARTESIAN_POINT('',(-1.2,-0.8,0.55));
#3803 = LINE('',#3804,#3805);
#3804 = CARTESIAN_POINT('',(-1.2,-0.8,0.495));
#3805 = VECTOR('',#3806,1.);
#3806 = DIRECTION('',(0.,0.,1.));
#3807 = ORIENTED_EDGE('',*,*,#3808,.T.);
#3808 = EDGE_CURVE('',#3801,#3809,#3811,.T.);
#3809 = VERTEX_POINT('',#3810);
#3810 = CARTESIAN_POINT('',(1.2,-0.8,0.55));
#3811 = LINE('',#3812,#3813);
#3812 = CARTESIAN_POINT('',(-1.2,-0.8,0.55));
#3813 = VECTOR('',#3814,1.);
#3814 = DIRECTION('',(1.,0.,0.));
#3815 = ORIENTED_EDGE('',*,*,#3816,.F.);
#3816 = EDGE_CURVE('',#3585,#3809,#3817,.T.);
#3817 = LINE('',#3818,#3819);
#3818 = CARTESIAN_POINT('',(1.2,-0.8,0.495));
#3819 = VECTOR('',#3820,1.);
#3820 = DIRECTION('',(0.,0.,1.));
#3821 = PLANE('',#3822);
#3822 = AXIS2_PLACEMENT_3D('',#3823,#3824,#3825);
#3823 = CARTESIAN_POINT('',(-1.2,-0.8,0.495));
#3824 = DIRECTION('',(0.,1.,0.));
#3825 = DIRECTION('',(0.,-0.,1.));
#3826 = ADVANCED_FACE('',(#3827),#3845,.F.);
#3827 = FACE_BOUND('',#3828,.F.);
#3828 = EDGE_LOOP('',(#3829,#3830,#3831,#3839));
#3829 = ORIENTED_EDGE('',*,*,#3800,.F.);
#3830 = ORIENTED_EDGE('',*,*,#3647,.T.);
#3831 = ORIENTED_EDGE('',*,*,#3832,.T.);
#3832 = EDGE_CURVE('',#3500,#3833,#3835,.T.);
#3833 = VERTEX_POINT('',#3834);
#3834 = CARTESIAN_POINT('',(-1.2,0.8,0.55));
#3835 = LINE('',#3836,#3837);
#3836 = CARTESIAN_POINT('',(-1.2,0.8,0.495));
#3837 = VECTOR('',#3838,1.);
#3838 = DIRECTION('',(0.,0.,1.));
#3839 = ORIENTED_EDGE('',*,*,#3840,.F.);
#3840 = EDGE_CURVE('',#3801,#3833,#3841,.T.);
#3841 = LINE('',#3842,#3843);
#3842 = CARTESIAN_POINT('',(-1.2,-0.8,0.55));
#3843 = VECTOR('',#3844,1.);
#3844 = DIRECTION('',(0.,1.,0.));
#3845 = PLANE('',#3846);
#3846 = AXIS2_PLACEMENT_3D('',#3847,#3848,#3849);
#3847 = CARTESIAN_POINT('',(-1.2,-0.8,0.495));
#3848 = DIRECTION('',(1.,0.,0.));
#3849 = DIRECTION('',(0.,0.,1.));
#3850 = ADVANCED_FACE('',(#3851),#3914,.T.);
#3851 = FACE_BOUND('',#3852,.T.);
#3852 = EDGE_LOOP('',(#3853,#3863,#3870,#3871,#3872,#3873,#3882,#3890,
    #3899,#3907));
#3853 = ORIENTED_EDGE('',*,*,#3854,.F.);
#3854 = EDGE_CURVE('',#3855,#3857,#3859,.T.);
#3855 = VERTEX_POINT('',#3856);
#3856 = CARTESIAN_POINT('',(1.255,0.8,0.));
#3857 = VERTEX_POINT('',#3858);
#3858 = CARTESIAN_POINT('',(1.545,0.8,0.));
#3859 = LINE('',#3860,#3861);
#3860 = CARTESIAN_POINT('',(1.2,0.8,0.));
#3861 = VECTOR('',#3862,1.);
#3862 = DIRECTION('',(1.,0.,0.));
#3863 = ORIENTED_EDGE('',*,*,#3864,.F.);
#3864 = EDGE_CURVE('',#3692,#3855,#3865,.T.);
#3865 = CIRCLE('',#3866,5.5E-02);
#3866 = AXIS2_PLACEMENT_3D('',#3867,#3868,#3869);
#3867 = CARTESIAN_POINT('',(1.255,0.8,5.5E-02));
#3868 = DIRECTION('',(0.,-1.,0.));
#3869 = DIRECTION('',(0.,0.,1.));
#3870 = ORIENTED_EDGE('',*,*,#3691,.T.);
#3871 = ORIENTED_EDGE('',*,*,#3683,.T.);
#3872 = ORIENTED_EDGE('',*,*,#3675,.F.);
#3873 = ORIENTED_EDGE('',*,*,#3874,.T.);
#3874 = EDGE_CURVE('',#3668,#3875,#3877,.T.);
#3875 = VERTEX_POINT('',#3876);
#3876 = CARTESIAN_POINT('',(1.255,0.8,0.55));
#3877 = CIRCLE('',#3878,5.5E-02);
#3878 = AXIS2_PLACEMENT_3D('',#3879,#3880,#3881);
#3879 = CARTESIAN_POINT('',(1.255,0.8,0.495));
#3880 = DIRECTION('',(0.,1.,0.));
#3881 = DIRECTION('',(0.,-0.,1.));
#3882 = ORIENTED_EDGE('',*,*,#3883,.T.);
#3883 = EDGE_CURVE('',#3875,#3884,#3886,.T.);
#3884 = VERTEX_POINT('',#3885);
#3885 = CARTESIAN_POINT('',(1.545,0.8,0.55));
#3886 = LINE('',#3887,#3888);
#3887 = CARTESIAN_POINT('',(1.2,0.8,0.55));
#3888 = VECTOR('',#3889,1.);
#3889 = DIRECTION('',(1.,0.,0.));
#3890 = ORIENTED_EDGE('',*,*,#3891,.F.);
#3891 = EDGE_CURVE('',#3892,#3884,#3894,.T.);
#3892 = VERTEX_POINT('',#3893);
#3893 = CARTESIAN_POINT('',(1.6,0.8,0.495));
#3894 = CIRCLE('',#3895,5.5E-02);
#3895 = AXIS2_PLACEMENT_3D('',#3896,#3897,#3898);
#3896 = CARTESIAN_POINT('',(1.545,0.8,0.495));
#3897 = DIRECTION('',(0.,-1.,0.));
#3898 = DIRECTION('',(0.,0.,1.));
#3899 = ORIENTED_EDGE('',*,*,#3900,.F.);
#3900 = EDGE_CURVE('',#3901,#3892,#3903,.T.);
#3901 = VERTEX_POINT('',#3902);
#3902 = CARTESIAN_POINT('',(1.6,0.8,5.5E-02));
#3903 = LINE('',#3904,#3905);
#3904 = CARTESIAN_POINT('',(1.6,0.8,0.));
#3905 = VECTOR('',#3906,1.);
#3906 = DIRECTION('',(0.,0.,1.));
#3907 = ORIENTED_EDGE('',*,*,#3908,.T.);
#3908 = EDGE_CURVE('',#3901,#3857,#3909,.T.);
#3909 = CIRCLE('',#3910,5.5E-02);
#3910 = AXIS2_PLACEMENT_3D('',#3911,#3912,#3913);
#3911 = CARTESIAN_POINT('',(1.545,0.8,5.5E-02));
#3912 = DIRECTION('',(0.,1.,0.));
#3913 = DIRECTION('',(0.,-0.,1.));
#3914 = PLANE('',#3915);
#3915 = AXIS2_PLACEMENT_3D('',#3916,#3917,#3918);
#3916 = CARTESIAN_POINT('',(1.2,0.8,0.));
#3917 = DIRECTION('',(0.,1.,0.));
#3918 = DIRECTION('',(0.,-0.,1.));
#3919 = ADVANCED_FACE('',(#3920),#3938,.T.);
#3920 = FACE_BOUND('',#3921,.T.);
#3921 = EDGE_LOOP('',(#3922,#3923,#3924,#3932));
#3922 = ORIENTED_EDGE('',*,*,#3667,.F.);
#3923 = ORIENTED_EDGE('',*,*,#3832,.T.);
#3924 = ORIENTED_EDGE('',*,*,#3925,.T.);
#3925 = EDGE_CURVE('',#3833,#3926,#3928,.T.);
#3926 = VERTEX_POINT('',#3927);
#3927 = CARTESIAN_POINT('',(1.2,0.8,0.55));
#3928 = LINE('',#3929,#3930);
#3929 = CARTESIAN_POINT('',(-1.2,0.8,0.55));
#3930 = VECTOR('',#3931,1.);
#3931 = DIRECTION('',(1.,0.,0.));
#3932 = ORIENTED_EDGE('',*,*,#3933,.F.);
#3933 = EDGE_CURVE('',#3668,#3926,#3934,.T.);
#3934 = LINE('',#3935,#3936);
#3935 = CARTESIAN_POINT('',(1.2,0.8,0.495));
#3936 = VECTOR('',#3937,1.);
#3937 = DIRECTION('',(0.,0.,1.));
#3938 = PLANE('',#3939);
#3939 = AXIS2_PLACEMENT_3D('',#3940,#3941,#3942);
#3940 = CARTESIAN_POINT('',(-1.2,0.8,0.495));
#3941 = DIRECTION('',(0.,1.,0.));
#3942 = DIRECTION('',(0.,-0.,1.));
#3943 = ADVANCED_FACE('',(#3944),#3955,.T.);
#3944 = FACE_BOUND('',#3945,.T.);
#3945 = EDGE_LOOP('',(#3946,#3947,#3948,#3954));
#3946 = ORIENTED_EDGE('',*,*,#3715,.T.);
#3947 = ORIENTED_EDGE('',*,*,#3864,.T.);
#3948 = ORIENTED_EDGE('',*,*,#3949,.F.);
#3949 = EDGE_CURVE('',#3731,#3855,#3950,.T.);
#3950 = LINE('',#3951,#3952);
#3951 = CARTESIAN_POINT('',(1.255,-0.8,0.));
#3952 = VECTOR('',#3953,1.);
#3953 = DIRECTION('',(0.,1.,0.));
#3954 = ORIENTED_EDGE('',*,*,#3740,.F.);
#3955 = CYLINDRICAL_SURFACE('',#3956,5.5E-02);
#3956 = AXIS2_PLACEMENT_3D('',#3957,#3958,#3959);
#3957 = CARTESIAN_POINT('',(1.255,-0.8,5.5E-02));
#3958 = DIRECTION('',(0.,1.,0.));
#3959 = DIRECTION('',(-1.,0.,0.));
#3960 = ADVANCED_FACE('',(#3961),#3972,.F.);
#3961 = FACE_BOUND('',#3962,.F.);
#3962 = EDGE_LOOP('',(#3963,#3964,#3965,#3966));
#3963 = ORIENTED_EDGE('',*,*,#3854,.F.);
#3964 = ORIENTED_EDGE('',*,*,#3949,.F.);
#3965 = ORIENTED_EDGE('',*,*,#3730,.T.);
#3966 = ORIENTED_EDGE('',*,*,#3967,.T.);
#3967 = EDGE_CURVE('',#3733,#3857,#3968,.T.);
#3968 = LINE('',#3969,#3970);
#3969 = CARTESIAN_POINT('',(1.545,-0.8,0.));
#3970 = VECTOR('',#3971,1.);
#3971 = DIRECTION('',(0.,1.,0.));
#3972 = PLANE('',#3973);
#3973 = AXIS2_PLACEMENT_3D('',#3974,#3975,#3976);
#3974 = CARTESIAN_POINT('',(1.2,-0.8,0.));
#3975 = DIRECTION('',(0.,0.,1.));
#3976 = DIRECTION('',(1.,0.,-0.));
#3977 = ADVANCED_FACE('',(#3978),#3989,.T.);
#3978 = FACE_BOUND('',#3979,.T.);
#3979 = EDGE_LOOP('',(#3980,#3981,#3982,#3983));
#3980 = ORIENTED_EDGE('',*,*,#3784,.T.);
#3981 = ORIENTED_EDGE('',*,*,#3967,.T.);
#3982 = ORIENTED_EDGE('',*,*,#3908,.F.);
#3983 = ORIENTED_EDGE('',*,*,#3984,.F.);
#3984 = EDGE_CURVE('',#3777,#3901,#3985,.T.);
#3985 = LINE('',#3986,#3987);
#3986 = CARTESIAN_POINT('',(1.6,-0.8,5.5E-02));
#3987 = VECTOR('',#3988,1.);
#3988 = DIRECTION('',(0.,1.,0.));
#3989 = CYLINDRICAL_SURFACE('',#3990,5.5E-02);
#3990 = AXIS2_PLACEMENT_3D('',#3991,#3992,#3993);
#3991 = CARTESIAN_POINT('',(1.545,-0.8,5.5E-02));
#3992 = DIRECTION('',(0.,1.,0.));
#3993 = DIRECTION('',(1.,0.,0.));
#3994 = ADVANCED_FACE('',(#3995),#4006,.T.);
#3995 = FACE_BOUND('',#3996,.T.);
#3996 = EDGE_LOOP('',(#3997,#3998,#3999,#4000));
#3997 = ORIENTED_EDGE('',*,*,#3776,.F.);
#3998 = ORIENTED_EDGE('',*,*,#3984,.T.);
#3999 = ORIENTED_EDGE('',*,*,#3900,.T.);
#4000 = ORIENTED_EDGE('',*,*,#4001,.F.);
#4001 = EDGE_CURVE('',#3768,#3892,#4002,.T.);
#4002 = LINE('',#4003,#4004);
#4003 = CARTESIAN_POINT('',(1.6,-0.8,0.495));
#4004 = VECTOR('',#4005,1.);
#4005 = DIRECTION('',(0.,1.,0.));
#4006 = PLANE('',#4007);
#4007 = AXIS2_PLACEMENT_3D('',#4008,#4009,#4010);
#4008 = CARTESIAN_POINT('',(1.6,-0.8,0.));
#4009 = DIRECTION('',(1.,0.,0.));
#4010 = DIRECTION('',(0.,0.,1.));
#4011 = ADVANCED_FACE('',(#4012),#4023,.T.);
#4012 = FACE_BOUND('',#4013,.T.);
#4013 = EDGE_LOOP('',(#4014,#4015,#4016,#4022));
#4014 = ORIENTED_EDGE('',*,*,#4001,.T.);
#4015 = ORIENTED_EDGE('',*,*,#3891,.T.);
#4016 = ORIENTED_EDGE('',*,*,#4017,.F.);
#4017 = EDGE_CURVE('',#3760,#3884,#4018,.T.);
#4018 = LINE('',#4019,#4020);
#4019 = CARTESIAN_POINT('',(1.545,-0.8,0.55));
#4020 = VECTOR('',#4021,1.);
#4021 = DIRECTION('',(0.,1.,0.));
#4022 = ORIENTED_EDGE('',*,*,#3767,.F.);
#4023 = CYLINDRICAL_SURFACE('',#4024,5.5E-02);
#4024 = AXIS2_PLACEMENT_3D('',#4025,#4026,#4027);
#4025 = CARTESIAN_POINT('',(1.545,-0.8,0.495));
#4026 = DIRECTION('',(0.,1.,0.));
#4027 = DIRECTION('',(1.,0.,0.));
#4028 = ADVANCED_FACE('',(#4029),#4040,.T.);
#4029 = FACE_BOUND('',#4030,.T.);
#4030 = EDGE_LOOP('',(#4031,#4032,#4038,#4039));
#4031 = ORIENTED_EDGE('',*,*,#3883,.F.);
#4032 = ORIENTED_EDGE('',*,*,#4033,.F.);
#4033 = EDGE_CURVE('',#3751,#3875,#4034,.T.);
#4034 = LINE('',#4035,#4036);
#4035 = CARTESIAN_POINT('',(1.255,-0.8,0.55));
#4036 = VECTOR('',#4037,1.);
#4037 = DIRECTION('',(0.,1.,0.));
#4038 = ORIENTED_EDGE('',*,*,#3759,.T.);
#4039 = ORIENTED_EDGE('',*,*,#4017,.T.);
#4040 = PLANE('',#4041);
#4041 = AXIS2_PLACEMENT_3D('',#4042,#4043,#4044);
#4042 = CARTESIAN_POINT('',(1.2,-0.8,0.55));
#4043 = DIRECTION('',(0.,0.,1.));
#4044 = DIRECTION('',(1.,0.,-0.));
#4045 = ADVANCED_FACE('',(#4046),#4057,.T.);
#4046 = FACE_BOUND('',#4047,.T.);
#4047 = EDGE_LOOP('',(#4048,#4049,#4050,#4051));
#4048 = ORIENTED_EDGE('',*,*,#3750,.T.);
#4049 = ORIENTED_EDGE('',*,*,#4033,.T.);
#4050 = ORIENTED_EDGE('',*,*,#3874,.F.);
#4051 = ORIENTED_EDGE('',*,*,#4052,.F.);
#4052 = EDGE_CURVE('',#3585,#3668,#4053,.T.);
#4053 = LINE('',#4054,#4055);
#4054 = CARTESIAN_POINT('',(1.2,-0.8,0.495));
#4055 = VECTOR('',#4056,1.);
#4056 = DIRECTION('',(0.,1.,0.));
#4057 = CYLINDRICAL_SURFACE('',#4058,5.5E-02);
#4058 = AXIS2_PLACEMENT_3D('',#4059,#4060,#4061);
#4059 = CARTESIAN_POINT('',(1.255,-0.8,0.495));
#4060 = DIRECTION('',(0.,1.,0.));
#4061 = DIRECTION('',(-1.,0.,0.));
#4062 = ADVANCED_FACE('',(#4063),#4074,.T.);
#4063 = FACE_BOUND('',#4064,.T.);
#4064 = EDGE_LOOP('',(#4065,#4066,#4067,#4068));
#4065 = ORIENTED_EDGE('',*,*,#3816,.F.);
#4066 = ORIENTED_EDGE('',*,*,#4052,.T.);
#4067 = ORIENTED_EDGE('',*,*,#3933,.T.);
#4068 = ORIENTED_EDGE('',*,*,#4069,.F.);
#4069 = EDGE_CURVE('',#3809,#3926,#4070,.T.);
#4070 = LINE('',#4071,#4072);
#4071 = CARTESIAN_POINT('',(1.2,-0.8,0.55));
#4072 = VECTOR('',#4073,1.);
#4073 = DIRECTION('',(0.,1.,0.));
#4074 = PLANE('',#4075);
#4075 = AXIS2_PLACEMENT_3D('',#4076,#4077,#4078);
#4076 = CARTESIAN_POINT('',(1.2,-0.8,0.495));
#4077 = DIRECTION('',(1.,0.,0.));
#4078 = DIRECTION('',(0.,0.,1.));
#4079 = ADVANCED_FACE('',(#4080),#4086,.T.);
#4080 = FACE_BOUND('',#4081,.T.);
#4081 = EDGE_LOOP('',(#4082,#4083,#4084,#4085));
#4082 = ORIENTED_EDGE('',*,*,#3840,.F.);
#4083 = ORIENTED_EDGE('',*,*,#3808,.T.);
#4084 = ORIENTED_EDGE('',*,*,#4069,.T.);
#4085 = ORIENTED_EDGE('',*,*,#3925,.F.);
#4086 = PLANE('',#4087);
#4087 = AXIS2_PLACEMENT_3D('',#4088,#4089,#4090);
#4088 = CARTESIAN_POINT('',(-1.2,-0.8,0.55));
#4089 = DIRECTION('',(0.,0.,1.));
#4090 = DIRECTION('',(1.,0.,-0.));
#4091 = ( GEOMETRIC_REPRESENTATION_CONTEXT(3) 
GLOBAL_UNCERTAINTY_ASSIGNED_CONTEXT((#4095)) 
GLOBAL_UNIT_ASSIGNED_CONTEXT((#4092,#4093,#4094)) REPRESENTATION_CONTEXT
('Context #1','3D Context with UNIT and UNCERTAINTY') );
#4092 = ( LENGTH_UNIT() NAMED_UNIT(*) SI_UNIT(.MILLI.,.METRE.) );
#4093 = ( NAMED_UNIT(*) PLANE_ANGLE_UNIT() SI_UNIT($,.RADIAN.) );
#4094 = ( NAMED_UNIT(*) SI_UNIT($,.STERADIAN.) SOLID_ANGLE_UNIT() );
#4095 = UNCERTAINTY_MEASURE_WITH_UNIT(LENGTH_MEASURE(1.E-07),#4092,
  'distance_accuracy_value','confusion accuracy');
#4096 = CONTEXT_DEPENDENT_SHAPE_REPRESENTATION(#4097,#4099);
#4097 = ( REPRESENTATION_RELATIONSHIP('','',#3300,#3277) 
REPRESENTATION_RELATIONSHIP_WITH_TRANSFORMATION(#4098) 
SHAPE_REPRESENTATION_RELATIONSHIP() );
#4098 = ITEM_DEFINED_TRANSFORMATION('','',#11,#3278);
#4099 = PRODUCT_DEFINITION_SHAPE('Placement','Placement of an item',
  #4100);
#4100 = NEXT_ASSEMBLY_USAGE_OCCURRENCE('5','=>[0:1:1:7]','',#3272,#3295,
  $);
#4101 = PRODUCT_RELATED_PRODUCT_CATEGORY('part',$,(#3297));
#4102 = CONTEXT_DEPENDENT_SHAPE_REPRESENTATION(#4103,#4105);
#4103 = ( REPRESENTATION_RELATIONSHIP('','',#3277,#10) 
REPRESENTATION_RELATIONSHIP_WITH_TRANSFORMATION(#4104) 
SHAPE_REPRESENTATION_RELATIONSHIP() );
#4104 = ITEM_DEFINED_TRANSFORMATION('','',#11,#27);
#4105 = PRODUCT_DEFINITION_SHAPE('Placement','Placement of an item',
  #4106);
#4106 = NEXT_ASSEMBLY_USAGE_OCCURRENCE('7','R3','',#5,#3272,$);
#4107 = CONTEXT_DEPENDENT_SHAPE_REPRESENTATION(#4108,#4110);
#4108 = ( REPRESENTATION_RELATIONSHIP('','',#72,#10) 
REPRESENTATION_RELATIONSHIP_WITH_TRANSFORMATION(#4109) 
SHAPE_REPRESENTATION_RELATIONSHIP() );
#4109 = ITEM_DEFINED_TRANSFORMATION('','',#11,#31);
#4110 = PRODUCT_DEFINITION_SHAPE('Placement','Placement of an item',
  #4111);
#4111 = NEXT_ASSEMBLY_USAGE_OCCURRENCE('8','C2','',#5,#67,$);
#4112 = CONTEXT_DEPENDENT_SHAPE_REPRESENTATION(#4113,#4115);
#4113 = ( REPRESENTATION_RELATIONSHIP('','',#3277,#10) 
REPRESENTATION_RELATIONSHIP_WITH_TRANSFORMATION(#4114) 
SHAPE_REPRESENTATION_RELATIONSHIP() );
#4114 = ITEM_DEFINED_TRANSFORMATION('','',#11,#35);
#4115 = PRODUCT_DEFINITION_SHAPE('Placement','Placement of an item',
  #4116);
#4116 = NEXT_ASSEMBLY_USAGE_OCCURRENCE('9','R1','',#5,#3272,$);
#4117 = SHAPE_DEFINITION_REPRESENTATION(#4118,#4124);
#4118 = PRODUCT_DEFINITION_SHAPE('','',#4119);
#4119 = PRODUCT_DEFINITION('design','',#4120,#4123);
#4120 = PRODUCT_DEFINITION_FORMATION('','',#4121);
#4121 = PRODUCT('SOT-23','SOT-23','',(#4122));
#4122 = PRODUCT_CONTEXT('',#2,'mechanical');
#4123 = PRODUCT_DEFINITION_CONTEXT('part definition',#2,'design');
#4124 = SHAPE_REPRESENTATION('',(#11,#4125),#4129);
#4125 = AXIS2_PLACEMENT_3D('',#4126,#4127,#4128);
#4126 = CARTESIAN_POINT('',(0.,0.,0.));
#4127 = DIRECTION('',(0.,0.,1.));
#4128 = DIRECTION('',(1.,0.,-0.));
#4129 = ( GEOMETRIC_REPRESENTATION_CONTEXT(3) 
GLOBAL_UNCERTAINTY_ASSIGNED_CONTEXT((#4133)) 
GLOBAL_UNIT_ASSIGNED_CONTEXT((#4130,#4131,#4132)) REPRESENTATION_CONTEXT
('Context #1','3D Context with UNIT and UNCERTAINTY') );
#4130 = ( LENGTH_UNIT() NAMED_UNIT(*) SI_UNIT(.MILLI.,.METRE.) );
#4131 = ( NAMED_UNIT(*) PLANE_ANGLE_UNIT() SI_UNIT($,.RADIAN.) );
#4132 = ( NAMED_UNIT(*) SI_UNIT($,.STERADIAN.) SOLID_ANGLE_UNIT() );
#4133 = UNCERTAINTY_MEASURE_WITH_UNIT(LENGTH_MEASURE(1.E-07),#4130,
  'distance_accuracy_value','confusion accuracy');
#4134 = CONTEXT_DEPENDENT_SHAPE_REPRESENTATION(#4135,#4137);
#4135 = ( REPRESENTATION_RELATIONSHIP('','',#4124,#10) 
REPRESENTATION_RELATIONSHIP_WITH_TRANSFORMATION(#4136) 
SHAPE_REPRESENTATION_RELATIONSHIP() );
#4136 = ITEM_DEFINED_TRANSFORMATION('','',#11,#39);
#4137 = PRODUCT_DEFINITION_SHAPE('Placement','Placement of an item',
  #4138);
#4138 = NEXT_ASSEMBLY_USAGE_OCCURRENCE('11','Q1','',#5,#4119,$);
#4139 = PRODUCT_RELATED_PRODUCT_CATEGORY('part',$,(#4121));
#4140 = SHAPE_DEFINITION_REPRESENTATION(#4141,#4147);
#4141 = PRODUCT_DEFINITION_SHAPE('','',#4142);
#4142 = PRODUCT_DEFINITION('design','',#4143,#4146);
#4143 = PRODUCT_DEFINITION_FORMATION('','',#4144);
#4144 = PRODUCT('SOT-23','SOT-23','',(#4145));
#4145 = PRODUCT_CONTEXT('',#2,'mechanical');
#4146 = PRODUCT_DEFINITION_CONTEXT('part definition',#2,'design');
#4147 = ADVANCED_BREP_SHAPE_REPRESENTATION('',(#11,#4148),#6130);
#4148 = MANIFOLD_SOLID_BREP('',#4149);
#4149 = CLOSED_SHELL('',(#4150,#4188,#4251,#4274,#4303,#4326,#4381,#4420
    ,#4443,#4466,#4483,#4506,#4594,#4610,#4640,#4673,#4704,#4737,#4754,
    #4771,#4804,#4834,#4857,#4880,#4897,#4926,#4980,#5003,#5026,#5049,
    #5088,#5110,#5154,#5229,#5253,#5321,#5338,#5413,#5437,#5505,#5580,
    #5604,#5672,#5689,#5706,#5752,#5768,#5784,#5801,#5813,#5830,#5847,
    #5864,#5881,#5898,#5915,#5927,#5944,#5961,#5978,#5995,#6012,#6024,
    #6041,#6058,#6075,#6092,#6109,#6121));
#4150 = ADVANCED_FACE('',(#4151),#4183,.F.);
#4151 = FACE_BOUND('',#4152,.F.);
#4152 = EDGE_LOOP('',(#4153,#4163,#4170,#4178));
#4153 = ORIENTED_EDGE('',*,*,#4154,.T.);
#4154 = EDGE_CURVE('',#4155,#4157,#4159,.T.);
#4155 = VERTEX_POINT('',#4156);
#4156 = CARTESIAN_POINT('',(-0.571621551758,1.433243103516,0.1));
#4157 = VERTEX_POINT('',#4158);
#4158 = CARTESIAN_POINT('',(0.571621551758,1.433243103516,0.1));
#4159 = LINE('',#4160,#4161);
#4160 = CARTESIAN_POINT('',(-0.571621551758,1.433243103516,0.1));
#4161 = VECTOR('',#4162,1.);
#4162 = DIRECTION('',(1.,1.110223024625E-16,0.));
#4163 = ORIENTED_EDGE('',*,*,#4164,.T.);
#4164 = EDGE_CURVE('',#4157,#4165,#4167,.T.);
#4165 = VERTEX_POINT('',#4166);
#4166 = CARTESIAN_POINT('',(0.605,1.5,0.575));
#4167 = B_SPLINE_CURVE_WITH_KNOTS('',1,(#4168,#4169),.UNSPECIFIED.,.F.,
  .F.,(2,2),(0.,1.),.PIECEWISE_BEZIER_KNOTS.);
#4168 = CARTESIAN_POINT('',(0.571621551758,1.433243103516,0.1));
#4169 = CARTESIAN_POINT('',(0.605,1.5,0.575));
#4170 = ORIENTED_EDGE('',*,*,#4171,.F.);
#4171 = EDGE_CURVE('',#4172,#4165,#4174,.T.);
#4172 = VERTEX_POINT('',#4173);
#4173 = CARTESIAN_POINT('',(-0.605,1.5,0.575));
#4174 = LINE('',#4175,#4176);
#4175 = CARTESIAN_POINT('',(-0.605,1.5,0.575));
#4176 = VECTOR('',#4177,1.);
#4177 = DIRECTION('',(1.,1.110223024625E-16,0.));
#4178 = ORIENTED_EDGE('',*,*,#4179,.F.);
#4179 = EDGE_CURVE('',#4155,#4172,#4180,.T.);
#4180 = B_SPLINE_CURVE_WITH_KNOTS('',1,(#4181,#4182),.UNSPECIFIED.,.F.,
  .F.,(2,2),(0.,1.),.PIECEWISE_BEZIER_KNOTS.);
#4181 = CARTESIAN_POINT('',(-0.571621551758,1.433243103516,0.1));
#4182 = CARTESIAN_POINT('',(-0.605,1.5,0.575));
#4183 = B_SPLINE_SURFACE_WITH_KNOTS('',1,1,(
    (#4184,#4185)
    ,(#4186,#4187
    )),.UNSPECIFIED.,.F.,.F.,.F.,(2,2),(2,2),(0.,1.21),(0.,1.),
  .PIECEWISE_BEZIER_KNOTS.);
#4184 = CARTESIAN_POINT('',(-0.571621551758,1.433243103516,0.1));
#4185 = CARTESIAN_POINT('',(-0.605,1.5,0.575));
#4186 = CARTESIAN_POINT('',(0.571621551758,1.433243103516,0.1));
#4187 = CARTESIAN_POINT('',(0.605,1.5,0.575));
#4188 = ADVANCED_FACE('',(#4189),#4246,.T.);
#4189 = FACE_BOUND('',#4190,.T.);
#4190 = EDGE_LOOP('',(#4191,#4192,#4200,#4208,#4216,#4224,#4232,#4240));
#4191 = ORIENTED_EDGE('',*,*,#4154,.T.);
#4192 = ORIENTED_EDGE('',*,*,#4193,.T.);
#4193 = EDGE_CURVE('',#4157,#4194,#4196,.T.);
#4194 = VERTEX_POINT('',#4195);
#4195 = CARTESIAN_POINT('',(0.633243103516,1.371621551758,0.1));
#4196 = LINE('',#4197,#4198);
#4197 = CARTESIAN_POINT('',(0.571621551758,1.433243103516,0.1));
#4198 = VECTOR('',#4199,1.);
#4199 = DIRECTION('',(0.707106781187,-0.707106781187,0.));
#4200 = ORIENTED_EDGE('',*,*,#4201,.T.);
#4201 = EDGE_CURVE('',#4194,#4202,#4204,.T.);
#4202 = VERTEX_POINT('',#4203);
#4203 = CARTESIAN_POINT('',(0.633243103516,-1.371621551758,0.1));
#4204 = LINE('',#4205,#4206);
#4205 = CARTESIAN_POINT('',(0.633243103516,1.371621551758,0.1));
#4206 = VECTOR('',#4207,1.);
#4207 = DIRECTION('',(1.110223024625E-16,-1.,0.));
#4208 = ORIENTED_EDGE('',*,*,#4209,.T.);
#4209 = EDGE_CURVE('',#4202,#4210,#4212,.T.);
#4210 = VERTEX_POINT('',#4211);
#4211 = CARTESIAN_POINT('',(0.571621551758,-1.433243103516,0.1));
#4212 = LINE('',#4213,#4214);
#4213 = CARTESIAN_POINT('',(0.633243103516,-1.371621551758,0.1));
#4214 = VECTOR('',#4215,1.);
#4215 = DIRECTION('',(-0.707106781187,-0.707106781187,0.));
#4216 = ORIENTED_EDGE('',*,*,#4217,.T.);
#4217 = EDGE_CURVE('',#4210,#4218,#4220,.T.);
#4218 = VERTEX_POINT('',#4219);
#4219 = CARTESIAN_POINT('',(-0.571621551758,-1.433243103516,0.1));
#4220 = LINE('',#4221,#4222);
#4221 = CARTESIAN_POINT('',(0.571621551758,-1.433243103516,0.1));
#4222 = VECTOR('',#4223,1.);
#4223 = DIRECTION('',(-1.,-1.110223024625E-16,0.));
#4224 = ORIENTED_EDGE('',*,*,#4225,.T.);
#4225 = EDGE_CURVE('',#4218,#4226,#4228,.T.);
#4226 = VERTEX_POINT('',#4227);
#4227 = CARTESIAN_POINT('',(-0.633243103516,-1.371621551758,0.1));
#4228 = LINE('',#4229,#4230);
#4229 = CARTESIAN_POINT('',(-0.571621551758,-1.433243103516,0.1));
#4230 = VECTOR('',#4231,1.);
#4231 = DIRECTION('',(-0.707106781187,0.707106781187,0.));
#4232 = ORIENTED_EDGE('',*,*,#4233,.T.);
#4233 = EDGE_CURVE('',#4226,#4234,#4236,.T.);
#4234 = VERTEX_POINT('',#4235);
#4235 = CARTESIAN_POINT('',(-0.633243103516,1.371621551758,0.1));
#4236 = LINE('',#4237,#4238);
#4237 = CARTESIAN_POINT('',(-0.633243103516,-1.371621551758,0.1));
#4238 = VECTOR('',#4239,1.);
#4239 = DIRECTION('',(-1.110223024625E-16,1.,0.));
#4240 = ORIENTED_EDGE('',*,*,#4241,.T.);
#4241 = EDGE_CURVE('',#4234,#4155,#4242,.T.);
#4242 = LINE('',#4243,#4244);
#4243 = CARTESIAN_POINT('',(-0.633243103516,1.371621551758,0.1));
#4244 = VECTOR('',#4245,1.);
#4245 = DIRECTION('',(0.707106781187,0.707106781187,0.));
#4246 = PLANE('',#4247);
#4247 = AXIS2_PLACEMENT_3D('',#4248,#4249,#4250);
#4248 = CARTESIAN_POINT('',(-0.571621551758,1.433243103516,0.1));
#4249 = DIRECTION('',(0.,0.,-1.));
#4250 = DIRECTION('',(0.370454302632,-0.928850692879,0.));
#4251 = ADVANCED_FACE('',(#4252),#4269,.F.);
#4252 = FACE_BOUND('',#4253,.F.);
#4253 = EDGE_LOOP('',(#4254,#4255,#4262,#4268));
#4254 = ORIENTED_EDGE('',*,*,#4193,.T.);
#4255 = ORIENTED_EDGE('',*,*,#4256,.T.);
#4256 = EDGE_CURVE('',#4194,#4257,#4259,.T.);
#4257 = VERTEX_POINT('',#4258);
#4258 = CARTESIAN_POINT('',(0.7,1.405,0.575));
#4259 = B_SPLINE_CURVE_WITH_KNOTS('',1,(#4260,#4261),.UNSPECIFIED.,.F.,
  .F.,(2,2),(0.,1.),.PIECEWISE_BEZIER_KNOTS.);
#4260 = CARTESIAN_POINT('',(0.633243103516,1.371621551758,0.1));
#4261 = CARTESIAN_POINT('',(0.7,1.405,0.575));
#4262 = ORIENTED_EDGE('',*,*,#4263,.F.);
#4263 = EDGE_CURVE('',#4165,#4257,#4264,.T.);
#4264 = LINE('',#4265,#4266);
#4265 = CARTESIAN_POINT('',(0.605,1.5,0.575));
#4266 = VECTOR('',#4267,1.);
#4267 = DIRECTION('',(0.707106781187,-0.707106781187,0.));
#4268 = ORIENTED_EDGE('',*,*,#4164,.F.);
#4269 = B_SPLINE_SURFACE_WITH_KNOTS('',1,1,(
    (#4270,#4271)
    ,(#4272,#4273
    )),.UNSPECIFIED.,.F.,.F.,.F.,(2,2),(2,2),(0.,0.134350288425),(0.,1.)
  ,.PIECEWISE_BEZIER_KNOTS.);
#4270 = CARTESIAN_POINT('',(0.571621551758,1.433243103516,0.1));
#4271 = CARTESIAN_POINT('',(0.605,1.5,0.575));
#4272 = CARTESIAN_POINT('',(0.633243103516,1.371621551758,0.1));
#4273 = CARTESIAN_POINT('',(0.7,1.405,0.575));
#4274 = ADVANCED_FACE('',(#4275),#4298,.F.);
#4275 = FACE_BOUND('',#4276,.F.);
#4276 = EDGE_LOOP('',(#4277,#4278,#4285,#4293));
#4277 = ORIENTED_EDGE('',*,*,#4171,.T.);
#4278 = ORIENTED_EDGE('',*,*,#4279,.T.);
#4279 = EDGE_CURVE('',#4165,#4280,#4282,.T.);
#4280 = VERTEX_POINT('',#4281);
#4281 = CARTESIAN_POINT('',(0.605,1.5,0.725));
#4282 = B_SPLINE_CURVE_WITH_KNOTS('',1,(#4283,#4284),.UNSPECIFIED.,.F.,
  .F.,(2,2),(0.,1.),.PIECEWISE_BEZIER_KNOTS.);
#4283 = CARTESIAN_POINT('',(0.605,1.5,0.575));
#4284 = CARTESIAN_POINT('',(0.605,1.5,0.725));
#4285 = ORIENTED_EDGE('',*,*,#4286,.F.);
#4286 = EDGE_CURVE('',#4287,#4280,#4289,.T.);
#4287 = VERTEX_POINT('',#4288);
#4288 = CARTESIAN_POINT('',(-0.605,1.5,0.725));
#4289 = LINE('',#4290,#4291);
#4290 = CARTESIAN_POINT('',(-0.605,1.5,0.725));
#4291 = VECTOR('',#4292,1.);
#4292 = DIRECTION('',(1.,1.110223024625E-16,0.));
#4293 = ORIENTED_EDGE('',*,*,#4294,.F.);
#4294 = EDGE_CURVE('',#4172,#4287,#4295,.T.);
#4295 = B_SPLINE_CURVE_WITH_KNOTS('',1,(#4296,#4297),.UNSPECIFIED.,.F.,
  .F.,(2,2),(0.,1.),.PIECEWISE_BEZIER_KNOTS.);
#4296 = CARTESIAN_POINT('',(-0.605,1.5,0.575));
#4297 = CARTESIAN_POINT('',(-0.605,1.5,0.725));
#4298 = PLANE('',#4299);
#4299 = AXIS2_PLACEMENT_3D('',#4300,#4301,#4302);
#4300 = CARTESIAN_POINT('',(-0.605,1.5,0.725));
#4301 = DIRECTION('',(1.110223024625E-16,-1.,0.));
#4302 = DIRECTION('',(1.,1.110223024625E-16,0.));
#4303 = ADVANCED_FACE('',(#4304),#4321,.F.);
#4304 = FACE_BOUND('',#4305,.F.);
#4305 = EDGE_LOOP('',(#4306,#4307,#4308,#4316));
#4306 = ORIENTED_EDGE('',*,*,#4241,.T.);
#4307 = ORIENTED_EDGE('',*,*,#4179,.T.);
#4308 = ORIENTED_EDGE('',*,*,#4309,.F.);
#4309 = EDGE_CURVE('',#4310,#4172,#4312,.T.);
#4310 = VERTEX_POINT('',#4311);
#4311 = CARTESIAN_POINT('',(-0.7,1.405,0.575));
#4312 = LINE('',#4313,#4314);
#4313 = CARTESIAN_POINT('',(-0.7,1.405,0.575));
#4314 = VECTOR('',#4315,1.);
#4315 = DIRECTION('',(0.707106781187,0.707106781187,0.));
#4316 = ORIENTED_EDGE('',*,*,#4317,.F.);
#4317 = EDGE_CURVE('',#4234,#4310,#4318,.T.);
#4318 = B_SPLINE_CURVE_WITH_KNOTS('',1,(#4319,#4320),.UNSPECIFIED.,.F.,
  .F.,(2,2),(0.,1.),.PIECEWISE_BEZIER_KNOTS.);
#4319 = CARTESIAN_POINT('',(-0.633243103516,1.371621551758,0.1));
#4320 = CARTESIAN_POINT('',(-0.7,1.405,0.575));
#4321 = B_SPLINE_SURFACE_WITH_KNOTS('',1,1,(
    (#4322,#4323)
    ,(#4324,#4325
    )),.UNSPECIFIED.,.F.,.F.,.F.,(2,2),(2,2),(0.,0.134350288425),(0.,1.)
  ,.PIECEWISE_BEZIER_KNOTS.);
#4322 = CARTESIAN_POINT('',(-0.633243103516,1.371621551758,0.1));
#4323 = CARTESIAN_POINT('',(-0.7,1.405,0.575));
#4324 = CARTESIAN_POINT('',(-0.571621551758,1.433243103516,0.1));
#4325 = CARTESIAN_POINT('',(-0.605,1.5,0.575));
#4326 = ADVANCED_FACE('',(#4327),#4376,.F.);
#4327 = FACE_BOUND('',#4328,.F.);
#4328 = EDGE_LOOP('',(#4329,#4330,#4331,#4339,#4347,#4355,#4363,#4371));
#4329 = ORIENTED_EDGE('',*,*,#4233,.T.);
#4330 = ORIENTED_EDGE('',*,*,#4317,.T.);
#4331 = ORIENTED_EDGE('',*,*,#4332,.F.);
#4332 = EDGE_CURVE('',#4333,#4310,#4335,.T.);
#4333 = VERTEX_POINT('',#4334);
#4334 = CARTESIAN_POINT('',(-0.7,1.15,0.575));
#4335 = LINE('',#4336,#4337);
#4336 = CARTESIAN_POINT('',(-0.7,-1.405,0.575));
#4337 = VECTOR('',#4338,1.);
#4338 = DIRECTION('',(-1.110223024625E-16,1.,0.));
#4339 = ORIENTED_EDGE('',*,*,#4340,.F.);
#4340 = EDGE_CURVE('',#4341,#4333,#4343,.T.);
#4341 = VERTEX_POINT('',#4342);
#4342 = CARTESIAN_POINT('',(-0.7,0.75,0.575));
#4343 = LINE('',#4344,#4345);
#4344 = CARTESIAN_POINT('',(-0.7,0.75,0.575));
#4345 = VECTOR('',#4346,1.);
#4346 = DIRECTION('',(1.144237745222E-17,1.,0.));
#4347 = ORIENTED_EDGE('',*,*,#4348,.F.);
#4348 = EDGE_CURVE('',#4349,#4341,#4351,.T.);
#4349 = VERTEX_POINT('',#4350);
#4350 = CARTESIAN_POINT('',(-0.7,-0.75,0.575));
#4351 = LINE('',#4352,#4353);
#4352 = CARTESIAN_POINT('',(-0.7,-1.405,0.575));
#4353 = VECTOR('',#4354,1.);
#4354 = DIRECTION('',(-1.110223024625E-16,1.,0.));
#4355 = ORIENTED_EDGE('',*,*,#4356,.F.);
#4356 = EDGE_CURVE('',#4357,#4349,#4359,.T.);
#4357 = VERTEX_POINT('',#4358);
#4358 = CARTESIAN_POINT('',(-0.7,-1.15,0.575));
#4359 = LINE('',#4360,#4361);
#4360 = CARTESIAN_POINT('',(-0.7,-1.15,0.575));
#4361 = VECTOR('',#4362,1.);
#4362 = DIRECTION('',(1.144237745222E-17,1.,0.));
#4363 = ORIENTED_EDGE('',*,*,#4364,.F.);
#4364 = EDGE_CURVE('',#4365,#4357,#4367,.T.);
#4365 = VERTEX_POINT('',#4366);
#4366 = CARTESIAN_POINT('',(-0.7,-1.405,0.575));
#4367 = LINE('',#4368,#4369);
#4368 = CARTESIAN_POINT('',(-0.7,-1.405,0.575));
#4369 = VECTOR('',#4370,1.);
#4370 = DIRECTION('',(-1.110223024625E-16,1.,0.));
#4371 = ORIENTED_EDGE('',*,*,#4372,.F.);
#4372 = EDGE_CURVE('',#4226,#4365,#4373,.T.);
#4373 = B_SPLINE_CURVE_WITH_KNOTS('',1,(#4374,#4375),.UNSPECIFIED.,.F.,
  .F.,(2,2),(0.,1.),.PIECEWISE_BEZIER_KNOTS.);
#4374 = CARTESIAN_POINT('',(-0.633243103516,-1.371621551758,0.1));
#4375 = CARTESIAN_POINT('',(-0.7,-1.405,0.575));
#4376 = B_SPLINE_SURFACE_WITH_KNOTS('',1,1,(
    (#4377,#4378)
    ,(#4379,#4380
    )),.UNSPECIFIED.,.F.,.F.,.F.,(2,2),(2,2),(0.,2.81),(0.,1.),
  .PIECEWISE_BEZIER_KNOTS.);
#4377 = CARTESIAN_POINT('',(-0.633243103516,-1.371621551758,0.1));
#4378 = CARTESIAN_POINT('',(-0.7,-1.405,0.575));
#4379 = CARTESIAN_POINT('',(-0.633243103516,1.371621551758,0.1));
#4380 = CARTESIAN_POINT('',(-0.7,1.405,0.575));
#4381 = ADVANCED_FACE('',(#4382),#4415,.F.);
#4382 = FACE_BOUND('',#4383,.F.);
#4383 = EDGE_LOOP('',(#4384,#4385,#4392,#4400,#4408,#4414));
#4384 = ORIENTED_EDGE('',*,*,#4201,.T.);
#4385 = ORIENTED_EDGE('',*,*,#4386,.T.);
#4386 = EDGE_CURVE('',#4202,#4387,#4389,.T.);
#4387 = VERTEX_POINT('',#4388);
#4388 = CARTESIAN_POINT('',(0.7,-1.405,0.575));
#4389 = B_SPLINE_CURVE_WITH_KNOTS('',1,(#4390,#4391),.UNSPECIFIED.,.F.,
  .F.,(2,2),(0.,1.),.PIECEWISE_BEZIER_KNOTS.);
#4390 = CARTESIAN_POINT('',(0.633243103516,-1.371621551758,0.1));
#4391 = CARTESIAN_POINT('',(0.7,-1.405,0.575));
#4392 = ORIENTED_EDGE('',*,*,#4393,.F.);
#4393 = EDGE_CURVE('',#4394,#4387,#4396,.T.);
#4394 = VERTEX_POINT('',#4395);
#4395 = CARTESIAN_POINT('',(0.7,-0.2,0.575));
#4396 = LINE('',#4397,#4398);
#4397 = CARTESIAN_POINT('',(0.7,1.405,0.575));
#4398 = VECTOR('',#4399,1.);
#4399 = DIRECTION('',(1.110223024625E-16,-1.,0.));
#4400 = ORIENTED_EDGE('',*,*,#4401,.F.);
#4401 = EDGE_CURVE('',#4402,#4394,#4404,.T.);
#4402 = VERTEX_POINT('',#4403);
#4403 = CARTESIAN_POINT('',(0.7,0.2,0.575));
#4404 = LINE('',#4405,#4406);
#4405 = CARTESIAN_POINT('',(0.7,0.2,0.575));
#4406 = VECTOR('',#4407,1.);
#4407 = DIRECTION('',(1.110223024625E-16,-1.,0.));
#4408 = ORIENTED_EDGE('',*,*,#4409,.F.);
#4409 = EDGE_CURVE('',#4257,#4402,#4410,.T.);
#4410 = LINE('',#4411,#4412);
#4411 = CARTESIAN_POINT('',(0.7,1.405,0.575));
#4412 = VECTOR('',#4413,1.);
#4413 = DIRECTION('',(1.110223024625E-16,-1.,0.));
#4414 = ORIENTED_EDGE('',*,*,#4256,.F.);
#4415 = B_SPLINE_SURFACE_WITH_KNOTS('',1,1,(
    (#4416,#4417)
    ,(#4418,#4419
    )),.UNSPECIFIED.,.F.,.F.,.F.,(2,2),(2,2),(0.,2.81),(0.,1.),
  .PIECEWISE_BEZIER_KNOTS.);
#4416 = CARTESIAN_POINT('',(0.633243103516,1.371621551758,0.1));
#4417 = CARTESIAN_POINT('',(0.7,1.405,0.575));
#4418 = CARTESIAN_POINT('',(0.633243103516,-1.371621551758,0.1));
#4419 = CARTESIAN_POINT('',(0.7,-1.405,0.575));
#4420 = ADVANCED_FACE('',(#4421),#4438,.F.);
#4421 = FACE_BOUND('',#4422,.F.);
#4422 = EDGE_LOOP('',(#4423,#4424,#4425,#4433));
#4423 = ORIENTED_EDGE('',*,*,#4225,.T.);
#4424 = ORIENTED_EDGE('',*,*,#4372,.T.);
#4425 = ORIENTED_EDGE('',*,*,#4426,.F.);
#4426 = EDGE_CURVE('',#4427,#4365,#4429,.T.);
#4427 = VERTEX_POINT('',#4428);
#4428 = CARTESIAN_POINT('',(-0.605,-1.5,0.575));
#4429 = LINE('',#4430,#4431);
#4430 = CARTESIAN_POINT('',(-0.605,-1.5,0.575));
#4431 = VECTOR('',#4432,1.);
#4432 = DIRECTION('',(-0.707106781187,0.707106781187,0.));
#4433 = ORIENTED_EDGE('',*,*,#4434,.F.);
#4434 = EDGE_CURVE('',#4218,#4427,#4435,.T.);
#4435 = B_SPLINE_CURVE_WITH_KNOTS('',1,(#4436,#4437),.UNSPECIFIED.,.F.,
  .F.,(2,2),(0.,1.),.PIECEWISE_BEZIER_KNOTS.);
#4436 = CARTESIAN_POINT('',(-0.571621551758,-1.433243103516,0.1));
#4437 = CARTESIAN_POINT('',(-0.605,-1.5,0.575));
#4438 = B_SPLINE_SURFACE_WITH_KNOTS('',1,1,(
    (#4439,#4440)
    ,(#4441,#4442
    )),.UNSPECIFIED.,.F.,.F.,.F.,(2,2),(2,2),(0.,0.134350288425),(0.,1.)
  ,.PIECEWISE_BEZIER_KNOTS.);
#4439 = CARTESIAN_POINT('',(-0.571621551758,-1.433243103516,0.1));
#4440 = CARTESIAN_POINT('',(-0.605,-1.5,0.575));
#4441 = CARTESIAN_POINT('',(-0.633243103516,-1.371621551758,0.1));
#4442 = CARTESIAN_POINT('',(-0.7,-1.405,0.575));
#4443 = ADVANCED_FACE('',(#4444),#4461,.F.);
#4444 = FACE_BOUND('',#4445,.F.);
#4445 = EDGE_LOOP('',(#4446,#4447,#4454,#4460));
#4446 = ORIENTED_EDGE('',*,*,#4209,.T.);
#4447 = ORIENTED_EDGE('',*,*,#4448,.T.);
#4448 = EDGE_CURVE('',#4210,#4449,#4451,.T.);
#4449 = VERTEX_POINT('',#4450);
#4450 = CARTESIAN_POINT('',(0.605,-1.5,0.575));
#4451 = B_SPLINE_CURVE_WITH_KNOTS('',1,(#4452,#4453),.UNSPECIFIED.,.F.,
  .F.,(2,2),(0.,1.),.PIECEWISE_BEZIER_KNOTS.);
#4452 = CARTESIAN_POINT('',(0.571621551758,-1.433243103516,0.1));
#4453 = CARTESIAN_POINT('',(0.605,-1.5,0.575));
#4454 = ORIENTED_EDGE('',*,*,#4455,.F.);
#4455 = EDGE_CURVE('',#4387,#4449,#4456,.T.);
#4456 = LINE('',#4457,#4458);
#4457 = CARTESIAN_POINT('',(0.7,-1.405,0.575));
#4458 = VECTOR('',#4459,1.);
#4459 = DIRECTION('',(-0.707106781187,-0.707106781187,0.));
#4460 = ORIENTED_EDGE('',*,*,#4386,.F.);
#4461 = B_SPLINE_SURFACE_WITH_KNOTS('',1,1,(
    (#4462,#4463)
    ,(#4464,#4465
    )),.UNSPECIFIED.,.F.,.F.,.F.,(2,2),(2,2),(0.,0.134350288425),(0.,1.)
  ,.PIECEWISE_BEZIER_KNOTS.);
#4462 = CARTESIAN_POINT('',(0.633243103516,-1.371621551758,0.1));
#4463 = CARTESIAN_POINT('',(0.7,-1.405,0.575));
#4464 = CARTESIAN_POINT('',(0.571621551758,-1.433243103516,0.1));
#4465 = CARTESIAN_POINT('',(0.605,-1.5,0.575));
#4466 = ADVANCED_FACE('',(#4467),#4478,.F.);
#4467 = FACE_BOUND('',#4468,.F.);
#4468 = EDGE_LOOP('',(#4469,#4470,#4471,#4477));
#4469 = ORIENTED_EDGE('',*,*,#4217,.T.);
#4470 = ORIENTED_EDGE('',*,*,#4434,.T.);
#4471 = ORIENTED_EDGE('',*,*,#4472,.F.);
#4472 = EDGE_CURVE('',#4449,#4427,#4473,.T.);
#4473 = LINE('',#4474,#4475);
#4474 = CARTESIAN_POINT('',(0.605,-1.5,0.575));
#4475 = VECTOR('',#4476,1.);
#4476 = DIRECTION('',(-1.,-1.110223024625E-16,0.));
#4477 = ORIENTED_EDGE('',*,*,#4448,.F.);
#4478 = B_SPLINE_SURFACE_WITH_KNOTS('',1,1,(
    (#4479,#4480)
    ,(#4481,#4482
    )),.UNSPECIFIED.,.F.,.F.,.F.,(2,2),(2,2),(0.,1.21),(0.,1.),
  .PIECEWISE_BEZIER_KNOTS.);
#4479 = CARTESIAN_POINT('',(0.571621551758,-1.433243103516,0.1));
#4480 = CARTESIAN_POINT('',(0.605,-1.5,0.575));
#4481 = CARTESIAN_POINT('',(-0.571621551758,-1.433243103516,0.1));
#4482 = CARTESIAN_POINT('',(-0.605,-1.5,0.575));
#4483 = ADVANCED_FACE('',(#4484),#4501,.F.);
#4484 = FACE_BOUND('',#4485,.F.);
#4485 = EDGE_LOOP('',(#4486,#4487,#4494,#4500));
#4486 = ORIENTED_EDGE('',*,*,#4263,.T.);
#4487 = ORIENTED_EDGE('',*,*,#4488,.T.);
#4488 = EDGE_CURVE('',#4257,#4489,#4491,.T.);
#4489 = VERTEX_POINT('',#4490);
#4490 = CARTESIAN_POINT('',(0.7,1.405,0.725));
#4491 = B_SPLINE_CURVE_WITH_KNOTS('',1,(#4492,#4493),.UNSPECIFIED.,.F.,
  .F.,(2,2),(0.,1.),.PIECEWISE_BEZIER_KNOTS.);
#4492 = CARTESIAN_POINT('',(0.7,1.405,0.575));
#4493 = CARTESIAN_POINT('',(0.7,1.405,0.725));
#4494 = ORIENTED_EDGE('',*,*,#4495,.F.);
#4495 = EDGE_CURVE('',#4280,#4489,#4496,.T.);
#4496 = LINE('',#4497,#4498);
#4497 = CARTESIAN_POINT('',(0.605,1.5,0.725));
#4498 = VECTOR('',#4499,1.);
#4499 = DIRECTION('',(0.707106781187,-0.707106781187,0.));
#4500 = ORIENTED_EDGE('',*,*,#4279,.F.);
#4501 = PLANE('',#4502);
#4502 = AXIS2_PLACEMENT_3D('',#4503,#4504,#4505);
#4503 = CARTESIAN_POINT('',(0.605,1.5,0.725));
#4504 = DIRECTION('',(-0.707106781187,-0.707106781187,0.));
#4505 = DIRECTION('',(0.707106781187,-0.707106781187,0.));
#4506 = ADVANCED_FACE('',(#4507),#4589,.F.);
#4507 = FACE_BOUND('',#4508,.F.);
#4508 = EDGE_LOOP('',(#4509,#4517,#4518,#4519,#4527,#4535,#4543,#4551,
    #4559,#4567,#4575,#4583));
#4509 = ORIENTED_EDGE('',*,*,#4510,.T.);
#4510 = EDGE_CURVE('',#4511,#4287,#4513,.T.);
#4511 = VERTEX_POINT('',#4512);
#4512 = CARTESIAN_POINT('',(-0.7,1.405,0.725));
#4513 = LINE('',#4514,#4515);
#4514 = CARTESIAN_POINT('',(-0.7,1.405,0.725));
#4515 = VECTOR('',#4516,1.);
#4516 = DIRECTION('',(0.707106781187,0.707106781187,0.));
#4517 = ORIENTED_EDGE('',*,*,#4286,.T.);
#4518 = ORIENTED_EDGE('',*,*,#4495,.T.);
#4519 = ORIENTED_EDGE('',*,*,#4520,.T.);
#4520 = EDGE_CURVE('',#4489,#4521,#4523,.T.);
#4521 = VERTEX_POINT('',#4522);
#4522 = CARTESIAN_POINT('',(0.7,0.2,0.725));
#4523 = LINE('',#4524,#4525);
#4524 = CARTESIAN_POINT('',(0.7,1.405,0.725));
#4525 = VECTOR('',#4526,1.);
#4526 = DIRECTION('',(1.110223024625E-16,-1.,0.));
#4527 = ORIENTED_EDGE('',*,*,#4528,.T.);
#4528 = EDGE_CURVE('',#4521,#4529,#4531,.T.);
#4529 = VERTEX_POINT('',#4530);
#4530 = CARTESIAN_POINT('',(0.675,0.2,0.725));
#4531 = LINE('',#4532,#4533);
#4532 = CARTESIAN_POINT('',(0.7,0.2,0.725));
#4533 = VECTOR('',#4534,1.);
#4534 = DIRECTION('',(-1.,-1.110223024625E-16,0.));
#4535 = ORIENTED_EDGE('',*,*,#4536,.F.);
#4536 = EDGE_CURVE('',#4537,#4529,#4539,.T.);
#4537 = VERTEX_POINT('',#4538);
#4538 = CARTESIAN_POINT('',(0.675,1.3925,0.725));
#4539 = LINE('',#4540,#4541);
#4540 = CARTESIAN_POINT('',(0.675,1.3925,0.725));
#4541 = VECTOR('',#4542,1.);
#4542 = DIRECTION('',(1.110223024625E-16,-1.,0.));
#4543 = ORIENTED_EDGE('',*,*,#4544,.F.);
#4544 = EDGE_CURVE('',#4545,#4537,#4547,.T.);
#4545 = VERTEX_POINT('',#4546);
#4546 = CARTESIAN_POINT('',(0.5925,1.475,0.725));
#4547 = LINE('',#4548,#4549);
#4548 = CARTESIAN_POINT('',(0.5925,1.475,0.725));
#4549 = VECTOR('',#4550,1.);
#4550 = DIRECTION('',(0.707106781187,-0.707106781187,0.));
#4551 = ORIENTED_EDGE('',*,*,#4552,.F.);
#4552 = EDGE_CURVE('',#4553,#4545,#4555,.T.);
#4553 = VERTEX_POINT('',#4554);
#4554 = CARTESIAN_POINT('',(-0.5925,1.475,0.725));
#4555 = LINE('',#4556,#4557);
#4556 = CARTESIAN_POINT('',(-0.5925,1.475,0.725));
#4557 = VECTOR('',#4558,1.);
#4558 = DIRECTION('',(1.,1.110223024625E-16,0.));
#4559 = ORIENTED_EDGE('',*,*,#4560,.F.);
#4560 = EDGE_CURVE('',#4561,#4553,#4563,.T.);
#4561 = VERTEX_POINT('',#4562);
#4562 = CARTESIAN_POINT('',(-0.675,1.3925,0.725));
#4563 = LINE('',#4564,#4565);
#4564 = CARTESIAN_POINT('',(-0.675,1.3925,0.725));
#4565 = VECTOR('',#4566,1.);
#4566 = DIRECTION('',(0.707106781187,0.707106781187,0.));
#4567 = ORIENTED_EDGE('',*,*,#4568,.F.);
#4568 = EDGE_CURVE('',#4569,#4561,#4571,.T.);
#4569 = VERTEX_POINT('',#4570);
#4570 = CARTESIAN_POINT('',(-0.675,1.15,0.725));
#4571 = LINE('',#4572,#4573);
#4572 = CARTESIAN_POINT('',(-0.675,-1.3925,0.725));
#4573 = VECTOR('',#4574,1.);
#4574 = DIRECTION('',(-1.110223024625E-16,1.,0.));
#4575 = ORIENTED_EDGE('',*,*,#4576,.F.);
#4576 = EDGE_CURVE('',#4577,#4569,#4579,.T.);
#4577 = VERTEX_POINT('',#4578);
#4578 = CARTESIAN_POINT('',(-0.7,1.15,0.725));
#4579 = LINE('',#4580,#4581);
#4580 = CARTESIAN_POINT('',(-0.7,1.15,0.725));
#4581 = VECTOR('',#4582,1.);
#4582 = DIRECTION('',(1.,-1.144237745222E-17,0.));
#4583 = ORIENTED_EDGE('',*,*,#4584,.T.);
#4584 = EDGE_CURVE('',#4577,#4511,#4585,.T.);
#4585 = LINE('',#4586,#4587);
#4586 = CARTESIAN_POINT('',(-0.7,-1.405,0.725));
#4587 = VECTOR('',#4588,1.);
#4588 = DIRECTION('',(-1.110223024625E-16,1.,0.));
#4589 = PLANE('',#4590);
#4590 = AXIS2_PLACEMENT_3D('',#4591,#4592,#4593);
#4591 = CARTESIAN_POINT('',(-1.486299604971E-16,1.4875,0.725));
#4592 = DIRECTION('',(1.022886882533E-31,-6.310887241768E-27,-1.));
#4593 = DIRECTION('',(1.,1.217738924546E-16,1.022886882525E-31));
#4594 = ADVANCED_FACE('',(#4595),#4605,.F.);
#4595 = FACE_BOUND('',#4596,.F.);
#4596 = EDGE_LOOP('',(#4597,#4598,#4599,#4600));
#4597 = ORIENTED_EDGE('',*,*,#4309,.T.);
#4598 = ORIENTED_EDGE('',*,*,#4294,.T.);
#4599 = ORIENTED_EDGE('',*,*,#4510,.F.);
#4600 = ORIENTED_EDGE('',*,*,#4601,.F.);
#4601 = EDGE_CURVE('',#4310,#4511,#4602,.T.);
#4602 = B_SPLINE_CURVE_WITH_KNOTS('',1,(#4603,#4604),.UNSPECIFIED.,.F.,
  .F.,(2,2),(0.,1.),.PIECEWISE_BEZIER_KNOTS.);
#4603 = CARTESIAN_POINT('',(-0.7,1.405,0.575));
#4604 = CARTESIAN_POINT('',(-0.7,1.405,0.725));
#4605 = PLANE('',#4606);
#4606 = AXIS2_PLACEMENT_3D('',#4607,#4608,#4609);
#4607 = CARTESIAN_POINT('',(-0.7,1.405,0.725));
#4608 = DIRECTION('',(0.707106781187,-0.707106781187,0.));
#4609 = DIRECTION('',(0.707106781187,0.707106781187,0.));
#4610 = ADVANCED_FACE('',(#4611),#4635,.F.);
#4611 = FACE_BOUND('',#4612,.F.);
#4612 = EDGE_LOOP('',(#4613,#4620,#4621,#4629));
#4613 = ORIENTED_EDGE('',*,*,#4614,.F.);
#4614 = EDGE_CURVE('',#4365,#4615,#4617,.T.);
#4615 = VERTEX_POINT('',#4616);
#4616 = CARTESIAN_POINT('',(-0.7,-1.405,0.725));
#4617 = B_SPLINE_CURVE_WITH_KNOTS('',1,(#4618,#4619),.UNSPECIFIED.,.F.,
  .F.,(2,2),(0.,1.),.PIECEWISE_BEZIER_KNOTS.);
#4618 = CARTESIAN_POINT('',(-0.7,-1.405,0.575));
#4619 = CARTESIAN_POINT('',(-0.7,-1.405,0.725));
#4620 = ORIENTED_EDGE('',*,*,#4364,.T.);
#4621 = ORIENTED_EDGE('',*,*,#4622,.T.);
#4622 = EDGE_CURVE('',#4357,#4623,#4625,.T.);
#4623 = VERTEX_POINT('',#4624);
#4624 = CARTESIAN_POINT('',(-0.7,-1.15,0.725));
#4625 = LINE('',#4626,#4627);
#4626 = CARTESIAN_POINT('',(-0.7,-1.15,0.529763586955));
#4627 = VECTOR('',#4628,1.);
#4628 = DIRECTION('',(0.,0.,1.));
#4629 = ORIENTED_EDGE('',*,*,#4630,.F.);
#4630 = EDGE_CURVE('',#4615,#4623,#4631,.T.);
#4631 = LINE('',#4632,#4633);
#4632 = CARTESIAN_POINT('',(-0.7,-1.405,0.725));
#4633 = VECTOR('',#4634,1.);
#4634 = DIRECTION('',(-1.110223024625E-16,1.,0.));
#4635 = PLANE('',#4636);
#4636 = AXIS2_PLACEMENT_3D('',#4637,#4638,#4639);
#4637 = CARTESIAN_POINT('',(-0.7,-1.405,0.725));
#4638 = DIRECTION('',(1.,1.110223024625E-16,0.));
#4639 = DIRECTION('',(-1.110223024625E-16,1.,0.));
#4640 = ADVANCED_FACE('',(#4641),#4668,.F.);
#4641 = FACE_BOUND('',#4642,.F.);
#4642 = EDGE_LOOP('',(#4643,#4644,#4653,#4661));
#4643 = ORIENTED_EDGE('',*,*,#4356,.T.);
#4644 = ORIENTED_EDGE('',*,*,#4645,.T.);
#4645 = EDGE_CURVE('',#4349,#4646,#4648,.T.);
#4646 = VERTEX_POINT('',#4647);
#4647 = CARTESIAN_POINT('',(-0.798480775301,-0.75,0.492364817767));
#4648 = CIRCLE('',#4649,0.1);
#4649 = AXIS2_PLACEMENT_3D('',#4650,#4651,#4652);
#4650 = CARTESIAN_POINT('',(-0.7,-0.75,0.475));
#4651 = DIRECTION('',(-1.144237745222E-17,-1.,-5.473822126269E-48));
#4652 = DIRECTION('',(2.22044604925E-15,-2.540718180781E-32,1.));
#4653 = ORIENTED_EDGE('',*,*,#4654,.F.);
#4654 = EDGE_CURVE('',#4655,#4646,#4657,.T.);
#4655 = VERTEX_POINT('',#4656);
#4656 = CARTESIAN_POINT('',(-0.798480775301,-1.15,0.492364817767));
#4657 = LINE('',#4658,#4659);
#4658 = CARTESIAN_POINT('',(-0.798480775301,-1.15,0.492364817767));
#4659 = VECTOR('',#4660,1.);
#4660 = DIRECTION('',(1.144237745222E-17,1.,0.));
#4661 = ORIENTED_EDGE('',*,*,#4662,.F.);
#4662 = EDGE_CURVE('',#4357,#4655,#4663,.T.);
#4663 = CIRCLE('',#4664,0.1);
#4664 = AXIS2_PLACEMENT_3D('',#4665,#4666,#4667);
#4665 = CARTESIAN_POINT('',(-0.7,-1.15,0.475));
#4666 = DIRECTION('',(-1.144237745222E-17,-1.,-5.473822126269E-48));
#4667 = DIRECTION('',(2.22044604925E-15,-2.540718180781E-32,1.));
#4668 = CYLINDRICAL_SURFACE('',#4669,0.1);
#4669 = AXIS2_PLACEMENT_3D('',#4670,#4671,#4672);
#4670 = CARTESIAN_POINT('',(-0.7,-1.15,0.475));
#4671 = DIRECTION('',(-1.144237745222E-17,-1.,0.));
#4672 = DIRECTION('',(2.22044604925E-15,-2.540718180781E-32,1.));
#4673 = ADVANCED_FACE('',(#4674),#4699,.F.);
#4674 = FACE_BOUND('',#4675,.F.);
#4675 = EDGE_LOOP('',(#4676,#4684,#4685,#4693));
#4676 = ORIENTED_EDGE('',*,*,#4677,.F.);
#4677 = EDGE_CURVE('',#4349,#4678,#4680,.T.);
#4678 = VERTEX_POINT('',#4679);
#4679 = CARTESIAN_POINT('',(-0.7,-0.75,0.725));
#4680 = LINE('',#4681,#4682);
#4681 = CARTESIAN_POINT('',(-0.7,-0.75,0.529763586955));
#4682 = VECTOR('',#4683,1.);
#4683 = DIRECTION('',(0.,0.,1.));
#4684 = ORIENTED_EDGE('',*,*,#4348,.T.);
#4685 = ORIENTED_EDGE('',*,*,#4686,.T.);
#4686 = EDGE_CURVE('',#4341,#4687,#4689,.T.);
#4687 = VERTEX_POINT('',#4688);
#4688 = CARTESIAN_POINT('',(-0.7,0.75,0.725));
#4689 = LINE('',#4690,#4691);
#4690 = CARTESIAN_POINT('',(-0.7,0.75,0.529763586955));
#4691 = VECTOR('',#4692,1.);
#4692 = DIRECTION('',(0.,0.,1.));
#4693 = ORIENTED_EDGE('',*,*,#4694,.F.);
#4694 = EDGE_CURVE('',#4678,#4687,#4695,.T.);
#4695 = LINE('',#4696,#4697);
#4696 = CARTESIAN_POINT('',(-0.7,-1.405,0.725));
#4697 = VECTOR('',#4698,1.);
#4698 = DIRECTION('',(-1.110223024625E-16,1.,0.));
#4699 = PLANE('',#4700);
#4700 = AXIS2_PLACEMENT_3D('',#4701,#4702,#4703);
#4701 = CARTESIAN_POINT('',(-0.7,-1.405,0.725));
#4702 = DIRECTION('',(1.,1.110223024625E-16,0.));
#4703 = DIRECTION('',(-1.110223024625E-16,1.,0.));
#4704 = ADVANCED_FACE('',(#4705),#4732,.F.);
#4705 = FACE_BOUND('',#4706,.F.);
#4706 = EDGE_LOOP('',(#4707,#4708,#4717,#4725));
#4707 = ORIENTED_EDGE('',*,*,#4340,.T.);
#4708 = ORIENTED_EDGE('',*,*,#4709,.T.);
#4709 = EDGE_CURVE('',#4333,#4710,#4712,.T.);
#4710 = VERTEX_POINT('',#4711);
#4711 = CARTESIAN_POINT('',(-0.798480775301,1.15,0.492364817767));
#4712 = CIRCLE('',#4713,0.1);
#4713 = AXIS2_PLACEMENT_3D('',#4714,#4715,#4716);
#4714 = CARTESIAN_POINT('',(-0.7,1.15,0.475));
#4715 = DIRECTION('',(-1.144237745222E-17,-1.,-5.473822126269E-48));
#4716 = DIRECTION('',(2.22044604925E-15,-2.540718180781E-32,1.));
#4717 = ORIENTED_EDGE('',*,*,#4718,.F.);
#4718 = EDGE_CURVE('',#4719,#4710,#4721,.T.);
#4719 = VERTEX_POINT('',#4720);
#4720 = CARTESIAN_POINT('',(-0.798480775301,0.75,0.492364817767));
#4721 = LINE('',#4722,#4723);
#4722 = CARTESIAN_POINT('',(-0.798480775301,0.75,0.492364817767));
#4723 = VECTOR('',#4724,1.);
#4724 = DIRECTION('',(1.144237745222E-17,1.,0.));
#4725 = ORIENTED_EDGE('',*,*,#4726,.F.);
#4726 = EDGE_CURVE('',#4341,#4719,#4727,.T.);
#4727 = CIRCLE('',#4728,0.1);
#4728 = AXIS2_PLACEMENT_3D('',#4729,#4730,#4731);
#4729 = CARTESIAN_POINT('',(-0.7,0.75,0.475));
#4730 = DIRECTION('',(-1.144237745222E-17,-1.,-5.473822126269E-48));
#4731 = DIRECTION('',(2.22044604925E-15,-2.540718180781E-32,1.));
#4732 = CYLINDRICAL_SURFACE('',#4733,0.1);
#4733 = AXIS2_PLACEMENT_3D('',#4734,#4735,#4736);
#4734 = CARTESIAN_POINT('',(-0.7,0.75,0.475));
#4735 = DIRECTION('',(-1.144237745222E-17,-1.,0.));
#4736 = DIRECTION('',(2.22044604925E-15,-2.540718180781E-32,1.));
#4737 = ADVANCED_FACE('',(#4738),#4749,.F.);
#4738 = FACE_BOUND('',#4739,.F.);
#4739 = EDGE_LOOP('',(#4740,#4746,#4747,#4748));
#4740 = ORIENTED_EDGE('',*,*,#4741,.F.);
#4741 = EDGE_CURVE('',#4333,#4577,#4742,.T.);
#4742 = LINE('',#4743,#4744);
#4743 = CARTESIAN_POINT('',(-0.7,1.15,0.529763586955));
#4744 = VECTOR('',#4745,1.);
#4745 = DIRECTION('',(0.,0.,1.));
#4746 = ORIENTED_EDGE('',*,*,#4332,.T.);
#4747 = ORIENTED_EDGE('',*,*,#4601,.T.);
#4748 = ORIENTED_EDGE('',*,*,#4584,.F.);
#4749 = PLANE('',#4750);
#4750 = AXIS2_PLACEMENT_3D('',#4751,#4752,#4753);
#4751 = CARTESIAN_POINT('',(-0.7,-1.405,0.725));
#4752 = DIRECTION('',(1.,1.110223024625E-16,0.));
#4753 = DIRECTION('',(-1.110223024625E-16,1.,0.));
#4754 = ADVANCED_FACE('',(#4755),#4766,.F.);
#4755 = FACE_BOUND('',#4756,.F.);
#4756 = EDGE_LOOP('',(#4757,#4758,#4759,#4765));
#4757 = ORIENTED_EDGE('',*,*,#4488,.F.);
#4758 = ORIENTED_EDGE('',*,*,#4409,.T.);
#4759 = ORIENTED_EDGE('',*,*,#4760,.T.);
#4760 = EDGE_CURVE('',#4402,#4521,#4761,.T.);
#4761 = LINE('',#4762,#4763);
#4762 = CARTESIAN_POINT('',(0.7,0.2,0.529763586955));
#4763 = VECTOR('',#4764,1.);
#4764 = DIRECTION('',(0.,0.,1.));
#4765 = ORIENTED_EDGE('',*,*,#4520,.F.);
#4766 = PLANE('',#4767);
#4767 = AXIS2_PLACEMENT_3D('',#4768,#4769,#4770);
#4768 = CARTESIAN_POINT('',(0.7,1.405,0.725));
#4769 = DIRECTION('',(-1.,-1.110223024625E-16,0.));
#4770 = DIRECTION('',(1.110223024625E-16,-1.,0.));
#4771 = ADVANCED_FACE('',(#4772),#4799,.F.);
#4772 = FACE_BOUND('',#4773,.F.);
#4773 = EDGE_LOOP('',(#4774,#4775,#4784,#4792));
#4774 = ORIENTED_EDGE('',*,*,#4401,.T.);
#4775 = ORIENTED_EDGE('',*,*,#4776,.T.);
#4776 = EDGE_CURVE('',#4394,#4777,#4779,.T.);
#4777 = VERTEX_POINT('',#4778);
#4778 = CARTESIAN_POINT('',(0.798480775301,-0.2,0.492364817767));
#4779 = CIRCLE('',#4780,0.1);
#4780 = AXIS2_PLACEMENT_3D('',#4781,#4782,#4783);
#4781 = CARTESIAN_POINT('',(0.7,-0.2,0.475));
#4782 = DIRECTION('',(-1.110223024625E-16,1.,0.));
#4783 = DIRECTION('',(-2.22044604925E-15,-2.465190328815E-31,1.));
#4784 = ORIENTED_EDGE('',*,*,#4785,.F.);
#4785 = EDGE_CURVE('',#4786,#4777,#4788,.T.);
#4786 = VERTEX_POINT('',#4787);
#4787 = CARTESIAN_POINT('',(0.798480775301,0.2,0.492364817767));
#4788 = LINE('',#4789,#4790);
#4789 = CARTESIAN_POINT('',(0.798480775301,0.2,0.492364817767));
#4790 = VECTOR('',#4791,1.);
#4791 = DIRECTION('',(1.110223024625E-16,-1.,0.));
#4792 = ORIENTED_EDGE('',*,*,#4793,.F.);
#4793 = EDGE_CURVE('',#4402,#4786,#4794,.T.);
#4794 = CIRCLE('',#4795,0.1);
#4795 = AXIS2_PLACEMENT_3D('',#4796,#4797,#4798);
#4796 = CARTESIAN_POINT('',(0.7,0.2,0.475));
#4797 = DIRECTION('',(-1.110223024625E-16,1.,0.));
#4798 = DIRECTION('',(-2.22044604925E-15,-2.465190328815E-31,1.));
#4799 = CYLINDRICAL_SURFACE('',#4800,0.1);
#4800 = AXIS2_PLACEMENT_3D('',#4801,#4802,#4803);
#4801 = CARTESIAN_POINT('',(0.7,0.2,0.475));
#4802 = DIRECTION('',(-1.110223024625E-16,1.,0.));
#4803 = DIRECTION('',(-2.22044604925E-15,-2.465190328815E-31,1.));
#4804 = ADVANCED_FACE('',(#4805),#4829,.F.);
#4805 = FACE_BOUND('',#4806,.F.);
#4806 = EDGE_LOOP('',(#4807,#4815,#4816,#4823));
#4807 = ORIENTED_EDGE('',*,*,#4808,.F.);
#4808 = EDGE_CURVE('',#4394,#4809,#4811,.T.);
#4809 = VERTEX_POINT('',#4810);
#4810 = CARTESIAN_POINT('',(0.7,-0.2,0.725));
#4811 = LINE('',#4812,#4813);
#4812 = CARTESIAN_POINT('',(0.7,-0.2,0.529763586955));
#4813 = VECTOR('',#4814,1.);
#4814 = DIRECTION('',(0.,0.,1.));
#4815 = ORIENTED_EDGE('',*,*,#4393,.T.);
#4816 = ORIENTED_EDGE('',*,*,#4817,.T.);
#4817 = EDGE_CURVE('',#4387,#4818,#4820,.T.);
#4818 = VERTEX_POINT('',#4819);
#4819 = CARTESIAN_POINT('',(0.7,-1.405,0.725));
#4820 = B_SPLINE_CURVE_WITH_KNOTS('',1,(#4821,#4822),.UNSPECIFIED.,.F.,
  .F.,(2,2),(0.,1.),.PIECEWISE_BEZIER_KNOTS.);
#4821 = CARTESIAN_POINT('',(0.7,-1.405,0.575));
#4822 = CARTESIAN_POINT('',(0.7,-1.405,0.725));
#4823 = ORIENTED_EDGE('',*,*,#4824,.F.);
#4824 = EDGE_CURVE('',#4809,#4818,#4825,.T.);
#4825 = LINE('',#4826,#4827);
#4826 = CARTESIAN_POINT('',(0.7,1.405,0.725));
#4827 = VECTOR('',#4828,1.);
#4828 = DIRECTION('',(1.110223024625E-16,-1.,0.));
#4829 = PLANE('',#4830);
#4830 = AXIS2_PLACEMENT_3D('',#4831,#4832,#4833);
#4831 = CARTESIAN_POINT('',(0.7,1.405,0.725));
#4832 = DIRECTION('',(-1.,-1.110223024625E-16,0.));
#4833 = DIRECTION('',(1.110223024625E-16,-1.,0.));
#4834 = ADVANCED_FACE('',(#4835),#4852,.F.);
#4835 = FACE_BOUND('',#4836,.F.);
#4836 = EDGE_LOOP('',(#4837,#4838,#4839,#4847));
#4837 = ORIENTED_EDGE('',*,*,#4426,.T.);
#4838 = ORIENTED_EDGE('',*,*,#4614,.T.);
#4839 = ORIENTED_EDGE('',*,*,#4840,.F.);
#4840 = EDGE_CURVE('',#4841,#4615,#4843,.T.);
#4841 = VERTEX_POINT('',#4842);
#4842 = CARTESIAN_POINT('',(-0.605,-1.5,0.725));
#4843 = LINE('',#4844,#4845);
#4844 = CARTESIAN_POINT('',(-0.605,-1.5,0.725));
#4845 = VECTOR('',#4846,1.);
#4846 = DIRECTION('',(-0.707106781187,0.707106781187,0.));
#4847 = ORIENTED_EDGE('',*,*,#4848,.F.);
#4848 = EDGE_CURVE('',#4427,#4841,#4849,.T.);
#4849 = B_SPLINE_CURVE_WITH_KNOTS('',1,(#4850,#4851),.UNSPECIFIED.,.F.,
  .F.,(2,2),(0.,1.),.PIECEWISE_BEZIER_KNOTS.);
#4850 = CARTESIAN_POINT('',(-0.605,-1.5,0.575));
#4851 = CARTESIAN_POINT('',(-0.605,-1.5,0.725));
#4852 = PLANE('',#4853);
#4853 = AXIS2_PLACEMENT_3D('',#4854,#4855,#4856);
#4854 = CARTESIAN_POINT('',(-0.605,-1.5,0.725));
#4855 = DIRECTION('',(0.707106781187,0.707106781187,0.));
#4856 = DIRECTION('',(-0.707106781187,0.707106781187,0.));
#4857 = ADVANCED_FACE('',(#4858),#4875,.F.);
#4858 = FACE_BOUND('',#4859,.F.);
#4859 = EDGE_LOOP('',(#4860,#4861,#4868,#4874));
#4860 = ORIENTED_EDGE('',*,*,#4455,.T.);
#4861 = ORIENTED_EDGE('',*,*,#4862,.T.);
#4862 = EDGE_CURVE('',#4449,#4863,#4865,.T.);
#4863 = VERTEX_POINT('',#4864);
#4864 = CARTESIAN_POINT('',(0.605,-1.5,0.725));
#4865 = B_SPLINE_CURVE_WITH_KNOTS('',1,(#4866,#4867),.UNSPECIFIED.,.F.,
  .F.,(2,2),(0.,1.),.PIECEWISE_BEZIER_KNOTS.);
#4866 = CARTESIAN_POINT('',(0.605,-1.5,0.575));
#4867 = CARTESIAN_POINT('',(0.605,-1.5,0.725));
#4868 = ORIENTED_EDGE('',*,*,#4869,.F.);
#4869 = EDGE_CURVE('',#4818,#4863,#4870,.T.);
#4870 = LINE('',#4871,#4872);
#4871 = CARTESIAN_POINT('',(0.7,-1.405,0.725));
#4872 = VECTOR('',#4873,1.);
#4873 = DIRECTION('',(-0.707106781187,-0.707106781187,0.));
#4874 = ORIENTED_EDGE('',*,*,#4817,.F.);
#4875 = PLANE('',#4876);
#4876 = AXIS2_PLACEMENT_3D('',#4877,#4878,#4879);
#4877 = CARTESIAN_POINT('',(0.7,-1.405,0.725));
#4878 = DIRECTION('',(-0.707106781187,0.707106781187,0.));
#4879 = DIRECTION('',(-0.707106781187,-0.707106781187,0.));
#4880 = ADVANCED_FACE('',(#4881),#4892,.F.);
#4881 = FACE_BOUND('',#4882,.F.);
#4882 = EDGE_LOOP('',(#4883,#4884,#4885,#4891));
#4883 = ORIENTED_EDGE('',*,*,#4472,.T.);
#4884 = ORIENTED_EDGE('',*,*,#4848,.T.);
#4885 = ORIENTED_EDGE('',*,*,#4886,.F.);
#4886 = EDGE_CURVE('',#4863,#4841,#4887,.T.);
#4887 = LINE('',#4888,#4889);
#4888 = CARTESIAN_POINT('',(0.605,-1.5,0.725));
#4889 = VECTOR('',#4890,1.);
#4890 = DIRECTION('',(-1.,-1.110223024625E-16,0.));
#4891 = ORIENTED_EDGE('',*,*,#4862,.F.);
#4892 = PLANE('',#4893);
#4893 = AXIS2_PLACEMENT_3D('',#4894,#4895,#4896);
#4894 = CARTESIAN_POINT('',(0.605,-1.5,0.725));
#4895 = DIRECTION('',(-1.110223024625E-16,1.,0.));
#4896 = DIRECTION('',(-1.,-1.110223024625E-16,0.));
#4897 = ADVANCED_FACE('',(#4898),#4921,.F.);
#4898 = FACE_BOUND('',#4899,.F.);
#4899 = EDGE_LOOP('',(#4900,#4908,#4914,#4915));
#4900 = ORIENTED_EDGE('',*,*,#4901,.F.);
#4901 = EDGE_CURVE('',#4687,#4902,#4904,.T.);
#4902 = VERTEX_POINT('',#4903);
#4903 = CARTESIAN_POINT('',(-0.675,0.75,0.725));
#4904 = LINE('',#4905,#4906);
#4905 = CARTESIAN_POINT('',(-0.7,0.75,0.725));
#4906 = VECTOR('',#4907,1.);
#4907 = DIRECTION('',(1.,-1.144237745222E-17,0.));
#4908 = ORIENTED_EDGE('',*,*,#4909,.T.);
#4909 = EDGE_CURVE('',#4687,#4577,#4910,.T.);
#4910 = LINE('',#4911,#4912);
#4911 = CARTESIAN_POINT('',(-0.7,0.75,0.725));
#4912 = VECTOR('',#4913,1.);
#4913 = DIRECTION('',(1.144237745222E-17,1.,0.));
#4914 = ORIENTED_EDGE('',*,*,#4576,.T.);
#4915 = ORIENTED_EDGE('',*,*,#4916,.F.);
#4916 = EDGE_CURVE('',#4902,#4569,#4917,.T.);
#4917 = LINE('',#4918,#4919);
#4918 = CARTESIAN_POINT('',(-0.675,-1.3925,0.725));
#4919 = VECTOR('',#4920,1.);
#4920 = DIRECTION('',(-1.110223024625E-16,1.,0.));
#4921 = PLANE('',#4922);
#4922 = AXIS2_PLACEMENT_3D('',#4923,#4924,#4925);
#4923 = CARTESIAN_POINT('',(-0.7,0.75,0.725));
#4924 = DIRECTION('',(0.,0.,-1.));
#4925 = DIRECTION('',(1.,-1.144237745222E-17,0.));
#4926 = ADVANCED_FACE('',(#4927),#4975,.F.);
#4927 = FACE_BOUND('',#4928,.F.);
#4928 = EDGE_LOOP('',(#4929,#4939,#4947,#4953,#4954,#4955,#4962,#4970));
#4929 = ORIENTED_EDGE('',*,*,#4930,.T.);
#4930 = EDGE_CURVE('',#4931,#4933,#4935,.T.);
#4931 = VERTEX_POINT('',#4932);
#4932 = CARTESIAN_POINT('',(-0.675,-1.3925,0.725));
#4933 = VERTEX_POINT('',#4934);
#4934 = CARTESIAN_POINT('',(-0.675,-1.15,0.725));
#4935 = LINE('',#4936,#4937);
#4936 = CARTESIAN_POINT('',(-0.675,-1.3925,0.725));
#4937 = VECTOR('',#4938,1.);
#4938 = DIRECTION('',(-1.110223024625E-16,1.,0.));
#4939 = ORIENTED_EDGE('',*,*,#4940,.T.);
#4940 = EDGE_CURVE('',#4933,#4941,#4943,.T.);
#4941 = VERTEX_POINT('',#4942);
#4942 = CARTESIAN_POINT('',(-0.675,-0.75,0.725));
#4943 = LINE('',#4944,#4945);
#4944 = CARTESIAN_POINT('',(-0.675,-1.3925,0.725));
#4945 = VECTOR('',#4946,1.);
#4946 = DIRECTION('',(-1.110223024625E-16,1.,0.));
#4947 = ORIENTED_EDGE('',*,*,#4948,.T.);
#4948 = EDGE_CURVE('',#4941,#4902,#4949,.T.);
#4949 = LINE('',#4950,#4951);
#4950 = CARTESIAN_POINT('',(-0.675,-1.3925,0.725));
#4951 = VECTOR('',#4952,1.);
#4952 = DIRECTION('',(-1.110223024625E-16,1.,0.));
#4953 = ORIENTED_EDGE('',*,*,#4916,.T.);
#4954 = ORIENTED_EDGE('',*,*,#4568,.T.);
#4955 = ORIENTED_EDGE('',*,*,#4956,.T.);
#4956 = EDGE_CURVE('',#4561,#4957,#4959,.T.);
#4957 = VERTEX_POINT('',#4958);
#4958 = CARTESIAN_POINT('',(-0.608243103516,1.359121551758,1.2));
#4959 = B_SPLINE_CURVE_WITH_KNOTS('',1,(#4960,#4961),.UNSPECIFIED.,.F.,
  .F.,(2,2),(0.,1.),.PIECEWISE_BEZIER_KNOTS.);
#4960 = CARTESIAN_POINT('',(-0.675,1.3925,0.725));
#4961 = CARTESIAN_POINT('',(-0.608243103516,1.359121551758,1.2));
#4962 = ORIENTED_EDGE('',*,*,#4963,.F.);
#4963 = EDGE_CURVE('',#4964,#4957,#4966,.T.);
#4964 = VERTEX_POINT('',#4965);
#4965 = CARTESIAN_POINT('',(-0.608243103516,-1.359121551758,1.2));
#4966 = LINE('',#4967,#4968);
#4967 = CARTESIAN_POINT('',(-0.608243103516,-1.359121551758,1.2));
#4968 = VECTOR('',#4969,1.);
#4969 = DIRECTION('',(-1.110223024625E-16,1.,0.));
#4970 = ORIENTED_EDGE('',*,*,#4971,.F.);
#4971 = EDGE_CURVE('',#4931,#4964,#4972,.T.);
#4972 = B_SPLINE_CURVE_WITH_KNOTS('',1,(#4973,#4974),.UNSPECIFIED.,.F.,
  .F.,(2,2),(0.,1.),.PIECEWISE_BEZIER_KNOTS.);
#4973 = CARTESIAN_POINT('',(-0.675,-1.3925,0.725));
#4974 = CARTESIAN_POINT('',(-0.608243103516,-1.359121551758,1.2));
#4975 = B_SPLINE_SURFACE_WITH_KNOTS('',1,1,(
    (#4976,#4977)
    ,(#4978,#4979
    )),.UNSPECIFIED.,.F.,.F.,.F.,(2,2),(2,2),(0.,2.785),(0.,1.),
  .PIECEWISE_BEZIER_KNOTS.);
#4976 = CARTESIAN_POINT('',(-0.675,-1.3925,0.725));
#4977 = CARTESIAN_POINT('',(-0.608243103516,-1.359121551758,1.2));
#4978 = CARTESIAN_POINT('',(-0.675,1.3925,0.725));
#4979 = CARTESIAN_POINT('',(-0.608243103516,1.359121551758,1.2));
#4980 = ADVANCED_FACE('',(#4981),#4998,.F.);
#4981 = FACE_BOUND('',#4982,.F.);
#4982 = EDGE_LOOP('',(#4983,#4984,#4991,#4997));
#4983 = ORIENTED_EDGE('',*,*,#4560,.T.);
#4984 = ORIENTED_EDGE('',*,*,#4985,.T.);
#4985 = EDGE_CURVE('',#4553,#4986,#4988,.T.);
#4986 = VERTEX_POINT('',#4987);
#4987 = CARTESIAN_POINT('',(-0.559121551758,1.408243103516,1.2));
#4988 = B_SPLINE_CURVE_WITH_KNOTS('',1,(#4989,#4990),.UNSPECIFIED.,.F.,
  .F.,(2,2),(0.,1.),.PIECEWISE_BEZIER_KNOTS.);
#4989 = CARTESIAN_POINT('',(-0.5925,1.475,0.725));
#4990 = CARTESIAN_POINT('',(-0.559121551758,1.408243103516,1.2));
#4991 = ORIENTED_EDGE('',*,*,#4992,.F.);
#4992 = EDGE_CURVE('',#4957,#4986,#4993,.T.);
#4993 = LINE('',#4994,#4995);
#4994 = CARTESIAN_POINT('',(-0.608243103516,1.359121551758,1.2));
#4995 = VECTOR('',#4996,1.);
#4996 = DIRECTION('',(0.707106781187,0.707106781187,0.));
#4997 = ORIENTED_EDGE('',*,*,#4956,.F.);
#4998 = B_SPLINE_SURFACE_WITH_KNOTS('',1,1,(
    (#4999,#5000)
    ,(#5001,#5002
    )),.UNSPECIFIED.,.F.,.F.,.F.,(2,2),(2,2),(0.,0.116672618896),(0.,1.)
  ,.PIECEWISE_BEZIER_KNOTS.);
#4999 = CARTESIAN_POINT('',(-0.675,1.3925,0.725));
#5000 = CARTESIAN_POINT('',(-0.608243103516,1.359121551758,1.2));
#5001 = CARTESIAN_POINT('',(-0.5925,1.475,0.725));
#5002 = CARTESIAN_POINT('',(-0.559121551758,1.408243103516,1.2));
#5003 = ADVANCED_FACE('',(#5004),#5021,.F.);
#5004 = FACE_BOUND('',#5005,.F.);
#5005 = EDGE_LOOP('',(#5006,#5007,#5014,#5020));
#5006 = ORIENTED_EDGE('',*,*,#4552,.T.);
#5007 = ORIENTED_EDGE('',*,*,#5008,.T.);
#5008 = EDGE_CURVE('',#4545,#5009,#5011,.T.);
#5009 = VERTEX_POINT('',#5010);
#5010 = CARTESIAN_POINT('',(0.559121551758,1.408243103516,1.2));
#5011 = B_SPLINE_CURVE_WITH_KNOTS('',1,(#5012,#5013),.UNSPECIFIED.,.F.,
  .F.,(2,2),(0.,1.),.PIECEWISE_BEZIER_KNOTS.);
#5012 = CARTESIAN_POINT('',(0.5925,1.475,0.725));
#5013 = CARTESIAN_POINT('',(0.559121551758,1.408243103516,1.2));
#5014 = ORIENTED_EDGE('',*,*,#5015,.F.);
#5015 = EDGE_CURVE('',#4986,#5009,#5016,.T.);
#5016 = LINE('',#5017,#5018);
#5017 = CARTESIAN_POINT('',(-0.559121551758,1.408243103516,1.2));
#5018 = VECTOR('',#5019,1.);
#5019 = DIRECTION('',(1.,1.110223024625E-16,0.));
#5020 = ORIENTED_EDGE('',*,*,#4985,.F.);
#5021 = B_SPLINE_SURFACE_WITH_KNOTS('',1,1,(
    (#5022,#5023)
    ,(#5024,#5025
    )),.UNSPECIFIED.,.F.,.F.,.F.,(2,2),(2,2),(0.,1.185),(0.,1.),
  .PIECEWISE_BEZIER_KNOTS.);
#5022 = CARTESIAN_POINT('',(-0.5925,1.475,0.725));
#5023 = CARTESIAN_POINT('',(-0.559121551758,1.408243103516,1.2));
#5024 = CARTESIAN_POINT('',(0.5925,1.475,0.725));
#5025 = CARTESIAN_POINT('',(0.559121551758,1.408243103516,1.2));
#5026 = ADVANCED_FACE('',(#5027),#5044,.F.);
#5027 = FACE_BOUND('',#5028,.F.);
#5028 = EDGE_LOOP('',(#5029,#5030,#5037,#5043));
#5029 = ORIENTED_EDGE('',*,*,#4544,.T.);
#5030 = ORIENTED_EDGE('',*,*,#5031,.T.);
#5031 = EDGE_CURVE('',#4537,#5032,#5034,.T.);
#5032 = VERTEX_POINT('',#5033);
#5033 = CARTESIAN_POINT('',(0.608243103516,1.359121551758,1.2));
#5034 = B_SPLINE_CURVE_WITH_KNOTS('',1,(#5035,#5036),.UNSPECIFIED.,.F.,
  .F.,(2,2),(0.,1.),.PIECEWISE_BEZIER_KNOTS.);
#5035 = CARTESIAN_POINT('',(0.675,1.3925,0.725));
#5036 = CARTESIAN_POINT('',(0.608243103516,1.359121551758,1.2));
#5037 = ORIENTED_EDGE('',*,*,#5038,.F.);
#5038 = EDGE_CURVE('',#5009,#5032,#5039,.T.);
#5039 = LINE('',#5040,#5041);
#5040 = CARTESIAN_POINT('',(0.559121551758,1.408243103516,1.2));
#5041 = VECTOR('',#5042,1.);
#5042 = DIRECTION('',(0.707106781187,-0.707106781187,0.));
#5043 = ORIENTED_EDGE('',*,*,#5008,.F.);
#5044 = B_SPLINE_SURFACE_WITH_KNOTS('',1,1,(
    (#5045,#5046)
    ,(#5047,#5048
    )),.UNSPECIFIED.,.F.,.F.,.F.,(2,2),(2,2),(0.,0.116672618896),(0.,1.)
  ,.PIECEWISE_BEZIER_KNOTS.);
#5045 = CARTESIAN_POINT('',(0.5925,1.475,0.725));
#5046 = CARTESIAN_POINT('',(0.559121551758,1.408243103516,1.2));
#5047 = CARTESIAN_POINT('',(0.675,1.3925,0.725));
#5048 = CARTESIAN_POINT('',(0.608243103516,1.359121551758,1.2));
#5049 = ADVANCED_FACE('',(#5050),#5083,.F.);
#5050 = FACE_BOUND('',#5051,.F.);
#5051 = EDGE_LOOP('',(#5052,#5053,#5061,#5069,#5076,#5082));
#5052 = ORIENTED_EDGE('',*,*,#4536,.T.);
#5053 = ORIENTED_EDGE('',*,*,#5054,.T.);
#5054 = EDGE_CURVE('',#4529,#5055,#5057,.T.);
#5055 = VERTEX_POINT('',#5056);
#5056 = CARTESIAN_POINT('',(0.675,-0.2,0.725));
#5057 = LINE('',#5058,#5059);
#5058 = CARTESIAN_POINT('',(0.675,1.3925,0.725));
#5059 = VECTOR('',#5060,1.);
#5060 = DIRECTION('',(1.110223024625E-16,-1.,0.));
#5061 = ORIENTED_EDGE('',*,*,#5062,.T.);
#5062 = EDGE_CURVE('',#5055,#5063,#5065,.T.);
#5063 = VERTEX_POINT('',#5064);
#5064 = CARTESIAN_POINT('',(0.675,-1.3925,0.725));
#5065 = LINE('',#5066,#5067);
#5066 = CARTESIAN_POINT('',(0.675,1.3925,0.725));
#5067 = VECTOR('',#5068,1.);
#5068 = DIRECTION('',(1.110223024625E-16,-1.,0.));
#5069 = ORIENTED_EDGE('',*,*,#5070,.T.);
#5070 = EDGE_CURVE('',#5063,#5071,#5073,.T.);
#5071 = VERTEX_POINT('',#5072);
#5072 = CARTESIAN_POINT('',(0.608243103516,-1.359121551758,1.2));
#5073 = B_SPLINE_CURVE_WITH_KNOTS('',1,(#5074,#5075),.UNSPECIFIED.,.F.,
  .F.,(2,2),(0.,1.),.PIECEWISE_BEZIER_KNOTS.);
#5074 = CARTESIAN_POINT('',(0.675,-1.3925,0.725));
#5075 = CARTESIAN_POINT('',(0.608243103516,-1.359121551758,1.2));
#5076 = ORIENTED_EDGE('',*,*,#5077,.F.);
#5077 = EDGE_CURVE('',#5032,#5071,#5078,.T.);
#5078 = LINE('',#5079,#5080);
#5079 = CARTESIAN_POINT('',(0.608243103516,1.359121551758,1.2));
#5080 = VECTOR('',#5081,1.);
#5081 = DIRECTION('',(1.110223024625E-16,-1.,0.));
#5082 = ORIENTED_EDGE('',*,*,#5031,.F.);
#5083 = B_SPLINE_SURFACE_WITH_KNOTS('',1,1,(
    (#5084,#5085)
    ,(#5086,#5087
    )),.UNSPECIFIED.,.F.,.F.,.F.,(2,2),(2,2),(0.,2.785),(0.,1.),
  .PIECEWISE_BEZIER_KNOTS.);
#5084 = CARTESIAN_POINT('',(0.675,1.3925,0.725));
#5085 = CARTESIAN_POINT('',(0.608243103516,1.359121551758,1.2));
#5086 = CARTESIAN_POINT('',(0.675,-1.3925,0.725));
#5087 = CARTESIAN_POINT('',(0.608243103516,-1.359121551758,1.2));
#5088 = ADVANCED_FACE('',(#5089),#5105,.F.);
#5089 = FACE_BOUND('',#5090,.F.);
#5090 = EDGE_LOOP('',(#5091,#5092,#5098,#5104));
#5091 = ORIENTED_EDGE('',*,*,#4528,.F.);
#5092 = ORIENTED_EDGE('',*,*,#5093,.T.);
#5093 = EDGE_CURVE('',#4521,#4809,#5094,.T.);
#5094 = LINE('',#5095,#5096);
#5095 = CARTESIAN_POINT('',(0.7,0.2,0.725));
#5096 = VECTOR('',#5097,1.);
#5097 = DIRECTION('',(1.110223024625E-16,-1.,0.));
#5098 = ORIENTED_EDGE('',*,*,#5099,.T.);
#5099 = EDGE_CURVE('',#4809,#5055,#5100,.T.);
#5100 = LINE('',#5101,#5102);
#5101 = CARTESIAN_POINT('',(0.7,-0.2,0.725));
#5102 = VECTOR('',#5103,1.);
#5103 = DIRECTION('',(-1.,-1.110223024625E-16,0.));
#5104 = ORIENTED_EDGE('',*,*,#5054,.F.);
#5105 = PLANE('',#5106);
#5106 = AXIS2_PLACEMENT_3D('',#5107,#5108,#5109);
#5107 = CARTESIAN_POINT('',(0.7,0.2,0.725));
#5108 = DIRECTION('',(0.,0.,-1.));
#5109 = DIRECTION('',(-1.,-1.110223024625E-16,-0.));
#5110 = ADVANCED_FACE('',(#5111),#5149,.F.);
#5111 = FACE_BOUND('',#5112,.F.);
#5112 = EDGE_LOOP('',(#5113,#5114,#5115,#5116,#5117,#5118,#5119,#5125,
    #5126,#5134,#5142,#5148));
#5113 = ORIENTED_EDGE('',*,*,#5099,.F.);
#5114 = ORIENTED_EDGE('',*,*,#4824,.T.);
#5115 = ORIENTED_EDGE('',*,*,#4869,.T.);
#5116 = ORIENTED_EDGE('',*,*,#4886,.T.);
#5117 = ORIENTED_EDGE('',*,*,#4840,.T.);
#5118 = ORIENTED_EDGE('',*,*,#4630,.T.);
#5119 = ORIENTED_EDGE('',*,*,#5120,.T.);
#5120 = EDGE_CURVE('',#4623,#4933,#5121,.T.);
#5121 = LINE('',#5122,#5123);
#5122 = CARTESIAN_POINT('',(-0.7,-1.15,0.725));
#5123 = VECTOR('',#5124,1.);
#5124 = DIRECTION('',(1.,-1.144237745222E-17,0.));
#5125 = ORIENTED_EDGE('',*,*,#4930,.F.);
#5126 = ORIENTED_EDGE('',*,*,#5127,.F.);
#5127 = EDGE_CURVE('',#5128,#4931,#5130,.T.);
#5128 = VERTEX_POINT('',#5129);
#5129 = CARTESIAN_POINT('',(-0.5925,-1.475,0.725));
#5130 = LINE('',#5131,#5132);
#5131 = CARTESIAN_POINT('',(-0.5925,-1.475,0.725));
#5132 = VECTOR('',#5133,1.);
#5133 = DIRECTION('',(-0.707106781187,0.707106781187,0.));
#5134 = ORIENTED_EDGE('',*,*,#5135,.F.);
#5135 = EDGE_CURVE('',#5136,#5128,#5138,.T.);
#5136 = VERTEX_POINT('',#5137);
#5137 = CARTESIAN_POINT('',(0.5925,-1.475,0.725));
#5138 = LINE('',#5139,#5140);
#5139 = CARTESIAN_POINT('',(0.5925,-1.475,0.725));
#5140 = VECTOR('',#5141,1.);
#5141 = DIRECTION('',(-1.,-1.110223024625E-16,0.));
#5142 = ORIENTED_EDGE('',*,*,#5143,.F.);
#5143 = EDGE_CURVE('',#5063,#5136,#5144,.T.);
#5144 = LINE('',#5145,#5146);
#5145 = CARTESIAN_POINT('',(0.675,-1.3925,0.725));
#5146 = VECTOR('',#5147,1.);
#5147 = DIRECTION('',(-0.707106781187,-0.707106781187,0.));
#5148 = ORIENTED_EDGE('',*,*,#5062,.F.);
#5149 = PLANE('',#5150);
#5150 = AXIS2_PLACEMENT_3D('',#5151,#5152,#5153);
#5151 = CARTESIAN_POINT('',(-1.486299604971E-16,1.4875,0.725));
#5152 = DIRECTION('',(1.022886882533E-31,-6.310887241768E-27,-1.));
#5153 = DIRECTION('',(1.,1.217738924546E-16,1.022886882525E-31));
#5154 = ADVANCED_FACE('',(#5155),#5224,.F.);
#5155 = FACE_BOUND('',#5156,.F.);
#5156 = EDGE_LOOP('',(#5157,#5158,#5159,#5167,#5176,#5184,#5192,#5200,
    #5209,#5217));
#5157 = ORIENTED_EDGE('',*,*,#4622,.F.);
#5158 = ORIENTED_EDGE('',*,*,#4662,.T.);
#5159 = ORIENTED_EDGE('',*,*,#5160,.T.);
#5160 = EDGE_CURVE('',#4655,#5161,#5163,.T.);
#5161 = VERTEX_POINT('',#5162);
#5162 = CARTESIAN_POINT('',(-0.843471632406,-1.15,0.206587955583));
#5163 = LINE('',#5164,#5165);
#5164 = CARTESIAN_POINT('',(-0.798480775301,-1.15,0.492364817767));
#5165 = VECTOR('',#5166,1.);
#5166 = DIRECTION('',(-0.155518033909,1.779496044609E-18,-0.987833053268
    ));
#5167 = ORIENTED_EDGE('',*,*,#5168,.T.);
#5168 = EDGE_CURVE('',#5161,#5169,#5171,.T.);
#5169 = VERTEX_POINT('',#5170);
#5170 = CARTESIAN_POINT('',(-1.089673570659,-1.15,5.551115123126E-17));
#5171 = CIRCLE('',#5172,0.25);
#5172 = AXIS2_PLACEMENT_3D('',#5173,#5174,#5175);
#5173 = CARTESIAN_POINT('',(-1.089673570659,-1.15,0.25));
#5174 = DIRECTION('',(1.144237745222E-17,1.,3.851859888774E-34));
#5175 = DIRECTION('',(0.984807753012,-1.126854202784E-17,-0.173648177667
    ));
#5176 = ORIENTED_EDGE('',*,*,#5177,.T.);
#5177 = EDGE_CURVE('',#5169,#5178,#5180,.T.);
#5178 = VERTEX_POINT('',#5179);
#5179 = CARTESIAN_POINT('',(-1.25,-1.15,5.551115123126E-17));
#5180 = LINE('',#5181,#5182);
#5181 = CARTESIAN_POINT('',(-1.089673570659,-1.15,5.551115123126E-17));
#5182 = VECTOR('',#5183,1.);
#5183 = DIRECTION('',(-1.,1.144237745222E-17,0.));
#5184 = ORIENTED_EDGE('',*,*,#5185,.T.);
#5185 = EDGE_CURVE('',#5178,#5186,#5188,.T.);
#5186 = VERTEX_POINT('',#5187);
#5187 = CARTESIAN_POINT('',(-1.25,-1.15,0.15));
#5188 = LINE('',#5189,#5190);
#5189 = CARTESIAN_POINT('',(-1.25,-1.15,5.551115123126E-17));
#5190 = VECTOR('',#5191,1.);
#5191 = DIRECTION('',(0.,0.,1.));
#5192 = ORIENTED_EDGE('',*,*,#5193,.T.);
#5193 = EDGE_CURVE('',#5186,#5194,#5196,.T.);
#5194 = VERTEX_POINT('',#5195);
#5195 = CARTESIAN_POINT('',(-1.089673570659,-1.15,0.15));
#5196 = LINE('',#5197,#5198);
#5197 = CARTESIAN_POINT('',(-1.25,-1.15,0.15));
#5198 = VECTOR('',#5199,1.);
#5199 = DIRECTION('',(1.,-1.144237745222E-17,0.));
#5200 = ORIENTED_EDGE('',*,*,#5201,.T.);
#5201 = EDGE_CURVE('',#5194,#5202,#5204,.T.);
#5202 = VERTEX_POINT('',#5203);
#5203 = CARTESIAN_POINT('',(-0.991192795358,-1.15,0.232635182233));
#5204 = CIRCLE('',#5205,0.1);
#5205 = AXIS2_PLACEMENT_3D('',#5206,#5207,#5208);
#5206 = CARTESIAN_POINT('',(-1.089673570659,-1.15,0.25));
#5207 = DIRECTION('',(-1.144237745222E-17,-1.,1.094764425254E-47));
#5208 = DIRECTION('',(-2.22044604925E-15,2.540718180781E-32,-1.));
#5209 = ORIENTED_EDGE('',*,*,#5210,.T.);
#5210 = EDGE_CURVE('',#5202,#5211,#5213,.T.);
#5211 = VERTEX_POINT('',#5212);
#5212 = CARTESIAN_POINT('',(-0.946201938253,-1.15,0.518412044417));
#5213 = LINE('',#5214,#5215);
#5214 = CARTESIAN_POINT('',(-0.991192795358,-1.15,0.232635182233));
#5215 = VECTOR('',#5216,1.);
#5216 = DIRECTION('',(0.155518033909,-1.779496044609E-18,0.987833053268)
  );
#5217 = ORIENTED_EDGE('',*,*,#5218,.T.);
#5218 = EDGE_CURVE('',#5211,#4623,#5219,.T.);
#5219 = CIRCLE('',#5220,0.25);
#5220 = AXIS2_PLACEMENT_3D('',#5221,#5222,#5223);
#5221 = CARTESIAN_POINT('',(-0.7,-1.15,0.475));
#5222 = DIRECTION('',(1.144237745222E-17,1.,0.));
#5223 = DIRECTION('',(-0.984807753012,1.126854202784E-17,0.173648177667)
  );
#5224 = PLANE('',#5225);
#5225 = AXIS2_PLACEMENT_3D('',#5226,#5227,#5228);
#5226 = CARTESIAN_POINT('',(-0.931323080229,-1.15,0.33452717391));
#5227 = DIRECTION('',(1.144237745222E-17,1.,0.));
#5228 = DIRECTION('',(0.,-0.,1.));
#5229 = ADVANCED_FACE('',(#5230),#5248,.F.);
#5230 = FACE_BOUND('',#5231,.F.);
#5231 = EDGE_LOOP('',(#5232,#5233,#5241,#5247));
#5232 = ORIENTED_EDGE('',*,*,#4654,.T.);
#5233 = ORIENTED_EDGE('',*,*,#5234,.T.);
#5234 = EDGE_CURVE('',#4646,#5235,#5237,.T.);
#5235 = VERTEX_POINT('',#5236);
#5236 = CARTESIAN_POINT('',(-0.843471632406,-0.75,0.206587955583));
#5237 = LINE('',#5238,#5239);
#5238 = CARTESIAN_POINT('',(-0.798480775301,-0.75,0.492364817767));
#5239 = VECTOR('',#5240,1.);
#5240 = DIRECTION('',(-0.155518033909,1.779496044609E-18,-0.987833053268
    ));
#5241 = ORIENTED_EDGE('',*,*,#5242,.F.);
#5242 = EDGE_CURVE('',#5161,#5235,#5243,.T.);
#5243 = LINE('',#5244,#5245);
#5244 = CARTESIAN_POINT('',(-0.843471632406,-1.15,0.206587955583));
#5245 = VECTOR('',#5246,1.);
#5246 = DIRECTION('',(1.144237745222E-17,1.,0.));
#5247 = ORIENTED_EDGE('',*,*,#5160,.F.);
#5248 = PLANE('',#5249);
#5249 = AXIS2_PLACEMENT_3D('',#5250,#5251,#5252);
#5250 = CARTESIAN_POINT('',(-0.798480775301,-1.15,0.492364817767));
#5251 = DIRECTION('',(-0.987833053268,1.130315865527E-17,0.155518033909)
  );
#5252 = DIRECTION('',(-0.155518033909,1.779496044609E-18,-0.987833053268
    ));
#5253 = ADVANCED_FACE('',(#5254),#5316,.T.);
#5254 = FACE_BOUND('',#5255,.T.);
#5255 = EDGE_LOOP('',(#5256,#5257,#5258,#5259,#5268,#5276,#5284,#5292,
    #5301,#5309));
#5256 = ORIENTED_EDGE('',*,*,#4677,.F.);
#5257 = ORIENTED_EDGE('',*,*,#4645,.T.);
#5258 = ORIENTED_EDGE('',*,*,#5234,.T.);
#5259 = ORIENTED_EDGE('',*,*,#5260,.T.);
#5260 = EDGE_CURVE('',#5235,#5261,#5263,.T.);
#5261 = VERTEX_POINT('',#5262);
#5262 = CARTESIAN_POINT('',(-1.089673570659,-0.75,5.551115123126E-17));
#5263 = CIRCLE('',#5264,0.25);
#5264 = AXIS2_PLACEMENT_3D('',#5265,#5266,#5267);
#5265 = CARTESIAN_POINT('',(-1.089673570659,-0.75,0.25));
#5266 = DIRECTION('',(1.144237745222E-17,1.,3.851859888774E-34));
#5267 = DIRECTION('',(0.984807753012,-1.126854202784E-17,-0.173648177667
    ));
#5268 = ORIENTED_EDGE('',*,*,#5269,.T.);
#5269 = EDGE_CURVE('',#5261,#5270,#5272,.T.);
#5270 = VERTEX_POINT('',#5271);
#5271 = CARTESIAN_POINT('',(-1.25,-0.75,5.551115123126E-17));
#5272 = LINE('',#5273,#5274);
#5273 = CARTESIAN_POINT('',(-1.089673570659,-0.75,5.551115123126E-17));
#5274 = VECTOR('',#5275,1.);
#5275 = DIRECTION('',(-1.,1.144237745222E-17,0.));
#5276 = ORIENTED_EDGE('',*,*,#5277,.T.);
#5277 = EDGE_CURVE('',#5270,#5278,#5280,.T.);
#5278 = VERTEX_POINT('',#5279);
#5279 = CARTESIAN_POINT('',(-1.25,-0.75,0.15));
#5280 = LINE('',#5281,#5282);
#5281 = CARTESIAN_POINT('',(-1.25,-0.75,5.551115123126E-17));
#5282 = VECTOR('',#5283,1.);
#5283 = DIRECTION('',(0.,0.,1.));
#5284 = ORIENTED_EDGE('',*,*,#5285,.T.);
#5285 = EDGE_CURVE('',#5278,#5286,#5288,.T.);
#5286 = VERTEX_POINT('',#5287);
#5287 = CARTESIAN_POINT('',(-1.089673570659,-0.75,0.15));
#5288 = LINE('',#5289,#5290);
#5289 = CARTESIAN_POINT('',(-1.25,-0.75,0.15));
#5290 = VECTOR('',#5291,1.);
#5291 = DIRECTION('',(1.,-1.144237745222E-17,0.));
#5292 = ORIENTED_EDGE('',*,*,#5293,.T.);
#5293 = EDGE_CURVE('',#5286,#5294,#5296,.T.);
#5294 = VERTEX_POINT('',#5295);
#5295 = CARTESIAN_POINT('',(-0.991192795358,-0.75,0.232635182233));
#5296 = CIRCLE('',#5297,0.1);
#5297 = AXIS2_PLACEMENT_3D('',#5298,#5299,#5300);
#5298 = CARTESIAN_POINT('',(-1.089673570659,-0.75,0.25));
#5299 = DIRECTION('',(-1.144237745222E-17,-1.,1.094764425254E-47));
#5300 = DIRECTION('',(-2.22044604925E-15,2.540718180781E-32,-1.));
#5301 = ORIENTED_EDGE('',*,*,#5302,.T.);
#5302 = EDGE_CURVE('',#5294,#5303,#5305,.T.);
#5303 = VERTEX_POINT('',#5304);
#5304 = CARTESIAN_POINT('',(-0.946201938253,-0.75,0.518412044417));
#5305 = LINE('',#5306,#5307);
#5306 = CARTESIAN_POINT('',(-0.991192795358,-0.75,0.232635182233));
#5307 = VECTOR('',#5308,1.);
#5308 = DIRECTION('',(0.155518033909,-1.779496044609E-18,0.987833053268)
  );
#5309 = ORIENTED_EDGE('',*,*,#5310,.T.);
#5310 = EDGE_CURVE('',#5303,#4678,#5311,.T.);
#5311 = CIRCLE('',#5312,0.25);
#5312 = AXIS2_PLACEMENT_3D('',#5313,#5314,#5315);
#5313 = CARTESIAN_POINT('',(-0.7,-0.75,0.475));
#5314 = DIRECTION('',(1.144237745222E-17,1.,0.));
#5315 = DIRECTION('',(-0.984807753012,1.126854202784E-17,0.173648177667)
  );
#5316 = PLANE('',#5317);
#5317 = AXIS2_PLACEMENT_3D('',#5318,#5319,#5320);
#5318 = CARTESIAN_POINT('',(-0.931323080229,-0.75,0.33452717391));
#5319 = DIRECTION('',(1.144237745222E-17,1.,0.));
#5320 = DIRECTION('',(0.,-0.,1.));
#5321 = ADVANCED_FACE('',(#5322),#5333,.F.);
#5322 = FACE_BOUND('',#5323,.F.);
#5323 = EDGE_LOOP('',(#5324,#5325,#5326,#5327));
#5324 = ORIENTED_EDGE('',*,*,#4694,.T.);
#5325 = ORIENTED_EDGE('',*,*,#4901,.T.);
#5326 = ORIENTED_EDGE('',*,*,#4948,.F.);
#5327 = ORIENTED_EDGE('',*,*,#5328,.F.);
#5328 = EDGE_CURVE('',#4678,#4941,#5329,.T.);
#5329 = LINE('',#5330,#5331);
#5330 = CARTESIAN_POINT('',(-0.7,-0.75,0.725));
#5331 = VECTOR('',#5332,1.);
#5332 = DIRECTION('',(1.,-1.144237745222E-17,0.));
#5333 = PLANE('',#5334);
#5334 = AXIS2_PLACEMENT_3D('',#5335,#5336,#5337);
#5335 = CARTESIAN_POINT('',(-1.486299604971E-16,1.4875,0.725));
#5336 = DIRECTION('',(1.022886882533E-31,-6.310887241768E-27,-1.));
#5337 = DIRECTION('',(1.,1.217738924546E-16,1.022886882525E-31));
#5338 = ADVANCED_FACE('',(#5339),#5408,.F.);
#5339 = FACE_BOUND('',#5340,.F.);
#5340 = EDGE_LOOP('',(#5341,#5342,#5343,#5351,#5360,#5368,#5376,#5384,
    #5393,#5401));
#5341 = ORIENTED_EDGE('',*,*,#4686,.F.);
#5342 = ORIENTED_EDGE('',*,*,#4726,.T.);
#5343 = ORIENTED_EDGE('',*,*,#5344,.T.);
#5344 = EDGE_CURVE('',#4719,#5345,#5347,.T.);
#5345 = VERTEX_POINT('',#5346);
#5346 = CARTESIAN_POINT('',(-0.843471632406,0.75,0.206587955583));
#5347 = LINE('',#5348,#5349);
#5348 = CARTESIAN_POINT('',(-0.798480775301,0.75,0.492364817767));
#5349 = VECTOR('',#5350,1.);
#5350 = DIRECTION('',(-0.155518033909,1.779496044609E-18,-0.987833053268
    ));
#5351 = ORIENTED_EDGE('',*,*,#5352,.T.);
#5352 = EDGE_CURVE('',#5345,#5353,#5355,.T.);
#5353 = VERTEX_POINT('',#5354);
#5354 = CARTESIAN_POINT('',(-1.089673570659,0.75,5.551115123126E-17));
#5355 = CIRCLE('',#5356,0.25);
#5356 = AXIS2_PLACEMENT_3D('',#5357,#5358,#5359);
#5357 = CARTESIAN_POINT('',(-1.089673570659,0.75,0.25));
#5358 = DIRECTION('',(1.144237745222E-17,1.,3.851859888774E-34));
#5359 = DIRECTION('',(0.984807753012,-1.126854202784E-17,-0.173648177667
    ));
#5360 = ORIENTED_EDGE('',*,*,#5361,.T.);
#5361 = EDGE_CURVE('',#5353,#5362,#5364,.T.);
#5362 = VERTEX_POINT('',#5363);
#5363 = CARTESIAN_POINT('',(-1.25,0.75,5.551115123126E-17));
#5364 = LINE('',#5365,#5366);
#5365 = CARTESIAN_POINT('',(-1.089673570659,0.75,5.551115123126E-17));
#5366 = VECTOR('',#5367,1.);
#5367 = DIRECTION('',(-1.,1.144237745222E-17,0.));
#5368 = ORIENTED_EDGE('',*,*,#5369,.T.);
#5369 = EDGE_CURVE('',#5362,#5370,#5372,.T.);
#5370 = VERTEX_POINT('',#5371);
#5371 = CARTESIAN_POINT('',(-1.25,0.75,0.15));
#5372 = LINE('',#5373,#5374);
#5373 = CARTESIAN_POINT('',(-1.25,0.75,5.551115123126E-17));
#5374 = VECTOR('',#5375,1.);
#5375 = DIRECTION('',(0.,0.,1.));
#5376 = ORIENTED_EDGE('',*,*,#5377,.T.);
#5377 = EDGE_CURVE('',#5370,#5378,#5380,.T.);
#5378 = VERTEX_POINT('',#5379);
#5379 = CARTESIAN_POINT('',(-1.089673570659,0.75,0.15));
#5380 = LINE('',#5381,#5382);
#5381 = CARTESIAN_POINT('',(-1.25,0.75,0.15));
#5382 = VECTOR('',#5383,1.);
#5383 = DIRECTION('',(1.,-1.144237745222E-17,0.));
#5384 = ORIENTED_EDGE('',*,*,#5385,.T.);
#5385 = EDGE_CURVE('',#5378,#5386,#5388,.T.);
#5386 = VERTEX_POINT('',#5387);
#5387 = CARTESIAN_POINT('',(-0.991192795358,0.75,0.232635182233));
#5388 = CIRCLE('',#5389,0.1);
#5389 = AXIS2_PLACEMENT_3D('',#5390,#5391,#5392);
#5390 = CARTESIAN_POINT('',(-1.089673570659,0.75,0.25));
#5391 = DIRECTION('',(-1.144237745222E-17,-1.,1.094764425254E-47));
#5392 = DIRECTION('',(-2.22044604925E-15,2.540718180781E-32,-1.));
#5393 = ORIENTED_EDGE('',*,*,#5394,.T.);
#5394 = EDGE_CURVE('',#5386,#5395,#5397,.T.);
#5395 = VERTEX_POINT('',#5396);
#5396 = CARTESIAN_POINT('',(-0.946201938253,0.75,0.518412044417));
#5397 = LINE('',#5398,#5399);
#5398 = CARTESIAN_POINT('',(-0.991192795358,0.75,0.232635182233));
#5399 = VECTOR('',#5400,1.);
#5400 = DIRECTION('',(0.155518033909,-1.779496044609E-18,0.987833053268)
  );
#5401 = ORIENTED_EDGE('',*,*,#5402,.T.);
#5402 = EDGE_CURVE('',#5395,#4687,#5403,.T.);
#5403 = CIRCLE('',#5404,0.25);
#5404 = AXIS2_PLACEMENT_3D('',#5405,#5406,#5407);
#5405 = CARTESIAN_POINT('',(-0.7,0.75,0.475));
#5406 = DIRECTION('',(1.144237745222E-17,1.,0.));
#5407 = DIRECTION('',(-0.984807753012,1.126854202784E-17,0.173648177667)
  );
#5408 = PLANE('',#5409);
#5409 = AXIS2_PLACEMENT_3D('',#5410,#5411,#5412);
#5410 = CARTESIAN_POINT('',(-0.931323080229,0.75,0.33452717391));
#5411 = DIRECTION('',(1.144237745222E-17,1.,0.));
#5412 = DIRECTION('',(0.,-0.,1.));
#5413 = ADVANCED_FACE('',(#5414),#5432,.F.);
#5414 = FACE_BOUND('',#5415,.F.);
#5415 = EDGE_LOOP('',(#5416,#5417,#5425,#5431));
#5416 = ORIENTED_EDGE('',*,*,#4718,.T.);
#5417 = ORIENTED_EDGE('',*,*,#5418,.T.);
#5418 = EDGE_CURVE('',#4710,#5419,#5421,.T.);
#5419 = VERTEX_POINT('',#5420);
#5420 = CARTESIAN_POINT('',(-0.843471632406,1.15,0.206587955583));
#5421 = LINE('',#5422,#5423);
#5422 = CARTESIAN_POINT('',(-0.798480775301,1.15,0.492364817767));
#5423 = VECTOR('',#5424,1.);
#5424 = DIRECTION('',(-0.155518033909,1.779496044609E-18,-0.987833053268
    ));
#5425 = ORIENTED_EDGE('',*,*,#5426,.F.);
#5426 = EDGE_CURVE('',#5345,#5419,#5427,.T.);
#5427 = LINE('',#5428,#5429);
#5428 = CARTESIAN_POINT('',(-0.843471632406,0.75,0.206587955583));
#5429 = VECTOR('',#5430,1.);
#5430 = DIRECTION('',(1.144237745222E-17,1.,0.));
#5431 = ORIENTED_EDGE('',*,*,#5344,.F.);
#5432 = PLANE('',#5433);
#5433 = AXIS2_PLACEMENT_3D('',#5434,#5435,#5436);
#5434 = CARTESIAN_POINT('',(-0.798480775301,0.75,0.492364817767));
#5435 = DIRECTION('',(-0.987833053268,1.130315865527E-17,0.155518033909)
  );
#5436 = DIRECTION('',(-0.155518033909,1.779496044609E-18,-0.987833053268
    ));
#5437 = ADVANCED_FACE('',(#5438),#5500,.T.);
#5438 = FACE_BOUND('',#5439,.T.);
#5439 = EDGE_LOOP('',(#5440,#5441,#5442,#5443,#5452,#5460,#5468,#5476,
    #5485,#5493));
#5440 = ORIENTED_EDGE('',*,*,#4741,.F.);
#5441 = ORIENTED_EDGE('',*,*,#4709,.T.);
#5442 = ORIENTED_EDGE('',*,*,#5418,.T.);
#5443 = ORIENTED_EDGE('',*,*,#5444,.T.);
#5444 = EDGE_CURVE('',#5419,#5445,#5447,.T.);
#5445 = VERTEX_POINT('',#5446);
#5446 = CARTESIAN_POINT('',(-1.089673570659,1.15,5.551115123126E-17));
#5447 = CIRCLE('',#5448,0.25);
#5448 = AXIS2_PLACEMENT_3D('',#5449,#5450,#5451);
#5449 = CARTESIAN_POINT('',(-1.089673570659,1.15,0.25));
#5450 = DIRECTION('',(1.144237745222E-17,1.,3.851859888774E-34));
#5451 = DIRECTION('',(0.984807753012,-1.126854202784E-17,-0.173648177667
    ));
#5452 = ORIENTED_EDGE('',*,*,#5453,.T.);
#5453 = EDGE_CURVE('',#5445,#5454,#5456,.T.);
#5454 = VERTEX_POINT('',#5455);
#5455 = CARTESIAN_POINT('',(-1.25,1.15,5.551115123126E-17));
#5456 = LINE('',#5457,#5458);
#5457 = CARTESIAN_POINT('',(-1.089673570659,1.15,5.551115123126E-17));
#5458 = VECTOR('',#5459,1.);
#5459 = DIRECTION('',(-1.,1.144237745222E-17,0.));
#5460 = ORIENTED_EDGE('',*,*,#5461,.T.);
#5461 = EDGE_CURVE('',#5454,#5462,#5464,.T.);
#5462 = VERTEX_POINT('',#5463);
#5463 = CARTESIAN_POINT('',(-1.25,1.15,0.15));
#5464 = LINE('',#5465,#5466);
#5465 = CARTESIAN_POINT('',(-1.25,1.15,5.551115123126E-17));
#5466 = VECTOR('',#5467,1.);
#5467 = DIRECTION('',(0.,0.,1.));
#5468 = ORIENTED_EDGE('',*,*,#5469,.T.);
#5469 = EDGE_CURVE('',#5462,#5470,#5472,.T.);
#5470 = VERTEX_POINT('',#5471);
#5471 = CARTESIAN_POINT('',(-1.089673570659,1.15,0.15));
#5472 = LINE('',#5473,#5474);
#5473 = CARTESIAN_POINT('',(-1.25,1.15,0.15));
#5474 = VECTOR('',#5475,1.);
#5475 = DIRECTION('',(1.,-1.144237745222E-17,0.));
#5476 = ORIENTED_EDGE('',*,*,#5477,.T.);
#5477 = EDGE_CURVE('',#5470,#5478,#5480,.T.);
#5478 = VERTEX_POINT('',#5479);
#5479 = CARTESIAN_POINT('',(-0.991192795358,1.15,0.232635182233));
#5480 = CIRCLE('',#5481,0.1);
#5481 = AXIS2_PLACEMENT_3D('',#5482,#5483,#5484);
#5482 = CARTESIAN_POINT('',(-1.089673570659,1.15,0.25));
#5483 = DIRECTION('',(-1.144237745222E-17,-1.,1.094764425254E-47));
#5484 = DIRECTION('',(-2.22044604925E-15,2.540718180781E-32,-1.));
#5485 = ORIENTED_EDGE('',*,*,#5486,.T.);
#5486 = EDGE_CURVE('',#5478,#5487,#5489,.T.);
#5487 = VERTEX_POINT('',#5488);
#5488 = CARTESIAN_POINT('',(-0.946201938253,1.15,0.518412044417));
#5489 = LINE('',#5490,#5491);
#5490 = CARTESIAN_POINT('',(-0.991192795358,1.15,0.232635182233));
#5491 = VECTOR('',#5492,1.);
#5492 = DIRECTION('',(0.155518033909,-1.779496044609E-18,0.987833053268)
  );
#5493 = ORIENTED_EDGE('',*,*,#5494,.T.);
#5494 = EDGE_CURVE('',#5487,#4577,#5495,.T.);
#5495 = CIRCLE('',#5496,0.25);
#5496 = AXIS2_PLACEMENT_3D('',#5497,#5498,#5499);
#5497 = CARTESIAN_POINT('',(-0.7,1.15,0.475));
#5498 = DIRECTION('',(1.144237745222E-17,1.,0.));
#5499 = DIRECTION('',(-0.984807753012,1.126854202784E-17,0.173648177667)
  );
#5500 = PLANE('',#5501);
#5501 = AXIS2_PLACEMENT_3D('',#5502,#5503,#5504);
#5502 = CARTESIAN_POINT('',(-0.931323080229,1.15,0.33452717391));
#5503 = DIRECTION('',(1.144237745222E-17,1.,0.));
#5504 = DIRECTION('',(0.,-0.,1.));
#5505 = ADVANCED_FACE('',(#5506),#5575,.F.);
#5506 = FACE_BOUND('',#5507,.F.);
#5507 = EDGE_LOOP('',(#5508,#5509,#5510,#5518,#5527,#5535,#5543,#5551,
    #5560,#5568));
#5508 = ORIENTED_EDGE('',*,*,#4760,.F.);
#5509 = ORIENTED_EDGE('',*,*,#4793,.T.);
#5510 = ORIENTED_EDGE('',*,*,#5511,.T.);
#5511 = EDGE_CURVE('',#4786,#5512,#5514,.T.);
#5512 = VERTEX_POINT('',#5513);
#5513 = CARTESIAN_POINT('',(0.843471632406,0.2,0.206587955583));
#5514 = LINE('',#5515,#5516);
#5515 = CARTESIAN_POINT('',(0.798480775301,0.2,0.492364817767));
#5516 = VECTOR('',#5517,1.);
#5517 = DIRECTION('',(0.155518033909,1.726597019897E-17,-0.987833053268)
  );
#5518 = ORIENTED_EDGE('',*,*,#5519,.T.);
#5519 = EDGE_CURVE('',#5512,#5520,#5522,.T.);
#5520 = VERTEX_POINT('',#5521);
#5521 = CARTESIAN_POINT('',(1.089673570659,0.2,5.551115123126E-17));
#5522 = CIRCLE('',#5523,0.25);
#5523 = AXIS2_PLACEMENT_3D('',#5524,#5525,#5526);
#5524 = CARTESIAN_POINT('',(1.089673570659,0.2,0.25));
#5525 = DIRECTION('',(1.110223024625E-16,-1.,0.));
#5526 = DIRECTION('',(-0.984807753012,-1.093356242223E-16,
    -0.173648177667));
#5527 = ORIENTED_EDGE('',*,*,#5528,.T.);
#5528 = EDGE_CURVE('',#5520,#5529,#5531,.T.);
#5529 = VERTEX_POINT('',#5530);
#5530 = CARTESIAN_POINT('',(1.25,0.2,5.551115123126E-17));
#5531 = LINE('',#5532,#5533);
#5532 = CARTESIAN_POINT('',(1.089673570659,0.2,5.551115123126E-17));
#5533 = VECTOR('',#5534,1.);
#5534 = DIRECTION('',(1.,1.110223024625E-16,0.));
#5535 = ORIENTED_EDGE('',*,*,#5536,.T.);
#5536 = EDGE_CURVE('',#5529,#5537,#5539,.T.);
#5537 = VERTEX_POINT('',#5538);
#5538 = CARTESIAN_POINT('',(1.25,0.2,0.15));
#5539 = LINE('',#5540,#5541);
#5540 = CARTESIAN_POINT('',(1.25,0.2,5.551115123126E-17));
#5541 = VECTOR('',#5542,1.);
#5542 = DIRECTION('',(0.,0.,1.));
#5543 = ORIENTED_EDGE('',*,*,#5544,.T.);
#5544 = EDGE_CURVE('',#5537,#5545,#5547,.T.);
#5545 = VERTEX_POINT('',#5546);
#5546 = CARTESIAN_POINT('',(1.089673570659,0.2,0.15));
#5547 = LINE('',#5548,#5549);
#5548 = CARTESIAN_POINT('',(1.25,0.2,0.15));
#5549 = VECTOR('',#5550,1.);
#5550 = DIRECTION('',(-1.,-1.110223024625E-16,0.));
#5551 = ORIENTED_EDGE('',*,*,#5552,.T.);
#5552 = EDGE_CURVE('',#5545,#5553,#5555,.T.);
#5553 = VERTEX_POINT('',#5554);
#5554 = CARTESIAN_POINT('',(0.991192795358,0.2,0.232635182233));
#5555 = CIRCLE('',#5556,0.1);
#5556 = AXIS2_PLACEMENT_3D('',#5557,#5558,#5559);
#5557 = CARTESIAN_POINT('',(1.089673570659,0.2,0.25));
#5558 = DIRECTION('',(-1.110223024625E-16,1.,0.));
#5559 = DIRECTION('',(2.22044604925E-15,2.465190328815E-31,-1.));
#5560 = ORIENTED_EDGE('',*,*,#5561,.T.);
#5561 = EDGE_CURVE('',#5553,#5562,#5564,.T.);
#5562 = VERTEX_POINT('',#5563);
#5563 = CARTESIAN_POINT('',(0.946201938253,0.2,0.518412044417));
#5564 = LINE('',#5565,#5566);
#5565 = CARTESIAN_POINT('',(0.991192795358,0.2,0.232635182233));
#5566 = VECTOR('',#5567,1.);
#5567 = DIRECTION('',(-0.155518033909,-1.726597019897E-17,0.987833053268
    ));
#5568 = ORIENTED_EDGE('',*,*,#5569,.T.);
#5569 = EDGE_CURVE('',#5562,#4521,#5570,.T.);
#5570 = CIRCLE('',#5571,0.25);
#5571 = AXIS2_PLACEMENT_3D('',#5572,#5573,#5574);
#5572 = CARTESIAN_POINT('',(0.7,0.2,0.475));
#5573 = DIRECTION('',(1.110223024625E-16,-1.,0.));
#5574 = DIRECTION('',(0.984807753012,1.093356242223E-16,0.173648177667)
  );
#5575 = PLANE('',#5576);
#5576 = AXIS2_PLACEMENT_3D('',#5577,#5578,#5579);
#5577 = CARTESIAN_POINT('',(0.931323080229,0.2,0.33452717391));
#5578 = DIRECTION('',(1.110223024625E-16,-1.,0.));
#5579 = DIRECTION('',(0.,0.,1.));
#5580 = ADVANCED_FACE('',(#5581),#5599,.F.);
#5581 = FACE_BOUND('',#5582,.F.);
#5582 = EDGE_LOOP('',(#5583,#5584,#5592,#5598));
#5583 = ORIENTED_EDGE('',*,*,#4785,.T.);
#5584 = ORIENTED_EDGE('',*,*,#5585,.T.);
#5585 = EDGE_CURVE('',#4777,#5586,#5588,.T.);
#5586 = VERTEX_POINT('',#5587);
#5587 = CARTESIAN_POINT('',(0.843471632406,-0.2,0.206587955583));
#5588 = LINE('',#5589,#5590);
#5589 = CARTESIAN_POINT('',(0.798480775301,-0.2,0.492364817767));
#5590 = VECTOR('',#5591,1.);
#5591 = DIRECTION('',(0.155518033909,1.726597019897E-17,-0.987833053268)
  );
#5592 = ORIENTED_EDGE('',*,*,#5593,.F.);
#5593 = EDGE_CURVE('',#5512,#5586,#5594,.T.);
#5594 = LINE('',#5595,#5596);
#5595 = CARTESIAN_POINT('',(0.843471632406,0.2,0.206587955583));
#5596 = VECTOR('',#5597,1.);
#5597 = DIRECTION('',(1.110223024625E-16,-1.,0.));
#5598 = ORIENTED_EDGE('',*,*,#5511,.F.);
#5599 = PLANE('',#5600);
#5600 = AXIS2_PLACEMENT_3D('',#5601,#5602,#5603);
#5601 = CARTESIAN_POINT('',(0.798480775301,0.2,0.492364817767));
#5602 = DIRECTION('',(0.987833053268,1.096715000224E-16,0.155518033909)
  );
#5603 = DIRECTION('',(0.155518033909,1.726597019897E-17,-0.987833053268)
  );
#5604 = ADVANCED_FACE('',(#5605),#5667,.T.);
#5605 = FACE_BOUND('',#5606,.T.);
#5606 = EDGE_LOOP('',(#5607,#5608,#5609,#5610,#5619,#5627,#5635,#5643,
    #5652,#5660));
#5607 = ORIENTED_EDGE('',*,*,#4808,.F.);
#5608 = ORIENTED_EDGE('',*,*,#4776,.T.);
#5609 = ORIENTED_EDGE('',*,*,#5585,.T.);
#5610 = ORIENTED_EDGE('',*,*,#5611,.T.);
#5611 = EDGE_CURVE('',#5586,#5612,#5614,.T.);
#5612 = VERTEX_POINT('',#5613);
#5613 = CARTESIAN_POINT('',(1.089673570659,-0.2,5.551115123126E-17));
#5614 = CIRCLE('',#5615,0.25);
#5615 = AXIS2_PLACEMENT_3D('',#5616,#5617,#5618);
#5616 = CARTESIAN_POINT('',(1.089673570659,-0.2,0.25));
#5617 = DIRECTION('',(1.110223024625E-16,-1.,0.));
#5618 = DIRECTION('',(-0.984807753012,-1.093356242223E-16,
    -0.173648177667));
#5619 = ORIENTED_EDGE('',*,*,#5620,.T.);
#5620 = EDGE_CURVE('',#5612,#5621,#5623,.T.);
#5621 = VERTEX_POINT('',#5622);
#5622 = CARTESIAN_POINT('',(1.25,-0.2,5.551115123126E-17));
#5623 = LINE('',#5624,#5625);
#5624 = CARTESIAN_POINT('',(1.089673570659,-0.2,5.551115123126E-17));
#5625 = VECTOR('',#5626,1.);
#5626 = DIRECTION('',(1.,1.110223024625E-16,0.));
#5627 = ORIENTED_EDGE('',*,*,#5628,.T.);
#5628 = EDGE_CURVE('',#5621,#5629,#5631,.T.);
#5629 = VERTEX_POINT('',#5630);
#5630 = CARTESIAN_POINT('',(1.25,-0.2,0.15));
#5631 = LINE('',#5632,#5633);
#5632 = CARTESIAN_POINT('',(1.25,-0.2,5.551115123126E-17));
#5633 = VECTOR('',#5634,1.);
#5634 = DIRECTION('',(0.,0.,1.));
#5635 = ORIENTED_EDGE('',*,*,#5636,.T.);
#5636 = EDGE_CURVE('',#5629,#5637,#5639,.T.);
#5637 = VERTEX_POINT('',#5638);
#5638 = CARTESIAN_POINT('',(1.089673570659,-0.2,0.15));
#5639 = LINE('',#5640,#5641);
#5640 = CARTESIAN_POINT('',(1.25,-0.2,0.15));
#5641 = VECTOR('',#5642,1.);
#5642 = DIRECTION('',(-1.,-1.110223024625E-16,0.));
#5643 = ORIENTED_EDGE('',*,*,#5644,.T.);
#5644 = EDGE_CURVE('',#5637,#5645,#5647,.T.);
#5645 = VERTEX_POINT('',#5646);
#5646 = CARTESIAN_POINT('',(0.991192795358,-0.2,0.232635182233));
#5647 = CIRCLE('',#5648,0.1);
#5648 = AXIS2_PLACEMENT_3D('',#5649,#5650,#5651);
#5649 = CARTESIAN_POINT('',(1.089673570659,-0.2,0.25));
#5650 = DIRECTION('',(-1.110223024625E-16,1.,0.));
#5651 = DIRECTION('',(2.22044604925E-15,2.465190328815E-31,-1.));
#5652 = ORIENTED_EDGE('',*,*,#5653,.T.);
#5653 = EDGE_CURVE('',#5645,#5654,#5656,.T.);
#5654 = VERTEX_POINT('',#5655);
#5655 = CARTESIAN_POINT('',(0.946201938253,-0.2,0.518412044417));
#5656 = LINE('',#5657,#5658);
#5657 = CARTESIAN_POINT('',(0.991192795358,-0.2,0.232635182233));
#5658 = VECTOR('',#5659,1.);
#5659 = DIRECTION('',(-0.155518033909,-1.726597019897E-17,0.987833053268
    ));
#5660 = ORIENTED_EDGE('',*,*,#5661,.T.);
#5661 = EDGE_CURVE('',#5654,#4809,#5662,.T.);
#5662 = CIRCLE('',#5663,0.25);
#5663 = AXIS2_PLACEMENT_3D('',#5664,#5665,#5666);
#5664 = CARTESIAN_POINT('',(0.7,-0.2,0.475));
#5665 = DIRECTION('',(1.110223024625E-16,-1.,0.));
#5666 = DIRECTION('',(0.984807753012,1.093356242223E-16,0.173648177667)
  );
#5667 = PLANE('',#5668);
#5668 = AXIS2_PLACEMENT_3D('',#5669,#5670,#5671);
#5669 = CARTESIAN_POINT('',(0.931323080229,-0.2,0.33452717391));
#5670 = DIRECTION('',(1.110223024625E-16,-1.,0.));
#5671 = DIRECTION('',(0.,0.,1.));
#5672 = ADVANCED_FACE('',(#5673),#5684,.T.);
#5673 = FACE_BOUND('',#5674,.T.);
#5674 = EDGE_LOOP('',(#5675,#5676,#5677,#5678));
#5675 = ORIENTED_EDGE('',*,*,#5402,.T.);
#5676 = ORIENTED_EDGE('',*,*,#4909,.T.);
#5677 = ORIENTED_EDGE('',*,*,#5494,.F.);
#5678 = ORIENTED_EDGE('',*,*,#5679,.F.);
#5679 = EDGE_CURVE('',#5395,#5487,#5680,.T.);
#5680 = LINE('',#5681,#5682);
#5681 = CARTESIAN_POINT('',(-0.946201938253,0.75,0.518412044417));
#5682 = VECTOR('',#5683,1.);
#5683 = DIRECTION('',(1.144237745222E-17,1.,0.));
#5684 = CYLINDRICAL_SURFACE('',#5685,0.25);
#5685 = AXIS2_PLACEMENT_3D('',#5686,#5687,#5688);
#5686 = CARTESIAN_POINT('',(-0.7,0.75,0.475));
#5687 = DIRECTION('',(-1.144237745222E-17,-1.,0.));
#5688 = DIRECTION('',(-0.984807753012,1.126854202784E-17,0.173648177667)
  );
#5689 = ADVANCED_FACE('',(#5690),#5701,.F.);
#5690 = FACE_BOUND('',#5691,.F.);
#5691 = EDGE_LOOP('',(#5692,#5693,#5699,#5700));
#5692 = ORIENTED_EDGE('',*,*,#5120,.F.);
#5693 = ORIENTED_EDGE('',*,*,#5694,.T.);
#5694 = EDGE_CURVE('',#4623,#4678,#5695,.T.);
#5695 = LINE('',#5696,#5697);
#5696 = CARTESIAN_POINT('',(-0.7,-1.15,0.725));
#5697 = VECTOR('',#5698,1.);
#5698 = DIRECTION('',(1.144237745222E-17,1.,0.));
#5699 = ORIENTED_EDGE('',*,*,#5328,.T.);
#5700 = ORIENTED_EDGE('',*,*,#4940,.F.);
#5701 = PLANE('',#5702);
#5702 = AXIS2_PLACEMENT_3D('',#5703,#5704,#5705);
#5703 = CARTESIAN_POINT('',(-0.7,-1.15,0.725));
#5704 = DIRECTION('',(0.,0.,-1.));
#5705 = DIRECTION('',(1.,-1.144237745222E-17,0.));
#5706 = ADVANCED_FACE('',(#5707,#5736),#5747,.T.);
#5707 = FACE_BOUND('',#5708,.T.);
#5708 = EDGE_LOOP('',(#5709,#5710,#5711,#5712,#5720,#5728,#5734,#5735));
#5709 = ORIENTED_EDGE('',*,*,#5015,.F.);
#5710 = ORIENTED_EDGE('',*,*,#4992,.F.);
#5711 = ORIENTED_EDGE('',*,*,#4963,.F.);
#5712 = ORIENTED_EDGE('',*,*,#5713,.F.);
#5713 = EDGE_CURVE('',#5714,#4964,#5716,.T.);
#5714 = VERTEX_POINT('',#5715);
#5715 = CARTESIAN_POINT('',(-0.559121551758,-1.408243103516,1.2));
#5716 = LINE('',#5717,#5718);
#5717 = CARTESIAN_POINT('',(-0.559121551758,-1.408243103516,1.2));
#5718 = VECTOR('',#5719,1.);
#5719 = DIRECTION('',(-0.707106781187,0.707106781187,0.));
#5720 = ORIENTED_EDGE('',*,*,#5721,.F.);
#5721 = EDGE_CURVE('',#5722,#5714,#5724,.T.);
#5722 = VERTEX_POINT('',#5723);
#5723 = CARTESIAN_POINT('',(0.559121551758,-1.408243103516,1.2));
#5724 = LINE('',#5725,#5726);
#5725 = CARTESIAN_POINT('',(0.559121551758,-1.408243103516,1.2));
#5726 = VECTOR('',#5727,1.);
#5727 = DIRECTION('',(-1.,-1.110223024625E-16,0.));
#5728 = ORIENTED_EDGE('',*,*,#5729,.F.);
#5729 = EDGE_CURVE('',#5071,#5722,#5730,.T.);
#5730 = LINE('',#5731,#5732);
#5731 = CARTESIAN_POINT('',(0.608243103516,-1.359121551758,1.2));
#5732 = VECTOR('',#5733,1.);
#5733 = DIRECTION('',(-0.707106781187,-0.707106781187,0.));
#5734 = ORIENTED_EDGE('',*,*,#5077,.F.);
#5735 = ORIENTED_EDGE('',*,*,#5038,.F.);
#5736 = FACE_BOUND('',#5737,.T.);
#5737 = EDGE_LOOP('',(#5738));
#5738 = ORIENTED_EDGE('',*,*,#5739,.T.);
#5739 = EDGE_CURVE('',#5740,#5740,#5742,.T.);
#5740 = VERTEX_POINT('',#5741);
#5741 = CARTESIAN_POINT('',(-0.428243103516,1.178243103516,1.2));
#5742 = CIRCLE('',#5743,5.E-02);
#5743 = AXIS2_PLACEMENT_3D('',#5744,#5745,#5746);
#5744 = CARTESIAN_POINT('',(-0.428243103516,1.228243103516,1.2));
#5745 = DIRECTION('',(0.,-0.,-1.));
#5746 = DIRECTION('',(1.110223024625E-16,-1.,0.));
#5747 = PLANE('',#5748);
#5748 = AXIS2_PLACEMENT_3D('',#5749,#5750,#5751);
#5749 = CARTESIAN_POINT('',(-0.559121551758,1.408243103516,1.2));
#5750 = DIRECTION('',(0.,0.,1.));
#5751 = DIRECTION('',(0.369013679242,-0.929423963825,0.));
#5752 = ADVANCED_FACE('',(#5753),#5763,.F.);
#5753 = FACE_BOUND('',#5754,.F.);
#5754 = EDGE_LOOP('',(#5755,#5756,#5757,#5758));
#5755 = ORIENTED_EDGE('',*,*,#5127,.T.);
#5756 = ORIENTED_EDGE('',*,*,#4971,.T.);
#5757 = ORIENTED_EDGE('',*,*,#5713,.F.);
#5758 = ORIENTED_EDGE('',*,*,#5759,.F.);
#5759 = EDGE_CURVE('',#5128,#5714,#5760,.T.);
#5760 = B_SPLINE_CURVE_WITH_KNOTS('',1,(#5761,#5762),.UNSPECIFIED.,.F.,
  .F.,(2,2),(0.,1.),.PIECEWISE_BEZIER_KNOTS.);
#5761 = CARTESIAN_POINT('',(-0.5925,-1.475,0.725));
#5762 = CARTESIAN_POINT('',(-0.559121551758,-1.408243103516,1.2));
#5763 = B_SPLINE_SURFACE_WITH_KNOTS('',1,1,(
    (#5764,#5765)
    ,(#5766,#5767
    )),.UNSPECIFIED.,.F.,.F.,.F.,(2,2),(2,2),(0.,0.116672618896),(0.,1.)
  ,.PIECEWISE_BEZIER_KNOTS.);
#5764 = CARTESIAN_POINT('',(-0.5925,-1.475,0.725));
#5765 = CARTESIAN_POINT('',(-0.559121551758,-1.408243103516,1.2));
#5766 = CARTESIAN_POINT('',(-0.675,-1.3925,0.725));
#5767 = CARTESIAN_POINT('',(-0.608243103516,-1.359121551758,1.2));
#5768 = ADVANCED_FACE('',(#5769),#5779,.F.);
#5769 = FACE_BOUND('',#5770,.F.);
#5770 = EDGE_LOOP('',(#5771,#5772,#5777,#5778));
#5771 = ORIENTED_EDGE('',*,*,#5143,.T.);
#5772 = ORIENTED_EDGE('',*,*,#5773,.T.);
#5773 = EDGE_CURVE('',#5136,#5722,#5774,.T.);
#5774 = B_SPLINE_CURVE_WITH_KNOTS('',1,(#5775,#5776),.UNSPECIFIED.,.F.,
  .F.,(2,2),(0.,1.),.PIECEWISE_BEZIER_KNOTS.);
#5775 = CARTESIAN_POINT('',(0.5925,-1.475,0.725));
#5776 = CARTESIAN_POINT('',(0.559121551758,-1.408243103516,1.2));
#5777 = ORIENTED_EDGE('',*,*,#5729,.F.);
#5778 = ORIENTED_EDGE('',*,*,#5070,.F.);
#5779 = B_SPLINE_SURFACE_WITH_KNOTS('',1,1,(
    (#5780,#5781)
    ,(#5782,#5783
    )),.UNSPECIFIED.,.F.,.F.,.F.,(2,2),(2,2),(0.,0.116672618896),(0.,1.)
  ,.PIECEWISE_BEZIER_KNOTS.);
#5780 = CARTESIAN_POINT('',(0.675,-1.3925,0.725));
#5781 = CARTESIAN_POINT('',(0.608243103516,-1.359121551758,1.2));
#5782 = CARTESIAN_POINT('',(0.5925,-1.475,0.725));
#5783 = CARTESIAN_POINT('',(0.559121551758,-1.408243103516,1.2));
#5784 = ADVANCED_FACE('',(#5785),#5796,.T.);
#5785 = FACE_BOUND('',#5786,.T.);
#5786 = EDGE_LOOP('',(#5787,#5788,#5789,#5790));
#5787 = ORIENTED_EDGE('',*,*,#5569,.T.);
#5788 = ORIENTED_EDGE('',*,*,#5093,.T.);
#5789 = ORIENTED_EDGE('',*,*,#5661,.F.);
#5790 = ORIENTED_EDGE('',*,*,#5791,.F.);
#5791 = EDGE_CURVE('',#5562,#5654,#5792,.T.);
#5792 = LINE('',#5793,#5794);
#5793 = CARTESIAN_POINT('',(0.946201938253,0.2,0.518412044417));
#5794 = VECTOR('',#5795,1.);
#5795 = DIRECTION('',(1.110223024625E-16,-1.,0.));
#5796 = CYLINDRICAL_SURFACE('',#5797,0.25);
#5797 = AXIS2_PLACEMENT_3D('',#5798,#5799,#5800);
#5798 = CARTESIAN_POINT('',(0.7,0.2,0.475));
#5799 = DIRECTION('',(-1.110223024625E-16,1.,0.));
#5800 = DIRECTION('',(0.984807753012,1.093356242223E-16,0.173648177667)
  );
#5801 = ADVANCED_FACE('',(#5802),#5808,.F.);
#5802 = FACE_BOUND('',#5803,.F.);
#5803 = EDGE_LOOP('',(#5804,#5805,#5806,#5807));
#5804 = ORIENTED_EDGE('',*,*,#5135,.T.);
#5805 = ORIENTED_EDGE('',*,*,#5759,.T.);
#5806 = ORIENTED_EDGE('',*,*,#5721,.F.);
#5807 = ORIENTED_EDGE('',*,*,#5773,.F.);
#5808 = B_SPLINE_SURFACE_WITH_KNOTS('',1,1,(
    (#5809,#5810)
    ,(#5811,#5812
    )),.UNSPECIFIED.,.F.,.F.,.F.,(2,2),(2,2),(0.,1.185),(0.,1.),
  .PIECEWISE_BEZIER_KNOTS.);
#5809 = CARTESIAN_POINT('',(0.5925,-1.475,0.725));
#5810 = CARTESIAN_POINT('',(0.559121551758,-1.408243103516,1.2));
#5811 = CARTESIAN_POINT('',(-0.5925,-1.475,0.725));
#5812 = CARTESIAN_POINT('',(-0.559121551758,-1.408243103516,1.2));
#5813 = ADVANCED_FACE('',(#5814),#5825,.T.);
#5814 = FACE_BOUND('',#5815,.T.);
#5815 = EDGE_LOOP('',(#5816,#5817,#5818,#5819));
#5816 = ORIENTED_EDGE('',*,*,#5218,.T.);
#5817 = ORIENTED_EDGE('',*,*,#5694,.T.);
#5818 = ORIENTED_EDGE('',*,*,#5310,.F.);
#5819 = ORIENTED_EDGE('',*,*,#5820,.F.);
#5820 = EDGE_CURVE('',#5211,#5303,#5821,.T.);
#5821 = LINE('',#5822,#5823);
#5822 = CARTESIAN_POINT('',(-0.946201938253,-1.15,0.518412044417));
#5823 = VECTOR('',#5824,1.);
#5824 = DIRECTION('',(1.144237745222E-17,1.,0.));
#5825 = CYLINDRICAL_SURFACE('',#5826,0.25);
#5826 = AXIS2_PLACEMENT_3D('',#5827,#5828,#5829);
#5827 = CARTESIAN_POINT('',(-0.7,-1.15,0.475));
#5828 = DIRECTION('',(-1.144237745222E-17,-1.,0.));
#5829 = DIRECTION('',(-0.984807753012,1.126854202784E-17,0.173648177667)
  );
#5830 = ADVANCED_FACE('',(#5831),#5842,.F.);
#5831 = FACE_BOUND('',#5832,.F.);
#5832 = EDGE_LOOP('',(#5833,#5839,#5840,#5841));
#5833 = ORIENTED_EDGE('',*,*,#5834,.T.);
#5834 = EDGE_CURVE('',#5202,#5294,#5835,.T.);
#5835 = LINE('',#5836,#5837);
#5836 = CARTESIAN_POINT('',(-0.991192795358,-1.15,0.232635182233));
#5837 = VECTOR('',#5838,1.);
#5838 = DIRECTION('',(1.144237745222E-17,1.,0.));
#5839 = ORIENTED_EDGE('',*,*,#5302,.T.);
#5840 = ORIENTED_EDGE('',*,*,#5820,.F.);
#5841 = ORIENTED_EDGE('',*,*,#5210,.F.);
#5842 = PLANE('',#5843);
#5843 = AXIS2_PLACEMENT_3D('',#5844,#5845,#5846);
#5844 = CARTESIAN_POINT('',(-0.991192795358,-1.15,0.232635182233));
#5845 = DIRECTION('',(0.987833053268,-1.130315865527E-17,-0.155518033909
    ));
#5846 = DIRECTION('',(0.155518033909,-1.779496044609E-18,0.987833053268)
  );
#5847 = ADVANCED_FACE('',(#5848),#5859,.F.);
#5848 = FACE_BOUND('',#5849,.F.);
#5849 = EDGE_LOOP('',(#5850,#5856,#5857,#5858));
#5850 = ORIENTED_EDGE('',*,*,#5851,.T.);
#5851 = EDGE_CURVE('',#5194,#5286,#5852,.T.);
#5852 = LINE('',#5853,#5854);
#5853 = CARTESIAN_POINT('',(-1.089673570659,-1.15,0.15));
#5854 = VECTOR('',#5855,1.);
#5855 = DIRECTION('',(1.144237745222E-17,1.,0.));
#5856 = ORIENTED_EDGE('',*,*,#5293,.T.);
#5857 = ORIENTED_EDGE('',*,*,#5834,.F.);
#5858 = ORIENTED_EDGE('',*,*,#5201,.F.);
#5859 = CYLINDRICAL_SURFACE('',#5860,0.1);
#5860 = AXIS2_PLACEMENT_3D('',#5861,#5862,#5863);
#5861 = CARTESIAN_POINT('',(-1.089673570659,-1.15,0.25));
#5862 = DIRECTION('',(-1.144237745222E-17,-1.,0.));
#5863 = DIRECTION('',(-2.22044604925E-15,2.540718180781E-32,-1.));
#5864 = ADVANCED_FACE('',(#5865),#5876,.F.);
#5865 = FACE_BOUND('',#5866,.F.);
#5866 = EDGE_LOOP('',(#5867,#5873,#5874,#5875));
#5867 = ORIENTED_EDGE('',*,*,#5868,.T.);
#5868 = EDGE_CURVE('',#5186,#5278,#5869,.T.);
#5869 = LINE('',#5870,#5871);
#5870 = CARTESIAN_POINT('',(-1.25,-1.15,0.15));
#5871 = VECTOR('',#5872,1.);
#5872 = DIRECTION('',(1.144237745222E-17,1.,0.));
#5873 = ORIENTED_EDGE('',*,*,#5285,.T.);
#5874 = ORIENTED_EDGE('',*,*,#5851,.F.);
#5875 = ORIENTED_EDGE('',*,*,#5193,.F.);
#5876 = PLANE('',#5877);
#5877 = AXIS2_PLACEMENT_3D('',#5878,#5879,#5880);
#5878 = CARTESIAN_POINT('',(-1.25,-1.15,0.15));
#5879 = DIRECTION('',(0.,0.,-1.));
#5880 = DIRECTION('',(1.,-1.144237745222E-17,0.));
#5881 = ADVANCED_FACE('',(#5882),#5893,.F.);
#5882 = FACE_BOUND('',#5883,.F.);
#5883 = EDGE_LOOP('',(#5884,#5890,#5891,#5892));
#5884 = ORIENTED_EDGE('',*,*,#5885,.T.);
#5885 = EDGE_CURVE('',#5178,#5270,#5886,.T.);
#5886 = LINE('',#5887,#5888);
#5887 = CARTESIAN_POINT('',(-1.25,-1.15,5.551115123126E-17));
#5888 = VECTOR('',#5889,1.);
#5889 = DIRECTION('',(1.144237745222E-17,1.,0.));
#5890 = ORIENTED_EDGE('',*,*,#5277,.T.);
#5891 = ORIENTED_EDGE('',*,*,#5868,.F.);
#5892 = ORIENTED_EDGE('',*,*,#5185,.F.);
#5893 = PLANE('',#5894);
#5894 = AXIS2_PLACEMENT_3D('',#5895,#5896,#5897);
#5895 = CARTESIAN_POINT('',(-1.25,-1.15,5.551115123126E-17));
#5896 = DIRECTION('',(1.,-1.144237745222E-17,0.));
#5897 = DIRECTION('',(0.,0.,1.));
#5898 = ADVANCED_FACE('',(#5899),#5910,.F.);
#5899 = FACE_BOUND('',#5900,.F.);
#5900 = EDGE_LOOP('',(#5901,#5907,#5908,#5909));
#5901 = ORIENTED_EDGE('',*,*,#5902,.T.);
#5902 = EDGE_CURVE('',#5169,#5261,#5903,.T.);
#5903 = LINE('',#5904,#5905);
#5904 = CARTESIAN_POINT('',(-1.089673570659,-1.15,5.551115123126E-17));
#5905 = VECTOR('',#5906,1.);
#5906 = DIRECTION('',(1.144237745222E-17,1.,0.));
#5907 = ORIENTED_EDGE('',*,*,#5269,.T.);
#5908 = ORIENTED_EDGE('',*,*,#5885,.F.);
#5909 = ORIENTED_EDGE('',*,*,#5177,.F.);
#5910 = PLANE('',#5911);
#5911 = AXIS2_PLACEMENT_3D('',#5912,#5913,#5914);
#5912 = CARTESIAN_POINT('',(-1.089673570659,-1.15,5.551115123126E-17));
#5913 = DIRECTION('',(0.,0.,1.));
#5914 = DIRECTION('',(-1.,1.144237745222E-17,0.));
#5915 = ADVANCED_FACE('',(#5916),#5922,.T.);
#5916 = FACE_BOUND('',#5917,.T.);
#5917 = EDGE_LOOP('',(#5918,#5919,#5920,#5921));
#5918 = ORIENTED_EDGE('',*,*,#5168,.T.);
#5919 = ORIENTED_EDGE('',*,*,#5902,.T.);
#5920 = ORIENTED_EDGE('',*,*,#5260,.F.);
#5921 = ORIENTED_EDGE('',*,*,#5242,.F.);
#5922 = CYLINDRICAL_SURFACE('',#5923,0.25);
#5923 = AXIS2_PLACEMENT_3D('',#5924,#5925,#5926);
#5924 = CARTESIAN_POINT('',(-1.089673570659,-1.15,0.25));
#5925 = DIRECTION('',(-1.144237745222E-17,-1.,0.));
#5926 = DIRECTION('',(0.984807753012,-1.126854202784E-17,-0.173648177667
    ));
#5927 = ADVANCED_FACE('',(#5928),#5939,.F.);
#5928 = FACE_BOUND('',#5929,.F.);
#5929 = EDGE_LOOP('',(#5930,#5936,#5937,#5938));
#5930 = ORIENTED_EDGE('',*,*,#5931,.T.);
#5931 = EDGE_CURVE('',#5386,#5478,#5932,.T.);
#5932 = LINE('',#5933,#5934);
#5933 = CARTESIAN_POINT('',(-0.991192795358,0.75,0.232635182233));
#5934 = VECTOR('',#5935,1.);
#5935 = DIRECTION('',(1.144237745222E-17,1.,0.));
#5936 = ORIENTED_EDGE('',*,*,#5486,.T.);
#5937 = ORIENTED_EDGE('',*,*,#5679,.F.);
#5938 = ORIENTED_EDGE('',*,*,#5394,.F.);
#5939 = PLANE('',#5940);
#5940 = AXIS2_PLACEMENT_3D('',#5941,#5942,#5943);
#5941 = CARTESIAN_POINT('',(-0.991192795358,0.75,0.232635182233));
#5942 = DIRECTION('',(0.987833053268,-1.130315865527E-17,-0.155518033909
    ));
#5943 = DIRECTION('',(0.155518033909,-1.779496044609E-18,0.987833053268)
  );
#5944 = ADVANCED_FACE('',(#5945),#5956,.F.);
#5945 = FACE_BOUND('',#5946,.F.);
#5946 = EDGE_LOOP('',(#5947,#5953,#5954,#5955));
#5947 = ORIENTED_EDGE('',*,*,#5948,.T.);
#5948 = EDGE_CURVE('',#5378,#5470,#5949,.T.);
#5949 = LINE('',#5950,#5951);
#5950 = CARTESIAN_POINT('',(-1.089673570659,0.75,0.15));
#5951 = VECTOR('',#5952,1.);
#5952 = DIRECTION('',(1.144237745222E-17,1.,0.));
#5953 = ORIENTED_EDGE('',*,*,#5477,.T.);
#5954 = ORIENTED_EDGE('',*,*,#5931,.F.);
#5955 = ORIENTED_EDGE('',*,*,#5385,.F.);
#5956 = CYLINDRICAL_SURFACE('',#5957,0.1);
#5957 = AXIS2_PLACEMENT_3D('',#5958,#5959,#5960);
#5958 = CARTESIAN_POINT('',(-1.089673570659,0.75,0.25));
#5959 = DIRECTION('',(-1.144237745222E-17,-1.,0.));
#5960 = DIRECTION('',(-2.22044604925E-15,2.540718180781E-32,-1.));
#5961 = ADVANCED_FACE('',(#5962),#5973,.F.);
#5962 = FACE_BOUND('',#5963,.F.);
#5963 = EDGE_LOOP('',(#5964,#5970,#5971,#5972));
#5964 = ORIENTED_EDGE('',*,*,#5965,.T.);
#5965 = EDGE_CURVE('',#5370,#5462,#5966,.T.);
#5966 = LINE('',#5967,#5968);
#5967 = CARTESIAN_POINT('',(-1.25,0.75,0.15));
#5968 = VECTOR('',#5969,1.);
#5969 = DIRECTION('',(1.144237745222E-17,1.,0.));
#5970 = ORIENTED_EDGE('',*,*,#5469,.T.);
#5971 = ORIENTED_EDGE('',*,*,#5948,.F.);
#5972 = ORIENTED_EDGE('',*,*,#5377,.F.);
#5973 = PLANE('',#5974);
#5974 = AXIS2_PLACEMENT_3D('',#5975,#5976,#5977);
#5975 = CARTESIAN_POINT('',(-1.25,0.75,0.15));
#5976 = DIRECTION('',(0.,0.,-1.));
#5977 = DIRECTION('',(1.,-1.144237745222E-17,0.));
#5978 = ADVANCED_FACE('',(#5979),#5990,.F.);
#5979 = FACE_BOUND('',#5980,.F.);
#5980 = EDGE_LOOP('',(#5981,#5987,#5988,#5989));
#5981 = ORIENTED_EDGE('',*,*,#5982,.T.);
#5982 = EDGE_CURVE('',#5362,#5454,#5983,.T.);
#5983 = LINE('',#5984,#5985);
#5984 = CARTESIAN_POINT('',(-1.25,0.75,5.551115123126E-17));
#5985 = VECTOR('',#5986,1.);
#5986 = DIRECTION('',(1.144237745222E-17,1.,0.));
#5987 = ORIENTED_EDGE('',*,*,#5461,.T.);
#5988 = ORIENTED_EDGE('',*,*,#5965,.F.);
#5989 = ORIENTED_EDGE('',*,*,#5369,.F.);
#5990 = PLANE('',#5991);
#5991 = AXIS2_PLACEMENT_3D('',#5992,#5993,#5994);
#5992 = CARTESIAN_POINT('',(-1.25,0.75,5.551115123126E-17));
#5993 = DIRECTION('',(1.,-1.144237745222E-17,0.));
#5994 = DIRECTION('',(0.,0.,1.));
#5995 = ADVANCED_FACE('',(#5996),#6007,.F.);
#5996 = FACE_BOUND('',#5997,.F.);
#5997 = EDGE_LOOP('',(#5998,#6004,#6005,#6006));
#5998 = ORIENTED_EDGE('',*,*,#5999,.T.);
#5999 = EDGE_CURVE('',#5353,#5445,#6000,.T.);
#6000 = LINE('',#6001,#6002);
#6001 = CARTESIAN_POINT('',(-1.089673570659,0.75,5.551115123126E-17));
#6002 = VECTOR('',#6003,1.);
#6003 = DIRECTION('',(1.144237745222E-17,1.,0.));
#6004 = ORIENTED_EDGE('',*,*,#5453,.T.);
#6005 = ORIENTED_EDGE('',*,*,#5982,.F.);
#6006 = ORIENTED_EDGE('',*,*,#5361,.F.);
#6007 = PLANE('',#6008);
#6008 = AXIS2_PLACEMENT_3D('',#6009,#6010,#6011);
#6009 = CARTESIAN_POINT('',(-1.089673570659,0.75,5.551115123126E-17));
#6010 = DIRECTION('',(0.,0.,1.));
#6011 = DIRECTION('',(-1.,1.144237745222E-17,0.));
#6012 = ADVANCED_FACE('',(#6013),#6019,.T.);
#6013 = FACE_BOUND('',#6014,.T.);
#6014 = EDGE_LOOP('',(#6015,#6016,#6017,#6018));
#6015 = ORIENTED_EDGE('',*,*,#5352,.T.);
#6016 = ORIENTED_EDGE('',*,*,#5999,.T.);
#6017 = ORIENTED_EDGE('',*,*,#5444,.F.);
#6018 = ORIENTED_EDGE('',*,*,#5426,.F.);
#6019 = CYLINDRICAL_SURFACE('',#6020,0.25);
#6020 = AXIS2_PLACEMENT_3D('',#6021,#6022,#6023);
#6021 = CARTESIAN_POINT('',(-1.089673570659,0.75,0.25));
#6022 = DIRECTION('',(-1.144237745222E-17,-1.,0.));
#6023 = DIRECTION('',(0.984807753012,-1.126854202784E-17,-0.173648177667
    ));
#6024 = ADVANCED_FACE('',(#6025),#6036,.F.);
#6025 = FACE_BOUND('',#6026,.F.);
#6026 = EDGE_LOOP('',(#6027,#6033,#6034,#6035));
#6027 = ORIENTED_EDGE('',*,*,#6028,.T.);
#6028 = EDGE_CURVE('',#5553,#5645,#6029,.T.);
#6029 = LINE('',#6030,#6031);
#6030 = CARTESIAN_POINT('',(0.991192795358,0.2,0.232635182233));
#6031 = VECTOR('',#6032,1.);
#6032 = DIRECTION('',(1.110223024625E-16,-1.,0.));
#6033 = ORIENTED_EDGE('',*,*,#5653,.T.);
#6034 = ORIENTED_EDGE('',*,*,#5791,.F.);
#6035 = ORIENTED_EDGE('',*,*,#5561,.F.);
#6036 = PLANE('',#6037);
#6037 = AXIS2_PLACEMENT_3D('',#6038,#6039,#6040);
#6038 = CARTESIAN_POINT('',(0.991192795358,0.2,0.232635182233));
#6039 = DIRECTION('',(-0.987833053268,-1.096715000224E-16,
    -0.155518033909));
#6040 = DIRECTION('',(-0.155518033909,-1.726597019897E-17,0.987833053268
    ));
#6041 = ADVANCED_FACE('',(#6042),#6053,.F.);
#6042 = FACE_BOUND('',#6043,.F.);
#6043 = EDGE_LOOP('',(#6044,#6050,#6051,#6052));
#6044 = ORIENTED_EDGE('',*,*,#6045,.T.);
#6045 = EDGE_CURVE('',#5545,#5637,#6046,.T.);
#6046 = LINE('',#6047,#6048);
#6047 = CARTESIAN_POINT('',(1.089673570659,0.2,0.15));
#6048 = VECTOR('',#6049,1.);
#6049 = DIRECTION('',(1.110223024625E-16,-1.,0.));
#6050 = ORIENTED_EDGE('',*,*,#5644,.T.);
#6051 = ORIENTED_EDGE('',*,*,#6028,.F.);
#6052 = ORIENTED_EDGE('',*,*,#5552,.F.);
#6053 = CYLINDRICAL_SURFACE('',#6054,0.1);
#6054 = AXIS2_PLACEMENT_3D('',#6055,#6056,#6057);
#6055 = CARTESIAN_POINT('',(1.089673570659,0.2,0.25));
#6056 = DIRECTION('',(-1.110223024625E-16,1.,0.));
#6057 = DIRECTION('',(2.22044604925E-15,2.465190328815E-31,-1.));
#6058 = ADVANCED_FACE('',(#6059),#6070,.F.);
#6059 = FACE_BOUND('',#6060,.F.);
#6060 = EDGE_LOOP('',(#6061,#6067,#6068,#6069));
#6061 = ORIENTED_EDGE('',*,*,#6062,.T.);
#6062 = EDGE_CURVE('',#5537,#5629,#6063,.T.);
#6063 = LINE('',#6064,#6065);
#6064 = CARTESIAN_POINT('',(1.25,0.2,0.15));
#6065 = VECTOR('',#6066,1.);
#6066 = DIRECTION('',(1.110223024625E-16,-1.,0.));
#6067 = ORIENTED_EDGE('',*,*,#5636,.T.);
#6068 = ORIENTED_EDGE('',*,*,#6045,.F.);
#6069 = ORIENTED_EDGE('',*,*,#5544,.F.);
#6070 = PLANE('',#6071);
#6071 = AXIS2_PLACEMENT_3D('',#6072,#6073,#6074);
#6072 = CARTESIAN_POINT('',(1.25,0.2,0.15));
#6073 = DIRECTION('',(0.,0.,-1.));
#6074 = DIRECTION('',(-1.,-1.110223024625E-16,-0.));
#6075 = ADVANCED_FACE('',(#6076),#6087,.F.);
#6076 = FACE_BOUND('',#6077,.F.);
#6077 = EDGE_LOOP('',(#6078,#6084,#6085,#6086));
#6078 = ORIENTED_EDGE('',*,*,#6079,.T.);
#6079 = EDGE_CURVE('',#5529,#5621,#6080,.T.);
#6080 = LINE('',#6081,#6082);
#6081 = CARTESIAN_POINT('',(1.25,0.2,5.551115123126E-17));
#6082 = VECTOR('',#6083,1.);
#6083 = DIRECTION('',(1.110223024625E-16,-1.,0.));
#6084 = ORIENTED_EDGE('',*,*,#5628,.T.);
#6085 = ORIENTED_EDGE('',*,*,#6062,.F.);
#6086 = ORIENTED_EDGE('',*,*,#5536,.F.);
#6087 = PLANE('',#6088);
#6088 = AXIS2_PLACEMENT_3D('',#6089,#6090,#6091);
#6089 = CARTESIAN_POINT('',(1.25,0.2,5.551115123126E-17));
#6090 = DIRECTION('',(-1.,-1.110223024625E-16,0.));
#6091 = DIRECTION('',(0.,0.,1.));
#6092 = ADVANCED_FACE('',(#6093),#6104,.F.);
#6093 = FACE_BOUND('',#6094,.F.);
#6094 = EDGE_LOOP('',(#6095,#6101,#6102,#6103));
#6095 = ORIENTED_EDGE('',*,*,#6096,.T.);
#6096 = EDGE_CURVE('',#5520,#5612,#6097,.T.);
#6097 = LINE('',#6098,#6099);
#6098 = CARTESIAN_POINT('',(1.089673570659,0.2,5.551115123126E-17));
#6099 = VECTOR('',#6100,1.);
#6100 = DIRECTION('',(1.110223024625E-16,-1.,0.));
#6101 = ORIENTED_EDGE('',*,*,#5620,.T.);
#6102 = ORIENTED_EDGE('',*,*,#6079,.F.);
#6103 = ORIENTED_EDGE('',*,*,#5528,.F.);
#6104 = PLANE('',#6105);
#6105 = AXIS2_PLACEMENT_3D('',#6106,#6107,#6108);
#6106 = CARTESIAN_POINT('',(1.089673570659,0.2,5.551115123126E-17));
#6107 = DIRECTION('',(0.,0.,1.));
#6108 = DIRECTION('',(1.,1.110223024625E-16,-0.));
#6109 = ADVANCED_FACE('',(#6110),#6116,.T.);
#6110 = FACE_BOUND('',#6111,.T.);
#6111 = EDGE_LOOP('',(#6112,#6113,#6114,#6115));
#6112 = ORIENTED_EDGE('',*,*,#5519,.T.);
#6113 = ORIENTED_EDGE('',*,*,#6096,.T.);
#6114 = ORIENTED_EDGE('',*,*,#5611,.F.);
#6115 = ORIENTED_EDGE('',*,*,#5593,.F.);
#6116 = CYLINDRICAL_SURFACE('',#6117,0.25);
#6117 = AXIS2_PLACEMENT_3D('',#6118,#6119,#6120);
#6118 = CARTESIAN_POINT('',(1.089673570659,0.2,0.25));
#6119 = DIRECTION('',(-1.110223024625E-16,1.,0.));
#6120 = DIRECTION('',(-0.984807753012,-1.093356242223E-16,
    -0.173648177667));
#6121 = ADVANCED_FACE('',(#6122),#6125,.F.);
#6122 = FACE_BOUND('',#6123,.T.);
#6123 = EDGE_LOOP('',(#6124));
#6124 = ORIENTED_EDGE('',*,*,#5739,.F.);
#6125 = PLANE('',#6126);
#6126 = AXIS2_PLACEMENT_3D('',#6127,#6128,#6129);
#6127 = CARTESIAN_POINT('',(-0.428243103516,1.228243103516,1.2));
#6128 = DIRECTION('',(0.,0.,-1.));
#6129 = DIRECTION('',(1.110223024625E-16,-1.,0.));
#6130 = ( GEOMETRIC_REPRESENTATION_CONTEXT(3) 
GLOBAL_UNCERTAINTY_ASSIGNED_CONTEXT((#6134)) 
GLOBAL_UNIT_ASSIGNED_CONTEXT((#6131,#6132,#6133)) REPRESENTATION_CONTEXT
('Context #1','3D Context with UNIT and UNCERTAINTY') );
#6131 = ( LENGTH_UNIT() NAMED_UNIT(*) SI_UNIT(.MILLI.,.METRE.) );
#6132 = ( NAMED_UNIT(*) PLANE_ANGLE_UNIT() SI_UNIT($,.RADIAN.) );
#6133 = ( NAMED_UNIT(*) SI_UNIT($,.STERADIAN.) SOLID_ANGLE_UNIT() );
#6134 = UNCERTAINTY_MEASURE_WITH_UNIT(LENGTH_MEASURE(1.E-07),#6131,
  'distance_accuracy_value','confusion accuracy');
#6135 = CONTEXT_DEPENDENT_SHAPE_REPRESENTATION(#6136,#6138);
#6136 = ( REPRESENTATION_RELATIONSHIP('','',#4147,#4124) 
REPRESENTATION_RELATIONSHIP_WITH_TRANSFORMATION(#6137) 
SHAPE_REPRESENTATION_RELATIONSHIP() );
#6137 = ITEM_DEFINED_TRANSFORMATION('','',#11,#4125);
#6138 = PRODUCT_DEFINITION_SHAPE('Placement','Placement of an item',
  #6139);
#6139 = NEXT_ASSEMBLY_USAGE_OCCURRENCE('10','=>[0:1:1:9]','',#4119,#4142
  ,$);
#6140 = PRODUCT_RELATED_PRODUCT_CATEGORY('part',$,(#4144));
#6141 = CONTEXT_DEPENDENT_SHAPE_REPRESENTATION(#6142,#6144);
#6142 = ( REPRESENTATION_RELATIONSHIP('','',#968,#10) 
REPRESENTATION_RELATIONSHIP_WITH_TRANSFORMATION(#6143) 
SHAPE_REPRESENTATION_RELATIONSHIP() );
#6143 = ITEM_DEFINED_TRANSFORMATION('','',#11,#43);
#6144 = PRODUCT_DEFINITION_SHAPE('Placement','Placement of an item',
  #6145);
#6145 = NEXT_ASSEMBLY_USAGE_OCCURRENCE('12','D2','',#5,#963,$);
#6146 = SHAPE_DEFINITION_REPRESENTATION(#6147,#6153);
#6147 = PRODUCT_DEFINITION_SHAPE('','',#6148);
#6148 = PRODUCT_DEFINITION('design','',#6149,#6152);
#6149 = PRODUCT_DEFINITION_FORMATION('','',#6150);
#6150 = PRODUCT('R_2512_6332Metric','R_2512_6332Metric','',(#6151));
#6151 = PRODUCT_CONTEXT('',#2,'mechanical');
#6152 = PRODUCT_DEFINITION_CONTEXT('part definition',#2,'design');
#6153 = SHAPE_REPRESENTATION('',(#11,#6154),#6158);
#6154 = AXIS2_PLACEMENT_3D('',#6155,#6156,#6157);
#6155 = CARTESIAN_POINT('',(0.,0.,0.));
#6156 = DIRECTION('',(0.,0.,1.));
#6157 = DIRECTION('',(1.,0.,-0.));
#6158 = ( GEOMETRIC_REPRESENTATION_CONTEXT(3) 
GLOBAL_UNCERTAINTY_ASSIGNED_CONTEXT((#6162)) 
GLOBAL_UNIT_ASSIGNED_CONTEXT((#6159,#6160,#6161)) REPRESENTATION_CONTEXT
('Context #1','3D Context with UNIT and UNCERTAINTY') );
#6159 = ( LENGTH_UNIT() NAMED_UNIT(*) SI_UNIT(.MILLI.,.METRE.) );
#6160 = ( NAMED_UNIT(*) PLANE_ANGLE_UNIT() SI_UNIT($,.RADIAN.) );
#6161 = ( NAMED_UNIT(*) SI_UNIT($,.STERADIAN.) SOLID_ANGLE_UNIT() );
#6162 = UNCERTAINTY_MEASURE_WITH_UNIT(LENGTH_MEASURE(1.E-07),#6159,
  'distance_accuracy_value','confusion accuracy');
#6163 = CONTEXT_DEPENDENT_SHAPE_REPRESENTATION(#6164,#6166);
#6164 = ( REPRESENTATION_RELATIONSHIP('','',#6153,#10) 
REPRESENTATION_RELATIONSHIP_WITH_TRANSFORMATION(#6165) 
SHAPE_REPRESENTATION_RELATIONSHIP() );
#6165 = ITEM_DEFINED_TRANSFORMATION('','',#11,#47);
#6166 = PRODUCT_DEFINITION_SHAPE('Placement','Placement of an item',
  #6167);
#6167 = NEXT_ASSEMBLY_USAGE_OCCURRENCE('14','J1','',#5,#6148,$);
#6168 = PRODUCT_RELATED_PRODUCT_CATEGORY('part',$,(#6150));
#6169 = SHAPE_DEFINITION_REPRESENTATION(#6170,#6176);
#6170 = PRODUCT_DEFINITION_SHAPE('','',#6171);
#6171 = PRODUCT_DEFINITION('design','',#6172,#6175);
#6172 = PRODUCT_DEFINITION_FORMATION('','',#6173);
#6173 = PRODUCT('R_2512_6332Metric','R_2512_6332Metric','',(#6174));
#6174 = PRODUCT_CONTEXT('',#2,'mechanical');
#6175 = PRODUCT_DEFINITION_CONTEXT('part definition',#2,'design');
#6176 = ADVANCED_BREP_SHAPE_REPRESENTATION('',(#11,#6177),#6967);
#6177 = MANIFOLD_SOLID_BREP('',#6178);
#6178 = CLOSED_SHELL('',(#6179,#6219,#6302,#6327,#6352,#6419,#6436,#6453
    ,#6502,#6519,#6536,#6585,#6602,#6671,#6702,#6726,#6795,#6819,#6836,
    #6853,#6870,#6887,#6904,#6921,#6938,#6955));
#6179 = ADVANCED_FACE('',(#6180),#6214,.F.);
#6180 = FACE_BOUND('',#6181,.F.);
#6181 = EDGE_LOOP('',(#6182,#6192,#6200,#6208));
#6182 = ORIENTED_EDGE('',*,*,#6183,.F.);
#6183 = EDGE_CURVE('',#6184,#6186,#6188,.T.);
#6184 = VERTEX_POINT('',#6185);
#6185 = CARTESIAN_POINT('',(-3.15,-1.6,6.E-02));
#6186 = VERTEX_POINT('',#6187);
#6187 = CARTESIAN_POINT('',(-3.15,-1.6,0.54));
#6188 = LINE('',#6189,#6190);
#6189 = CARTESIAN_POINT('',(-3.15,-1.6,0.));
#6190 = VECTOR('',#6191,1.);
#6191 = DIRECTION('',(0.,0.,1.));
#6192 = ORIENTED_EDGE('',*,*,#6193,.T.);
#6193 = EDGE_CURVE('',#6184,#6194,#6196,.T.);
#6194 = VERTEX_POINT('',#6195);
#6195 = CARTESIAN_POINT('',(-3.15,1.6,6.E-02));
#6196 = LINE('',#6197,#6198);
#6197 = CARTESIAN_POINT('',(-3.15,-1.6,6.E-02));
#6198 = VECTOR('',#6199,1.);
#6199 = DIRECTION('',(0.,1.,0.));
#6200 = ORIENTED_EDGE('',*,*,#6201,.T.);
#6201 = EDGE_CURVE('',#6194,#6202,#6204,.T.);
#6202 = VERTEX_POINT('',#6203);
#6203 = CARTESIAN_POINT('',(-3.15,1.6,0.54));
#6204 = LINE('',#6205,#6206);
#6205 = CARTESIAN_POINT('',(-3.15,1.6,0.));
#6206 = VECTOR('',#6207,1.);
#6207 = DIRECTION('',(0.,0.,1.));
#6208 = ORIENTED_EDGE('',*,*,#6209,.F.);
#6209 = EDGE_CURVE('',#6186,#6202,#6210,.T.);
#6210 = LINE('',#6211,#6212);
#6211 = CARTESIAN_POINT('',(-3.15,-1.6,0.54));
#6212 = VECTOR('',#6213,1.);
#6213 = DIRECTION('',(0.,1.,0.));
#6214 = PLANE('',#6215);
#6215 = AXIS2_PLACEMENT_3D('',#6216,#6217,#6218);
#6216 = CARTESIAN_POINT('',(-3.15,-1.6,0.));
#6217 = DIRECTION('',(1.,0.,0.));
#6218 = DIRECTION('',(0.,0.,1.));
#6219 = ADVANCED_FACE('',(#6220),#6297,.F.);
#6220 = FACE_BOUND('',#6221,.F.);
#6221 = EDGE_LOOP('',(#6222,#6232,#6239,#6240,#6249,#6257,#6266,#6274,
    #6282,#6290));
#6222 = ORIENTED_EDGE('',*,*,#6223,.F.);
#6223 = EDGE_CURVE('',#6224,#6226,#6228,.T.);
#6224 = VERTEX_POINT('',#6225);
#6225 = CARTESIAN_POINT('',(-3.09,-1.6,0.));
#6226 = VERTEX_POINT('',#6227);
#6227 = CARTESIAN_POINT('',(-2.61,-1.6,0.));
#6228 = LINE('',#6229,#6230);
#6229 = CARTESIAN_POINT('',(-3.15,-1.6,0.));
#6230 = VECTOR('',#6231,1.);
#6231 = DIRECTION('',(1.,0.,0.));
#6232 = ORIENTED_EDGE('',*,*,#6233,.F.);
#6233 = EDGE_CURVE('',#6184,#6224,#6234,.T.);
#6234 = CIRCLE('',#6235,6.E-02);
#6235 = AXIS2_PLACEMENT_3D('',#6236,#6237,#6238);
#6236 = CARTESIAN_POINT('',(-3.09,-1.6,6.E-02));
#6237 = DIRECTION('',(0.,-1.,0.));
#6238 = DIRECTION('',(0.,0.,1.));
#6239 = ORIENTED_EDGE('',*,*,#6183,.T.);
#6240 = ORIENTED_EDGE('',*,*,#6241,.T.);
#6241 = EDGE_CURVE('',#6186,#6242,#6244,.T.);
#6242 = VERTEX_POINT('',#6243);
#6243 = CARTESIAN_POINT('',(-3.09,-1.6,0.6));
#6244 = CIRCLE('',#6245,6.E-02);
#6245 = AXIS2_PLACEMENT_3D('',#6246,#6247,#6248);
#6246 = CARTESIAN_POINT('',(-3.09,-1.6,0.54));
#6247 = DIRECTION('',(0.,1.,0.));
#6248 = DIRECTION('',(0.,-0.,1.));
#6249 = ORIENTED_EDGE('',*,*,#6250,.T.);
#6250 = EDGE_CURVE('',#6242,#6251,#6253,.T.);
#6251 = VERTEX_POINT('',#6252);
#6252 = CARTESIAN_POINT('',(-2.61,-1.6,0.6));
#6253 = LINE('',#6254,#6255);
#6254 = CARTESIAN_POINT('',(-3.15,-1.6,0.6));
#6255 = VECTOR('',#6256,1.);
#6256 = DIRECTION('',(1.,0.,0.));
#6257 = ORIENTED_EDGE('',*,*,#6258,.F.);
#6258 = EDGE_CURVE('',#6259,#6251,#6261,.T.);
#6259 = VERTEX_POINT('',#6260);
#6260 = CARTESIAN_POINT('',(-2.55,-1.6,0.54));
#6261 = CIRCLE('',#6262,6.E-02);
#6262 = AXIS2_PLACEMENT_3D('',#6263,#6264,#6265);
#6263 = CARTESIAN_POINT('',(-2.61,-1.6,0.54));
#6264 = DIRECTION('',(0.,-1.,0.));
#6265 = DIRECTION('',(0.,0.,1.));
#6266 = ORIENTED_EDGE('',*,*,#6267,.F.);
#6267 = EDGE_CURVE('',#6268,#6259,#6270,.T.);
#6268 = VERTEX_POINT('',#6269);
#6269 = CARTESIAN_POINT('',(-3.09,-1.6,0.54));
#6270 = LINE('',#6271,#6272);
#6271 = CARTESIAN_POINT('',(-3.09,-1.6,0.54));
#6272 = VECTOR('',#6273,1.);
#6273 = DIRECTION('',(1.,0.,0.));
#6274 = ORIENTED_EDGE('',*,*,#6275,.F.);
#6275 = EDGE_CURVE('',#6276,#6268,#6278,.T.);
#6276 = VERTEX_POINT('',#6277);
#6277 = CARTESIAN_POINT('',(-3.09,-1.6,6.E-02));
#6278 = LINE('',#6279,#6280);
#6279 = CARTESIAN_POINT('',(-3.09,-1.6,6.E-02));
#6280 = VECTOR('',#6281,1.);
#6281 = DIRECTION('',(0.,0.,1.));
#6282 = ORIENTED_EDGE('',*,*,#6283,.T.);
#6283 = EDGE_CURVE('',#6276,#6284,#6286,.T.);
#6284 = VERTEX_POINT('',#6285);
#6285 = CARTESIAN_POINT('',(-2.55,-1.6,6.E-02));
#6286 = LINE('',#6287,#6288);
#6287 = CARTESIAN_POINT('',(-3.09,-1.6,6.E-02));
#6288 = VECTOR('',#6289,1.);
#6289 = DIRECTION('',(1.,0.,0.));
#6290 = ORIENTED_EDGE('',*,*,#6291,.T.);
#6291 = EDGE_CURVE('',#6284,#6226,#6292,.T.);
#6292 = CIRCLE('',#6293,6.E-02);
#6293 = AXIS2_PLACEMENT_3D('',#6294,#6295,#6296);
#6294 = CARTESIAN_POINT('',(-2.61,-1.6,6.E-02));
#6295 = DIRECTION('',(0.,1.,0.));
#6296 = DIRECTION('',(0.,-0.,1.));
#6297 = PLANE('',#6298);
#6298 = AXIS2_PLACEMENT_3D('',#6299,#6300,#6301);
#6299 = CARTESIAN_POINT('',(-3.15,-1.6,0.));
#6300 = DIRECTION('',(0.,1.,0.));
#6301 = DIRECTION('',(0.,-0.,1.));
#6302 = ADVANCED_FACE('',(#6303),#6322,.T.);
#6303 = FACE_BOUND('',#6304,.T.);
#6304 = EDGE_LOOP('',(#6305,#6306,#6315,#6321));
#6305 = ORIENTED_EDGE('',*,*,#6193,.T.);
#6306 = ORIENTED_EDGE('',*,*,#6307,.T.);
#6307 = EDGE_CURVE('',#6194,#6308,#6310,.T.);
#6308 = VERTEX_POINT('',#6309);
#6309 = CARTESIAN_POINT('',(-3.09,1.6,0.));
#6310 = CIRCLE('',#6311,6.E-02);
#6311 = AXIS2_PLACEMENT_3D('',#6312,#6313,#6314);
#6312 = CARTESIAN_POINT('',(-3.09,1.6,6.E-02));
#6313 = DIRECTION('',(0.,-1.,0.));
#6314 = DIRECTION('',(0.,0.,1.));
#6315 = ORIENTED_EDGE('',*,*,#6316,.F.);
#6316 = EDGE_CURVE('',#6224,#6308,#6317,.T.);
#6317 = LINE('',#6318,#6319);
#6318 = CARTESIAN_POINT('',(-3.09,-1.6,0.));
#6319 = VECTOR('',#6320,1.);
#6320 = DIRECTION('',(0.,1.,0.));
#6321 = ORIENTED_EDGE('',*,*,#6233,.F.);
#6322 = CYLINDRICAL_SURFACE('',#6323,6.E-02);
#6323 = AXIS2_PLACEMENT_3D('',#6324,#6325,#6326);
#6324 = CARTESIAN_POINT('',(-3.09,-1.6,6.E-02));
#6325 = DIRECTION('',(0.,1.,0.));
#6326 = DIRECTION('',(-1.,0.,0.));
#6327 = ADVANCED_FACE('',(#6328),#6347,.T.);
#6328 = FACE_BOUND('',#6329,.T.);
#6329 = EDGE_LOOP('',(#6330,#6331,#6339,#6346));
#6330 = ORIENTED_EDGE('',*,*,#6241,.T.);
#6331 = ORIENTED_EDGE('',*,*,#6332,.T.);
#6332 = EDGE_CURVE('',#6242,#6333,#6335,.T.);
#6333 = VERTEX_POINT('',#6334);
#6334 = CARTESIAN_POINT('',(-3.09,1.6,0.6));
#6335 = LINE('',#6336,#6337);
#6336 = CARTESIAN_POINT('',(-3.09,-1.6,0.6));
#6337 = VECTOR('',#6338,1.);
#6338 = DIRECTION('',(0.,1.,0.));
#6339 = ORIENTED_EDGE('',*,*,#6340,.F.);
#6340 = EDGE_CURVE('',#6202,#6333,#6341,.T.);
#6341 = CIRCLE('',#6342,6.E-02);
#6342 = AXIS2_PLACEMENT_3D('',#6343,#6344,#6345);
#6343 = CARTESIAN_POINT('',(-3.09,1.6,0.54));
#6344 = DIRECTION('',(0.,1.,0.));
#6345 = DIRECTION('',(0.,-0.,1.));
#6346 = ORIENTED_EDGE('',*,*,#6209,.F.);
#6347 = CYLINDRICAL_SURFACE('',#6348,6.E-02);
#6348 = AXIS2_PLACEMENT_3D('',#6349,#6350,#6351);
#6349 = CARTESIAN_POINT('',(-3.09,-1.6,0.54));
#6350 = DIRECTION('',(0.,1.,0.));
#6351 = DIRECTION('',(-1.,0.,0.));
#6352 = ADVANCED_FACE('',(#6353),#6414,.T.);
#6353 = FACE_BOUND('',#6354,.T.);
#6354 = EDGE_LOOP('',(#6355,#6363,#6364,#6365,#6366,#6374,#6383,#6391,
    #6399,#6407));
#6355 = ORIENTED_EDGE('',*,*,#6356,.F.);
#6356 = EDGE_CURVE('',#6308,#6357,#6359,.T.);
#6357 = VERTEX_POINT('',#6358);
#6358 = CARTESIAN_POINT('',(-2.61,1.6,0.));
#6359 = LINE('',#6360,#6361);
#6360 = CARTESIAN_POINT('',(-3.15,1.6,0.));
#6361 = VECTOR('',#6362,1.);
#6362 = DIRECTION('',(1.,0.,0.));
#6363 = ORIENTED_EDGE('',*,*,#6307,.F.);
#6364 = ORIENTED_EDGE('',*,*,#6201,.T.);
#6365 = ORIENTED_EDGE('',*,*,#6340,.T.);
#6366 = ORIENTED_EDGE('',*,*,#6367,.T.);
#6367 = EDGE_CURVE('',#6333,#6368,#6370,.T.);
#6368 = VERTEX_POINT('',#6369);
#6369 = CARTESIAN_POINT('',(-2.61,1.6,0.6));
#6370 = LINE('',#6371,#6372);
#6371 = CARTESIAN_POINT('',(-3.15,1.6,0.6));
#6372 = VECTOR('',#6373,1.);
#6373 = DIRECTION('',(1.,0.,0.));
#6374 = ORIENTED_EDGE('',*,*,#6375,.F.);
#6375 = EDGE_CURVE('',#6376,#6368,#6378,.T.);
#6376 = VERTEX_POINT('',#6377);
#6377 = CARTESIAN_POINT('',(-2.55,1.6,0.54));
#6378 = CIRCLE('',#6379,6.E-02);
#6379 = AXIS2_PLACEMENT_3D('',#6380,#6381,#6382);
#6380 = CARTESIAN_POINT('',(-2.61,1.6,0.54));
#6381 = DIRECTION('',(0.,-1.,0.));
#6382 = DIRECTION('',(0.,0.,1.));
#6383 = ORIENTED_EDGE('',*,*,#6384,.F.);
#6384 = EDGE_CURVE('',#6385,#6376,#6387,.T.);
#6385 = VERTEX_POINT('',#6386);
#6386 = CARTESIAN_POINT('',(-3.09,1.6,0.54));
#6387 = LINE('',#6388,#6389);
#6388 = CARTESIAN_POINT('',(-3.09,1.6,0.54));
#6389 = VECTOR('',#6390,1.);
#6390 = DIRECTION('',(1.,0.,0.));
#6391 = ORIENTED_EDGE('',*,*,#6392,.F.);
#6392 = EDGE_CURVE('',#6393,#6385,#6395,.T.);
#6393 = VERTEX_POINT('',#6394);
#6394 = CARTESIAN_POINT('',(-3.09,1.6,6.E-02));
#6395 = LINE('',#6396,#6397);
#6396 = CARTESIAN_POINT('',(-3.09,1.6,6.E-02));
#6397 = VECTOR('',#6398,1.);
#6398 = DIRECTION('',(0.,0.,1.));
#6399 = ORIENTED_EDGE('',*,*,#6400,.T.);
#6400 = EDGE_CURVE('',#6393,#6401,#6403,.T.);
#6401 = VERTEX_POINT('',#6402);
#6402 = CARTESIAN_POINT('',(-2.55,1.6,6.E-02));
#6403 = LINE('',#6404,#6405);
#6404 = CARTESIAN_POINT('',(-3.09,1.6,6.E-02));
#6405 = VECTOR('',#6406,1.);
#6406 = DIRECTION('',(1.,0.,0.));
#6407 = ORIENTED_EDGE('',*,*,#6408,.T.);
#6408 = EDGE_CURVE('',#6401,#6357,#6409,.T.);
#6409 = CIRCLE('',#6410,6.E-02);
#6410 = AXIS2_PLACEMENT_3D('',#6411,#6412,#6413);
#6411 = CARTESIAN_POINT('',(-2.61,1.6,6.E-02));
#6412 = DIRECTION('',(0.,1.,0.));
#6413 = DIRECTION('',(0.,-0.,1.));
#6414 = PLANE('',#6415);
#6415 = AXIS2_PLACEMENT_3D('',#6416,#6417,#6418);
#6416 = CARTESIAN_POINT('',(-3.15,1.6,0.));
#6417 = DIRECTION('',(0.,1.,0.));
#6418 = DIRECTION('',(0.,-0.,1.));
#6419 = ADVANCED_FACE('',(#6420),#6431,.F.);
#6420 = FACE_BOUND('',#6421,.F.);
#6421 = EDGE_LOOP('',(#6422,#6423,#6424,#6425));
#6422 = ORIENTED_EDGE('',*,*,#6356,.F.);
#6423 = ORIENTED_EDGE('',*,*,#6316,.F.);
#6424 = ORIENTED_EDGE('',*,*,#6223,.T.);
#6425 = ORIENTED_EDGE('',*,*,#6426,.T.);
#6426 = EDGE_CURVE('',#6226,#6357,#6427,.T.);
#6427 = LINE('',#6428,#6429);
#6428 = CARTESIAN_POINT('',(-2.61,-1.6,0.));
#6429 = VECTOR('',#6430,1.);
#6430 = DIRECTION('',(0.,1.,0.));
#6431 = PLANE('',#6432);
#6432 = AXIS2_PLACEMENT_3D('',#6433,#6434,#6435);
#6433 = CARTESIAN_POINT('',(-3.15,-1.6,0.));
#6434 = DIRECTION('',(0.,0.,1.));
#6435 = DIRECTION('',(1.,0.,-0.));
#6436 = ADVANCED_FACE('',(#6437),#6448,.T.);
#6437 = FACE_BOUND('',#6438,.T.);
#6438 = EDGE_LOOP('',(#6439,#6440,#6441,#6442));
#6439 = ORIENTED_EDGE('',*,*,#6291,.T.);
#6440 = ORIENTED_EDGE('',*,*,#6426,.T.);
#6441 = ORIENTED_EDGE('',*,*,#6408,.F.);
#6442 = ORIENTED_EDGE('',*,*,#6443,.F.);
#6443 = EDGE_CURVE('',#6284,#6401,#6444,.T.);
#6444 = LINE('',#6445,#6446);
#6445 = CARTESIAN_POINT('',(-2.55,-1.6,6.E-02));
#6446 = VECTOR('',#6447,1.);
#6447 = DIRECTION('',(0.,1.,0.));
#6448 = CYLINDRICAL_SURFACE('',#6449,6.E-02);
#6449 = AXIS2_PLACEMENT_3D('',#6450,#6451,#6452);
#6450 = CARTESIAN_POINT('',(-2.61,-1.6,6.E-02));
#6451 = DIRECTION('',(0.,1.,0.));
#6452 = DIRECTION('',(1.,0.,0.));
#6453 = ADVANCED_FACE('',(#6454),#6497,.F.);
#6454 = FACE_BOUND('',#6455,.F.);
#6455 = EDGE_LOOP('',(#6456,#6457,#6458,#6459,#6467,#6475,#6483,#6491));
#6456 = ORIENTED_EDGE('',*,*,#6283,.F.);
#6457 = ORIENTED_EDGE('',*,*,#6275,.T.);
#6458 = ORIENTED_EDGE('',*,*,#6267,.T.);
#6459 = ORIENTED_EDGE('',*,*,#6460,.T.);
#6460 = EDGE_CURVE('',#6259,#6461,#6463,.T.);
#6461 = VERTEX_POINT('',#6462);
#6462 = CARTESIAN_POINT('',(2.55,-1.6,0.54));
#6463 = LINE('',#6464,#6465);
#6464 = CARTESIAN_POINT('',(-2.55,-1.6,0.54));
#6465 = VECTOR('',#6466,1.);
#6466 = DIRECTION('',(1.,0.,0.));
#6467 = ORIENTED_EDGE('',*,*,#6468,.T.);
#6468 = EDGE_CURVE('',#6461,#6469,#6471,.T.);
#6469 = VERTEX_POINT('',#6470);
#6470 = CARTESIAN_POINT('',(3.09,-1.6,0.54));
#6471 = LINE('',#6472,#6473);
#6472 = CARTESIAN_POINT('',(-3.09,-1.6,0.54));
#6473 = VECTOR('',#6474,1.);
#6474 = DIRECTION('',(1.,0.,0.));
#6475 = ORIENTED_EDGE('',*,*,#6476,.F.);
#6476 = EDGE_CURVE('',#6477,#6469,#6479,.T.);
#6477 = VERTEX_POINT('',#6478);
#6478 = CARTESIAN_POINT('',(3.09,-1.6,6.E-02));
#6479 = LINE('',#6480,#6481);
#6480 = CARTESIAN_POINT('',(3.09,-1.6,6.E-02));
#6481 = VECTOR('',#6482,1.);
#6482 = DIRECTION('',(0.,0.,1.));
#6483 = ORIENTED_EDGE('',*,*,#6484,.F.);
#6484 = EDGE_CURVE('',#6485,#6477,#6487,.T.);
#6485 = VERTEX_POINT('',#6486);
#6486 = CARTESIAN_POINT('',(2.55,-1.6,6.E-02));
#6487 = LINE('',#6488,#6489);
#6488 = CARTESIAN_POINT('',(-3.09,-1.6,6.E-02));
#6489 = VECTOR('',#6490,1.);
#6490 = DIRECTION('',(1.,0.,0.));
#6491 = ORIENTED_EDGE('',*,*,#6492,.F.);
#6492 = EDGE_CURVE('',#6284,#6485,#6493,.T.);
#6493 = LINE('',#6494,#6495);
#6494 = CARTESIAN_POINT('',(-3.09,-1.6,6.E-02));
#6495 = VECTOR('',#6496,1.);
#6496 = DIRECTION('',(1.,0.,0.));
#6497 = PLANE('',#6498);
#6498 = AXIS2_PLACEMENT_3D('',#6499,#6500,#6501);
#6499 = CARTESIAN_POINT('',(-3.09,-1.6,6.E-02));
#6500 = DIRECTION('',(0.,1.,0.));
#6501 = DIRECTION('',(0.,-0.,1.));
#6502 = ADVANCED_FACE('',(#6503),#6514,.T.);
#6503 = FACE_BOUND('',#6504,.T.);
#6504 = EDGE_LOOP('',(#6505,#6506,#6507,#6508));
#6505 = ORIENTED_EDGE('',*,*,#6367,.F.);
#6506 = ORIENTED_EDGE('',*,*,#6332,.F.);
#6507 = ORIENTED_EDGE('',*,*,#6250,.T.);
#6508 = ORIENTED_EDGE('',*,*,#6509,.T.);
#6509 = EDGE_CURVE('',#6251,#6368,#6510,.T.);
#6510 = LINE('',#6511,#6512);
#6511 = CARTESIAN_POINT('',(-2.61,-1.6,0.6));
#6512 = VECTOR('',#6513,1.);
#6513 = DIRECTION('',(0.,1.,0.));
#6514 = PLANE('',#6515);
#6515 = AXIS2_PLACEMENT_3D('',#6516,#6517,#6518);
#6516 = CARTESIAN_POINT('',(-3.15,-1.6,0.6));
#6517 = DIRECTION('',(0.,0.,1.));
#6518 = DIRECTION('',(1.,0.,-0.));
#6519 = ADVANCED_FACE('',(#6520),#6531,.T.);
#6520 = FACE_BOUND('',#6521,.T.);
#6521 = EDGE_LOOP('',(#6522,#6528,#6529,#6530));
#6522 = ORIENTED_EDGE('',*,*,#6523,.T.);
#6523 = EDGE_CURVE('',#6259,#6376,#6524,.T.);
#6524 = LINE('',#6525,#6526);
#6525 = CARTESIAN_POINT('',(-2.55,-1.6,0.54));
#6526 = VECTOR('',#6527,1.);
#6527 = DIRECTION('',(0.,1.,0.));
#6528 = ORIENTED_EDGE('',*,*,#6375,.T.);
#6529 = ORIENTED_EDGE('',*,*,#6509,.F.);
#6530 = ORIENTED_EDGE('',*,*,#6258,.F.);
#6531 = CYLINDRICAL_SURFACE('',#6532,6.E-02);
#6532 = AXIS2_PLACEMENT_3D('',#6533,#6534,#6535);
#6533 = CARTESIAN_POINT('',(-2.61,-1.6,0.54));
#6534 = DIRECTION('',(0.,1.,0.));
#6535 = DIRECTION('',(1.,0.,0.));
#6536 = ADVANCED_FACE('',(#6537),#6580,.T.);
#6537 = FACE_BOUND('',#6538,.T.);
#6538 = EDGE_LOOP('',(#6539,#6540,#6541,#6542,#6550,#6558,#6566,#6574));
#6539 = ORIENTED_EDGE('',*,*,#6400,.F.);
#6540 = ORIENTED_EDGE('',*,*,#6392,.T.);
#6541 = ORIENTED_EDGE('',*,*,#6384,.T.);
#6542 = ORIENTED_EDGE('',*,*,#6543,.T.);
#6543 = EDGE_CURVE('',#6376,#6544,#6546,.T.);
#6544 = VERTEX_POINT('',#6545);
#6545 = CARTESIAN_POINT('',(2.55,1.6,0.54));
#6546 = LINE('',#6547,#6548);
#6547 = CARTESIAN_POINT('',(-2.55,1.6,0.54));
#6548 = VECTOR('',#6549,1.);
#6549 = DIRECTION('',(1.,0.,0.));
#6550 = ORIENTED_EDGE('',*,*,#6551,.T.);
#6551 = EDGE_CURVE('',#6544,#6552,#6554,.T.);
#6552 = VERTEX_POINT('',#6553);
#6553 = CARTESIAN_POINT('',(3.09,1.6,0.54));
#6554 = LINE('',#6555,#6556);
#6555 = CARTESIAN_POINT('',(-3.09,1.6,0.54));
#6556 = VECTOR('',#6557,1.);
#6557 = DIRECTION('',(1.,0.,0.));
#6558 = ORIENTED_EDGE('',*,*,#6559,.F.);
#6559 = EDGE_CURVE('',#6560,#6552,#6562,.T.);
#6560 = VERTEX_POINT('',#6561);
#6561 = CARTESIAN_POINT('',(3.09,1.6,6.E-02));
#6562 = LINE('',#6563,#6564);
#6563 = CARTESIAN_POINT('',(3.09,1.6,6.E-02));
#6564 = VECTOR('',#6565,1.);
#6565 = DIRECTION('',(0.,0.,1.));
#6566 = ORIENTED_EDGE('',*,*,#6567,.F.);
#6567 = EDGE_CURVE('',#6568,#6560,#6570,.T.);
#6568 = VERTEX_POINT('',#6569);
#6569 = CARTESIAN_POINT('',(2.55,1.6,6.E-02));
#6570 = LINE('',#6571,#6572);
#6571 = CARTESIAN_POINT('',(-3.09,1.6,6.E-02));
#6572 = VECTOR('',#6573,1.);
#6573 = DIRECTION('',(1.,0.,0.));
#6574 = ORIENTED_EDGE('',*,*,#6575,.F.);
#6575 = EDGE_CURVE('',#6401,#6568,#6576,.T.);
#6576 = LINE('',#6577,#6578);
#6577 = CARTESIAN_POINT('',(-3.09,1.6,6.E-02));
#6578 = VECTOR('',#6579,1.);
#6579 = DIRECTION('',(1.,0.,0.));
#6580 = PLANE('',#6581);
#6581 = AXIS2_PLACEMENT_3D('',#6582,#6583,#6584);
#6582 = CARTESIAN_POINT('',(-3.09,1.6,6.E-02));
#6583 = DIRECTION('',(0.,1.,0.));
#6584 = DIRECTION('',(0.,-0.,1.));
#6585 = ADVANCED_FACE('',(#6586),#6597,.F.);
#6586 = FACE_BOUND('',#6587,.F.);
#6587 = EDGE_LOOP('',(#6588,#6589,#6590,#6596));
#6588 = ORIENTED_EDGE('',*,*,#6443,.F.);
#6589 = ORIENTED_EDGE('',*,*,#6492,.T.);
#6590 = ORIENTED_EDGE('',*,*,#6591,.T.);
#6591 = EDGE_CURVE('',#6485,#6568,#6592,.T.);
#6592 = LINE('',#6593,#6594);
#6593 = CARTESIAN_POINT('',(2.55,-1.6,6.E-02));
#6594 = VECTOR('',#6595,1.);
#6595 = DIRECTION('',(0.,1.,0.));
#6596 = ORIENTED_EDGE('',*,*,#6575,.F.);
#6597 = PLANE('',#6598);
#6598 = AXIS2_PLACEMENT_3D('',#6599,#6600,#6601);
#6599 = CARTESIAN_POINT('',(-3.09,-1.6,6.E-02));
#6600 = DIRECTION('',(0.,0.,1.));
#6601 = DIRECTION('',(1.,0.,-0.));
#6602 = ADVANCED_FACE('',(#6603),#6666,.F.);
#6603 = FACE_BOUND('',#6604,.F.);
#6604 = EDGE_LOOP('',(#6605,#6615,#6622,#6623,#6624,#6625,#6634,#6642,
    #6651,#6659));
#6605 = ORIENTED_EDGE('',*,*,#6606,.F.);
#6606 = EDGE_CURVE('',#6607,#6609,#6611,.T.);
#6607 = VERTEX_POINT('',#6608);
#6608 = CARTESIAN_POINT('',(2.61,-1.6,0.));
#6609 = VERTEX_POINT('',#6610);
#6610 = CARTESIAN_POINT('',(3.09,-1.6,0.));
#6611 = LINE('',#6612,#6613);
#6612 = CARTESIAN_POINT('',(2.55,-1.6,0.));
#6613 = VECTOR('',#6614,1.);
#6614 = DIRECTION('',(1.,0.,0.));
#6615 = ORIENTED_EDGE('',*,*,#6616,.F.);
#6616 = EDGE_CURVE('',#6485,#6607,#6617,.T.);
#6617 = CIRCLE('',#6618,6.E-02);
#6618 = AXIS2_PLACEMENT_3D('',#6619,#6620,#6621);
#6619 = CARTESIAN_POINT('',(2.61,-1.6,6.E-02));
#6620 = DIRECTION('',(0.,-1.,0.));
#6621 = DIRECTION('',(0.,0.,1.));
#6622 = ORIENTED_EDGE('',*,*,#6484,.T.);
#6623 = ORIENTED_EDGE('',*,*,#6476,.T.);
#6624 = ORIENTED_EDGE('',*,*,#6468,.F.);
#6625 = ORIENTED_EDGE('',*,*,#6626,.T.);
#6626 = EDGE_CURVE('',#6461,#6627,#6629,.T.);
#6627 = VERTEX_POINT('',#6628);
#6628 = CARTESIAN_POINT('',(2.61,-1.6,0.6));
#6629 = CIRCLE('',#6630,6.E-02);
#6630 = AXIS2_PLACEMENT_3D('',#6631,#6632,#6633);
#6631 = CARTESIAN_POINT('',(2.61,-1.6,0.54));
#6632 = DIRECTION('',(0.,1.,0.));
#6633 = DIRECTION('',(0.,-0.,1.));
#6634 = ORIENTED_EDGE('',*,*,#6635,.T.);
#6635 = EDGE_CURVE('',#6627,#6636,#6638,.T.);
#6636 = VERTEX_POINT('',#6637);
#6637 = CARTESIAN_POINT('',(3.09,-1.6,0.6));
#6638 = LINE('',#6639,#6640);
#6639 = CARTESIAN_POINT('',(2.55,-1.6,0.6));
#6640 = VECTOR('',#6641,1.);
#6641 = DIRECTION('',(1.,0.,0.));
#6642 = ORIENTED_EDGE('',*,*,#6643,.F.);
#6643 = EDGE_CURVE('',#6644,#6636,#6646,.T.);
#6644 = VERTEX_POINT('',#6645);
#6645 = CARTESIAN_POINT('',(3.15,-1.6,0.54));
#6646 = CIRCLE('',#6647,6.E-02);
#6647 = AXIS2_PLACEMENT_3D('',#6648,#6649,#6650);
#6648 = CARTESIAN_POINT('',(3.09,-1.6,0.54));
#6649 = DIRECTION('',(0.,-1.,0.));
#6650 = DIRECTION('',(0.,0.,1.));
#6651 = ORIENTED_EDGE('',*,*,#6652,.F.);
#6652 = EDGE_CURVE('',#6653,#6644,#6655,.T.);
#6653 = VERTEX_POINT('',#6654);
#6654 = CARTESIAN_POINT('',(3.15,-1.6,6.E-02));
#6655 = LINE('',#6656,#6657);
#6656 = CARTESIAN_POINT('',(3.15,-1.6,0.));
#6657 = VECTOR('',#6658,1.);
#6658 = DIRECTION('',(0.,0.,1.));
#6659 = ORIENTED_EDGE('',*,*,#6660,.T.);
#6660 = EDGE_CURVE('',#6653,#6609,#6661,.T.);
#6661 = CIRCLE('',#6662,6.E-02);
#6662 = AXIS2_PLACEMENT_3D('',#6663,#6664,#6665);
#6663 = CARTESIAN_POINT('',(3.09,-1.6,6.E-02));
#6664 = DIRECTION('',(0.,1.,0.));
#6665 = DIRECTION('',(0.,-0.,1.));
#6666 = PLANE('',#6667);
#6667 = AXIS2_PLACEMENT_3D('',#6668,#6669,#6670);
#6668 = CARTESIAN_POINT('',(2.55,-1.6,0.));
#6669 = DIRECTION('',(0.,1.,0.));
#6670 = DIRECTION('',(0.,-0.,1.));
#6671 = ADVANCED_FACE('',(#6672),#6697,.F.);
#6672 = FACE_BOUND('',#6673,.F.);
#6673 = EDGE_LOOP('',(#6674,#6675,#6683,#6691));
#6674 = ORIENTED_EDGE('',*,*,#6460,.F.);
#6675 = ORIENTED_EDGE('',*,*,#6676,.T.);
#6676 = EDGE_CURVE('',#6259,#6677,#6679,.T.);
#6677 = VERTEX_POINT('',#6678);
#6678 = CARTESIAN_POINT('',(-2.55,-1.6,0.6));
#6679 = LINE('',#6680,#6681);
#6680 = CARTESIAN_POINT('',(-2.55,-1.6,0.54));
#6681 = VECTOR('',#6682,1.);
#6682 = DIRECTION('',(0.,0.,1.));
#6683 = ORIENTED_EDGE('',*,*,#6684,.T.);
#6684 = EDGE_CURVE('',#6677,#6685,#6687,.T.);
#6685 = VERTEX_POINT('',#6686);
#6686 = CARTESIAN_POINT('',(2.55,-1.6,0.6));
#6687 = LINE('',#6688,#6689);
#6688 = CARTESIAN_POINT('',(-2.55,-1.6,0.6));
#6689 = VECTOR('',#6690,1.);
#6690 = DIRECTION('',(1.,0.,0.));
#6691 = ORIENTED_EDGE('',*,*,#6692,.F.);
#6692 = EDGE_CURVE('',#6461,#6685,#6693,.T.);
#6693 = LINE('',#6694,#6695);
#6694 = CARTESIAN_POINT('',(2.55,-1.6,0.54));
#6695 = VECTOR('',#6696,1.);
#6696 = DIRECTION('',(0.,0.,1.));
#6697 = PLANE('',#6698);
#6698 = AXIS2_PLACEMENT_3D('',#6699,#6700,#6701);
#6699 = CARTESIAN_POINT('',(-2.55,-1.6,0.54));
#6700 = DIRECTION('',(0.,1.,0.));
#6701 = DIRECTION('',(0.,-0.,1.));
#6702 = ADVANCED_FACE('',(#6703),#6721,.F.);
#6703 = FACE_BOUND('',#6704,.F.);
#6704 = EDGE_LOOP('',(#6705,#6706,#6707,#6715));
#6705 = ORIENTED_EDGE('',*,*,#6676,.F.);
#6706 = ORIENTED_EDGE('',*,*,#6523,.T.);
#6707 = ORIENTED_EDGE('',*,*,#6708,.T.);
#6708 = EDGE_CURVE('',#6376,#6709,#6711,.T.);
#6709 = VERTEX_POINT('',#6710);
#6710 = CARTESIAN_POINT('',(-2.55,1.6,0.6));
#6711 = LINE('',#6712,#6713);
#6712 = CARTESIAN_POINT('',(-2.55,1.6,0.54));
#6713 = VECTOR('',#6714,1.);
#6714 = DIRECTION('',(0.,0.,1.));
#6715 = ORIENTED_EDGE('',*,*,#6716,.F.);
#6716 = EDGE_CURVE('',#6677,#6709,#6717,.T.);
#6717 = LINE('',#6718,#6719);
#6718 = CARTESIAN_POINT('',(-2.55,-1.6,0.6));
#6719 = VECTOR('',#6720,1.);
#6720 = DIRECTION('',(0.,1.,0.));
#6721 = PLANE('',#6722);
#6722 = AXIS2_PLACEMENT_3D('',#6723,#6724,#6725);
#6723 = CARTESIAN_POINT('',(-2.55,-1.6,0.54));
#6724 = DIRECTION('',(1.,0.,0.));
#6725 = DIRECTION('',(0.,0.,1.));
#6726 = ADVANCED_FACE('',(#6727),#6790,.T.);
#6727 = FACE_BOUND('',#6728,.T.);
#6728 = EDGE_LOOP('',(#6729,#6739,#6746,#6747,#6748,#6749,#6758,#6766,
    #6775,#6783));
#6729 = ORIENTED_EDGE('',*,*,#6730,.F.);
#6730 = EDGE_CURVE('',#6731,#6733,#6735,.T.);
#6731 = VERTEX_POINT('',#6732);
#6732 = CARTESIAN_POINT('',(2.61,1.6,0.));
#6733 = VERTEX_POINT('',#6734);
#6734 = CARTESIAN_POINT('',(3.09,1.6,0.));
#6735 = LINE('',#6736,#6737);
#6736 = CARTESIAN_POINT('',(2.55,1.6,0.));
#6737 = VECTOR('',#6738,1.);
#6738 = DIRECTION('',(1.,0.,0.));
#6739 = ORIENTED_EDGE('',*,*,#6740,.F.);
#6740 = EDGE_CURVE('',#6568,#6731,#6741,.T.);
#6741 = CIRCLE('',#6742,6.E-02);
#6742 = AXIS2_PLACEMENT_3D('',#6743,#6744,#6745);
#6743 = CARTESIAN_POINT('',(2.61,1.6,6.E-02));
#6744 = DIRECTION('',(0.,-1.,0.));
#6745 = DIRECTION('',(0.,0.,1.));
#6746 = ORIENTED_EDGE('',*,*,#6567,.T.);
#6747 = ORIENTED_EDGE('',*,*,#6559,.T.);
#6748 = ORIENTED_EDGE('',*,*,#6551,.F.);
#6749 = ORIENTED_EDGE('',*,*,#6750,.T.);
#6750 = EDGE_CURVE('',#6544,#6751,#6753,.T.);
#6751 = VERTEX_POINT('',#6752);
#6752 = CARTESIAN_POINT('',(2.61,1.6,0.6));
#6753 = CIRCLE('',#6754,6.E-02);
#6754 = AXIS2_PLACEMENT_3D('',#6755,#6756,#6757);
#6755 = CARTESIAN_POINT('',(2.61,1.6,0.54));
#6756 = DIRECTION('',(0.,1.,0.));
#6757 = DIRECTION('',(0.,-0.,1.));
#6758 = ORIENTED_EDGE('',*,*,#6759,.T.);
#6759 = EDGE_CURVE('',#6751,#6760,#6762,.T.);
#6760 = VERTEX_POINT('',#6761);
#6761 = CARTESIAN_POINT('',(3.09,1.6,0.6));
#6762 = LINE('',#6763,#6764);
#6763 = CARTESIAN_POINT('',(2.55,1.6,0.6));
#6764 = VECTOR('',#6765,1.);
#6765 = DIRECTION('',(1.,0.,0.));
#6766 = ORIENTED_EDGE('',*,*,#6767,.F.);
#6767 = EDGE_CURVE('',#6768,#6760,#6770,.T.);
#6768 = VERTEX_POINT('',#6769);
#6769 = CARTESIAN_POINT('',(3.15,1.6,0.54));
#6770 = CIRCLE('',#6771,6.E-02);
#6771 = AXIS2_PLACEMENT_3D('',#6772,#6773,#6774);
#6772 = CARTESIAN_POINT('',(3.09,1.6,0.54));
#6773 = DIRECTION('',(0.,-1.,0.));
#6774 = DIRECTION('',(0.,0.,1.));
#6775 = ORIENTED_EDGE('',*,*,#6776,.F.);
#6776 = EDGE_CURVE('',#6777,#6768,#6779,.T.);
#6777 = VERTEX_POINT('',#6778);
#6778 = CARTESIAN_POINT('',(3.15,1.6,6.E-02));
#6779 = LINE('',#6780,#6781);
#6780 = CARTESIAN_POINT('',(3.15,1.6,0.));
#6781 = VECTOR('',#6782,1.);
#6782 = DIRECTION('',(0.,0.,1.));
#6783 = ORIENTED_EDGE('',*,*,#6784,.T.);
#6784 = EDGE_CURVE('',#6777,#6733,#6785,.T.);
#6785 = CIRCLE('',#6786,6.E-02);
#6786 = AXIS2_PLACEMENT_3D('',#6787,#6788,#6789);
#6787 = CARTESIAN_POINT('',(3.09,1.6,6.E-02));
#6788 = DIRECTION('',(0.,1.,0.));
#6789 = DIRECTION('',(0.,-0.,1.));
#6790 = PLANE('',#6791);
#6791 = AXIS2_PLACEMENT_3D('',#6792,#6793,#6794);
#6792 = CARTESIAN_POINT('',(2.55,1.6,0.));
#6793 = DIRECTION('',(0.,1.,0.));
#6794 = DIRECTION('',(0.,-0.,1.));
#6795 = ADVANCED_FACE('',(#6796),#6814,.T.);
#6796 = FACE_BOUND('',#6797,.T.);
#6797 = EDGE_LOOP('',(#6798,#6799,#6800,#6808));
#6798 = ORIENTED_EDGE('',*,*,#6543,.F.);
#6799 = ORIENTED_EDGE('',*,*,#6708,.T.);
#6800 = ORIENTED_EDGE('',*,*,#6801,.T.);
#6801 = EDGE_CURVE('',#6709,#6802,#6804,.T.);
#6802 = VERTEX_POINT('',#6803);
#6803 = CARTESIAN_POINT('',(2.55,1.6,0.6));
#6804 = LINE('',#6805,#6806);
#6805 = CARTESIAN_POINT('',(-2.55,1.6,0.6));
#6806 = VECTOR('',#6807,1.);
#6807 = DIRECTION('',(1.,0.,0.));
#6808 = ORIENTED_EDGE('',*,*,#6809,.F.);
#6809 = EDGE_CURVE('',#6544,#6802,#6810,.T.);
#6810 = LINE('',#6811,#6812);
#6811 = CARTESIAN_POINT('',(2.55,1.6,0.54));
#6812 = VECTOR('',#6813,1.);
#6813 = DIRECTION('',(0.,0.,1.));
#6814 = PLANE('',#6815);
#6815 = AXIS2_PLACEMENT_3D('',#6816,#6817,#6818);
#6816 = CARTESIAN_POINT('',(-2.55,1.6,0.54));
#6817 = DIRECTION('',(0.,1.,0.));
#6818 = DIRECTION('',(0.,-0.,1.));
#6819 = ADVANCED_FACE('',(#6820),#6831,.T.);
#6820 = FACE_BOUND('',#6821,.T.);
#6821 = EDGE_LOOP('',(#6822,#6823,#6824,#6830));
#6822 = ORIENTED_EDGE('',*,*,#6591,.T.);
#6823 = ORIENTED_EDGE('',*,*,#6740,.T.);
#6824 = ORIENTED_EDGE('',*,*,#6825,.F.);
#6825 = EDGE_CURVE('',#6607,#6731,#6826,.T.);
#6826 = LINE('',#6827,#6828);
#6827 = CARTESIAN_POINT('',(2.61,-1.6,0.));
#6828 = VECTOR('',#6829,1.);
#6829 = DIRECTION('',(0.,1.,0.));
#6830 = ORIENTED_EDGE('',*,*,#6616,.F.);
#6831 = CYLINDRICAL_SURFACE('',#6832,6.E-02);
#6832 = AXIS2_PLACEMENT_3D('',#6833,#6834,#6835);
#6833 = CARTESIAN_POINT('',(2.61,-1.6,6.E-02));
#6834 = DIRECTION('',(0.,1.,0.));
#6835 = DIRECTION('',(-1.,0.,0.));
#6836 = ADVANCED_FACE('',(#6837),#6848,.F.);
#6837 = FACE_BOUND('',#6838,.F.);
#6838 = EDGE_LOOP('',(#6839,#6840,#6841,#6842));
#6839 = ORIENTED_EDGE('',*,*,#6730,.F.);
#6840 = ORIENTED_EDGE('',*,*,#6825,.F.);
#6841 = ORIENTED_EDGE('',*,*,#6606,.T.);
#6842 = ORIENTED_EDGE('',*,*,#6843,.T.);
#6843 = EDGE_CURVE('',#6609,#6733,#6844,.T.);
#6844 = LINE('',#6845,#6846);
#6845 = CARTESIAN_POINT('',(3.09,-1.6,0.));
#6846 = VECTOR('',#6847,1.);
#6847 = DIRECTION('',(0.,1.,0.));
#6848 = PLANE('',#6849);
#6849 = AXIS2_PLACEMENT_3D('',#6850,#6851,#6852);
#6850 = CARTESIAN_POINT('',(2.55,-1.6,0.));
#6851 = DIRECTION('',(0.,0.,1.));
#6852 = DIRECTION('',(1.,0.,-0.));
#6853 = ADVANCED_FACE('',(#6854),#6865,.T.);
#6854 = FACE_BOUND('',#6855,.T.);
#6855 = EDGE_LOOP('',(#6856,#6857,#6858,#6859));
#6856 = ORIENTED_EDGE('',*,*,#6660,.T.);
#6857 = ORIENTED_EDGE('',*,*,#6843,.T.);
#6858 = ORIENTED_EDGE('',*,*,#6784,.F.);
#6859 = ORIENTED_EDGE('',*,*,#6860,.F.);
#6860 = EDGE_CURVE('',#6653,#6777,#6861,.T.);
#6861 = LINE('',#6862,#6863);
#6862 = CARTESIAN_POINT('',(3.15,-1.6,6.E-02));
#6863 = VECTOR('',#6864,1.);
#6864 = DIRECTION('',(0.,1.,0.));
#6865 = CYLINDRICAL_SURFACE('',#6866,6.E-02);
#6866 = AXIS2_PLACEMENT_3D('',#6867,#6868,#6869);
#6867 = CARTESIAN_POINT('',(3.09,-1.6,6.E-02));
#6868 = DIRECTION('',(0.,1.,0.));
#6869 = DIRECTION('',(1.,0.,0.));
#6870 = ADVANCED_FACE('',(#6871),#6882,.T.);
#6871 = FACE_BOUND('',#6872,.T.);
#6872 = EDGE_LOOP('',(#6873,#6874,#6875,#6876));
#6873 = ORIENTED_EDGE('',*,*,#6652,.F.);
#6874 = ORIENTED_EDGE('',*,*,#6860,.T.);
#6875 = ORIENTED_EDGE('',*,*,#6776,.T.);
#6876 = ORIENTED_EDGE('',*,*,#6877,.F.);
#6877 = EDGE_CURVE('',#6644,#6768,#6878,.T.);
#6878 = LINE('',#6879,#6880);
#6879 = CARTESIAN_POINT('',(3.15,-1.6,0.54));
#6880 = VECTOR('',#6881,1.);
#6881 = DIRECTION('',(0.,1.,0.));
#6882 = PLANE('',#6883);
#6883 = AXIS2_PLACEMENT_3D('',#6884,#6885,#6886);
#6884 = CARTESIAN_POINT('',(3.15,-1.6,0.));
#6885 = DIRECTION('',(1.,0.,0.));
#6886 = DIRECTION('',(0.,0.,1.));
#6887 = ADVANCED_FACE('',(#6888),#6899,.T.);
#6888 = FACE_BOUND('',#6889,.T.);
#6889 = EDGE_LOOP('',(#6890,#6891,#6892,#6898));
#6890 = ORIENTED_EDGE('',*,*,#6877,.T.);
#6891 = ORIENTED_EDGE('',*,*,#6767,.T.);
#6892 = ORIENTED_EDGE('',*,*,#6893,.F.);
#6893 = EDGE_CURVE('',#6636,#6760,#6894,.T.);
#6894 = LINE('',#6895,#6896);
#6895 = CARTESIAN_POINT('',(3.09,-1.6,0.6));
#6896 = VECTOR('',#6897,1.);
#6897 = DIRECTION('',(0.,1.,0.));
#6898 = ORIENTED_EDGE('',*,*,#6643,.F.);
#6899 = CYLINDRICAL_SURFACE('',#6900,6.E-02);
#6900 = AXIS2_PLACEMENT_3D('',#6901,#6902,#6903);
#6901 = CARTESIAN_POINT('',(3.09,-1.6,0.54));
#6902 = DIRECTION('',(0.,1.,0.));
#6903 = DIRECTION('',(1.,0.,0.));
#6904 = ADVANCED_FACE('',(#6905),#6916,.T.);
#6905 = FACE_BOUND('',#6906,.T.);
#6906 = EDGE_LOOP('',(#6907,#6908,#6914,#6915));
#6907 = ORIENTED_EDGE('',*,*,#6759,.F.);
#6908 = ORIENTED_EDGE('',*,*,#6909,.F.);
#6909 = EDGE_CURVE('',#6627,#6751,#6910,.T.);
#6910 = LINE('',#6911,#6912);
#6911 = CARTESIAN_POINT('',(2.61,-1.6,0.6));
#6912 = VECTOR('',#6913,1.);
#6913 = DIRECTION('',(0.,1.,0.));
#6914 = ORIENTED_EDGE('',*,*,#6635,.T.);
#6915 = ORIENTED_EDGE('',*,*,#6893,.T.);
#6916 = PLANE('',#6917);
#6917 = AXIS2_PLACEMENT_3D('',#6918,#6919,#6920);
#6918 = CARTESIAN_POINT('',(2.55,-1.6,0.6));
#6919 = DIRECTION('',(0.,0.,1.));
#6920 = DIRECTION('',(1.,0.,-0.));
#6921 = ADVANCED_FACE('',(#6922),#6933,.T.);
#6922 = FACE_BOUND('',#6923,.T.);
#6923 = EDGE_LOOP('',(#6924,#6925,#6926,#6927));
#6924 = ORIENTED_EDGE('',*,*,#6626,.T.);
#6925 = ORIENTED_EDGE('',*,*,#6909,.T.);
#6926 = ORIENTED_EDGE('',*,*,#6750,.F.);
#6927 = ORIENTED_EDGE('',*,*,#6928,.F.);
#6928 = EDGE_CURVE('',#6461,#6544,#6929,.T.);
#6929 = LINE('',#6930,#6931);
#6930 = CARTESIAN_POINT('',(2.55,-1.6,0.54));
#6931 = VECTOR('',#6932,1.);
#6932 = DIRECTION('',(0.,1.,0.));
#6933 = CYLINDRICAL_SURFACE('',#6934,6.E-02);
#6934 = AXIS2_PLACEMENT_3D('',#6935,#6936,#6937);
#6935 = CARTESIAN_POINT('',(2.61,-1.6,0.54));
#6936 = DIRECTION('',(0.,1.,0.));
#6937 = DIRECTION('',(-1.,0.,0.));
#6938 = ADVANCED_FACE('',(#6939),#6950,.T.);
#6939 = FACE_BOUND('',#6940,.T.);
#6940 = EDGE_LOOP('',(#6941,#6942,#6943,#6944));
#6941 = ORIENTED_EDGE('',*,*,#6692,.F.);
#6942 = ORIENTED_EDGE('',*,*,#6928,.T.);
#6943 = ORIENTED_EDGE('',*,*,#6809,.T.);
#6944 = ORIENTED_EDGE('',*,*,#6945,.F.);
#6945 = EDGE_CURVE('',#6685,#6802,#6946,.T.);
#6946 = LINE('',#6947,#6948);
#6947 = CARTESIAN_POINT('',(2.55,-1.6,0.6));
#6948 = VECTOR('',#6949,1.);
#6949 = DIRECTION('',(0.,1.,0.));
#6950 = PLANE('',#6951);
#6951 = AXIS2_PLACEMENT_3D('',#6952,#6953,#6954);
#6952 = CARTESIAN_POINT('',(2.55,-1.6,0.54));
#6953 = DIRECTION('',(1.,0.,0.));
#6954 = DIRECTION('',(0.,0.,1.));
#6955 = ADVANCED_FACE('',(#6956),#6962,.T.);
#6956 = FACE_BOUND('',#6957,.T.);
#6957 = EDGE_LOOP('',(#6958,#6959,#6960,#6961));
#6958 = ORIENTED_EDGE('',*,*,#6716,.F.);
#6959 = ORIENTED_EDGE('',*,*,#6684,.T.);
#6960 = ORIENTED_EDGE('',*,*,#6945,.T.);
#6961 = ORIENTED_EDGE('',*,*,#6801,.F.);
#6962 = PLANE('',#6963);
#6963 = AXIS2_PLACEMENT_3D('',#6964,#6965,#6966);
#6964 = CARTESIAN_POINT('',(-2.55,-1.6,0.6));
#6965 = DIRECTION('',(0.,0.,1.));
#6966 = DIRECTION('',(1.,0.,-0.));
#6967 = ( GEOMETRIC_REPRESENTATION_CONTEXT(3) 
GLOBAL_UNCERTAINTY_ASSIGNED_CONTEXT((#6971)) 
GLOBAL_UNIT_ASSIGNED_CONTEXT((#6968,#6969,#6970)) REPRESENTATION_CONTEXT
('Context #1','3D Context with UNIT and UNCERTAINTY') );
#6968 = ( LENGTH_UNIT() NAMED_UNIT(*) SI_UNIT(.MILLI.,.METRE.) );
#6969 = ( NAMED_UNIT(*) PLANE_ANGLE_UNIT() SI_UNIT($,.RADIAN.) );
#6970 = ( NAMED_UNIT(*) SI_UNIT($,.STERADIAN.) SOLID_ANGLE_UNIT() );
#6971 = UNCERTAINTY_MEASURE_WITH_UNIT(LENGTH_MEASURE(1.E-07),#6968,
  'distance_accuracy_value','confusion accuracy');
#6972 = CONTEXT_DEPENDENT_SHAPE_REPRESENTATION(#6973,#6975);
#6973 = ( REPRESENTATION_RELATIONSHIP('','',#6176,#6153) 
REPRESENTATION_RELATIONSHIP_WITH_TRANSFORMATION(#6974) 
SHAPE_REPRESENTATION_RELATIONSHIP() );
#6974 = ITEM_DEFINED_TRANSFORMATION('','',#11,#6154);
#6975 = PRODUCT_DEFINITION_SHAPE('Placement','Placement of an item',
  #6976);
#6976 = NEXT_ASSEMBLY_USAGE_OCCURRENCE('13','=>[0:1:1:11]','',#6148,
  #6171,$);
#6977 = PRODUCT_RELATED_PRODUCT_CATEGORY('part',$,(#6173));
#6978 = SHAPE_DEFINITION_REPRESENTATION(#6979,#6985);
#6979 = PRODUCT_DEFINITION_SHAPE('','',#6980);
#6980 = PRODUCT_DEFINITION('design','',#6981,#6984);
#6981 = PRODUCT_DEFINITION_FORMATION('','',#6982);
#6982 = PRODUCT('SW_Push_1P1T_NO_CK_KMR2','SW_Push_1P1T_NO_CK_KMR2','',(
    #6983));
#6983 = PRODUCT_CONTEXT('',#2,'mechanical');
#6984 = PRODUCT_DEFINITION_CONTEXT('part definition',#2,'design');
#6985 = SHAPE_REPRESENTATION('',(#11,#6986),#6990);
#6986 = AXIS2_PLACEMENT_3D('',#6987,#6988,#6989);
#6987 = CARTESIAN_POINT('',(0.,0.,0.));
#6988 = DIRECTION('',(0.,0.,1.));
#6989 = DIRECTION('',(1.,0.,-0.));
#6990 = ( GEOMETRIC_REPRESENTATION_CONTEXT(3) 
GLOBAL_UNCERTAINTY_ASSIGNED_CONTEXT((#6994)) 
GLOBAL_UNIT_ASSIGNED_CONTEXT((#6991,#6992,#6993)) REPRESENTATION_CONTEXT
('Context #1','3D Context with UNIT and UNCERTAINTY') );
#6991 = ( LENGTH_UNIT() NAMED_UNIT(*) SI_UNIT(.MILLI.,.METRE.) );
#6992 = ( NAMED_UNIT(*) PLANE_ANGLE_UNIT() SI_UNIT($,.RADIAN.) );
#6993 = ( NAMED_UNIT(*) SI_UNIT($,.STERADIAN.) SOLID_ANGLE_UNIT() );
#6994 = UNCERTAINTY_MEASURE_WITH_UNIT(LENGTH_MEASURE(1.E-07),#6991,
  'distance_accuracy_value','confusion accuracy');
#6995 = CONTEXT_DEPENDENT_SHAPE_REPRESENTATION(#6996,#6998);
#6996 = ( REPRESENTATION_RELATIONSHIP('','',#6985,#10) 
REPRESENTATION_RELATIONSHIP_WITH_TRANSFORMATION(#6997) 
SHAPE_REPRESENTATION_RELATIONSHIP() );
#6997 = ITEM_DEFINED_TRANSFORMATION('','',#11,#51);
#6998 = PRODUCT_DEFINITION_SHAPE('Placement','Placement of an item',
  #6999);
#6999 = NEXT_ASSEMBLY_USAGE_OCCURRENCE('16','SW1','',#5,#6980,$);
#7000 = PRODUCT_RELATED_PRODUCT_CATEGORY('part',$,(#6982));
#7001 = SHAPE_DEFINITION_REPRESENTATION(#7002,#7008);
#7002 = PRODUCT_DEFINITION_SHAPE('','',#7003);
#7003 = PRODUCT_DEFINITION('design','',#7004,#7007);
#7004 = PRODUCT_DEFINITION_FORMATION('','',#7005);
#7005 = PRODUCT('SW_Push_1P1T_NO_CK_KMR2','SW_Push_1P1T_NO_CK_KMR2','',(
    #7006));
#7006 = PRODUCT_CONTEXT('',#2,'mechanical');
#7007 = PRODUCT_DEFINITION_CONTEXT('part definition',#2,'design');
#7008 = ADVANCED_BREP_SHAPE_REPRESENTATION('',(#11,#7009),#11241);
#7009 = MANIFOLD_SOLID_BREP('',#7010);
#7010 = CLOSED_SHELL('',(#7011,#7051,#7194,#7337,#7446,#7559,#7590,#7614
    ,#7638,#7669,#7693,#7717,#7748,#7779,#7803,#7827,#7945,#7976,#7988,
    #8019,#8043,#8067,#8098,#8122,#8146,#8177,#8208,#8232,#8256,#8287,
    #8306,#8325,#8344,#8363,#8420,#8444,#8468,#8492,#8516,#8540,#8564,
    #8588,#8612,#8636,#8660,#8684,#8734,#8746,#8758,#8816,#8873,#8904,
    #8961,#8985,#9009,#9033,#9057,#9081,#9105,#9129,#9153,#9177,#9201,
    #9225,#9268,#9318,#9330,#9342,#9393,#9450,#9481,#9531,#9741,#9758,
    #9823,#9840,#9857,#9922,#9939,#9956,#9968,#10001,#10018,#10030,
    #10042,#10059,#10071,#10088,#10100,#10133,#10150,#10162,#10179,
    #10191,#10203,#10234,#10259,#10283,#10308,#10332,#10357,#10381,
    #10406,#10430,#10455,#10479,#10497,#10621,#10653,#10677,#10702,
    #10726,#10751,#10775,#10800,#10824,#10849,#10873,#10898,#10915,
    #10949,#10974,#11000,#11025,#11051,#11076,#11102,#11127,#11153,
    #11178,#11204,#11221));
#7011 = ADVANCED_FACE('',(#7012),#7046,.F.);
#7012 = FACE_BOUND('',#7013,.F.);
#7013 = EDGE_LOOP('',(#7014,#7024,#7032,#7040));
#7014 = ORIENTED_EDGE('',*,*,#7015,.T.);
#7015 = EDGE_CURVE('',#7016,#7018,#7020,.T.);
#7016 = VERTEX_POINT('',#7017);
#7017 = CARTESIAN_POINT('',(-1.9,-1.4,0.));
#7018 = VERTEX_POINT('',#7019);
#7019 = CARTESIAN_POINT('',(-1.9,-1.4,1.3));
#7020 = LINE('',#7021,#7022);
#7021 = CARTESIAN_POINT('',(-1.9,-1.4,0.));
#7022 = VECTOR('',#7023,1.);
#7023 = DIRECTION('',(0.,0.,1.));
#7024 = ORIENTED_EDGE('',*,*,#7025,.T.);
#7025 = EDGE_CURVE('',#7018,#7026,#7028,.T.);
#7026 = VERTEX_POINT('',#7027);
#7027 = CARTESIAN_POINT('',(1.9,-1.4,1.3));
#7028 = LINE('',#7029,#7030);
#7029 = CARTESIAN_POINT('',(-1.9,-1.4,1.3));
#7030 = VECTOR('',#7031,1.);
#7031 = DIRECTION('',(1.,0.,0.));
#7032 = ORIENTED_EDGE('',*,*,#7033,.F.);
#7033 = EDGE_CURVE('',#7034,#7026,#7036,.T.);
#7034 = VERTEX_POINT('',#7035);
#7035 = CARTESIAN_POINT('',(1.9,-1.4,0.));
#7036 = LINE('',#7037,#7038);
#7037 = CARTESIAN_POINT('',(1.9,-1.4,0.));
#7038 = VECTOR('',#7039,1.);
#7039 = DIRECTION('',(0.,0.,1.));
#7040 = ORIENTED_EDGE('',*,*,#7041,.F.);
#7041 = EDGE_CURVE('',#7016,#7034,#7042,.T.);
#7042 = LINE('',#7043,#7044);
#7043 = CARTESIAN_POINT('',(-1.9,-1.4,0.));
#7044 = VECTOR('',#7045,1.);
#7045 = DIRECTION('',(1.,0.,0.));
#7046 = PLANE('',#7047);
#7047 = AXIS2_PLACEMENT_3D('',#7048,#7049,#7050);
#7048 = CARTESIAN_POINT('',(-1.9,-1.4,0.));
#7049 = DIRECTION('',(0.,1.,0.));
#7050 = DIRECTION('',(1.,0.,0.));
#7051 = ADVANCED_FACE('',(#7052),#7189,.F.);
#7052 = FACE_BOUND('',#7053,.F.);
#7053 = EDGE_LOOP('',(#7054,#7064,#7072,#7080,#7088,#7096,#7104,#7112,
    #7120,#7126,#7127,#7135,#7143,#7151,#7159,#7167,#7175,#7183));
#7054 = ORIENTED_EDGE('',*,*,#7055,.F.);
#7055 = EDGE_CURVE('',#7056,#7058,#7060,.T.);
#7056 = VERTEX_POINT('',#7057);
#7057 = CARTESIAN_POINT('',(-1.9,1.4,0.));
#7058 = VERTEX_POINT('',#7059);
#7059 = CARTESIAN_POINT('',(-1.9,1.1,0.));
#7060 = LINE('',#7061,#7062);
#7061 = CARTESIAN_POINT('',(-1.9,1.4,0.));
#7062 = VECTOR('',#7063,1.);
#7063 = DIRECTION('',(0.,-1.,0.));
#7064 = ORIENTED_EDGE('',*,*,#7065,.T.);
#7065 = EDGE_CURVE('',#7056,#7066,#7068,.T.);
#7066 = VERTEX_POINT('',#7067);
#7067 = CARTESIAN_POINT('',(-1.9,1.4,1.3));
#7068 = LINE('',#7069,#7070);
#7069 = CARTESIAN_POINT('',(-1.9,1.4,0.));
#7070 = VECTOR('',#7071,1.);
#7071 = DIRECTION('',(0.,0.,1.));
#7072 = ORIENTED_EDGE('',*,*,#7073,.T.);
#7073 = EDGE_CURVE('',#7066,#7074,#7076,.T.);
#7074 = VERTEX_POINT('',#7075);
#7075 = CARTESIAN_POINT('',(-1.9,1.,1.3));
#7076 = LINE('',#7077,#7078);
#7077 = CARTESIAN_POINT('',(-1.9,1.4,1.3));
#7078 = VECTOR('',#7079,1.);
#7079 = DIRECTION('',(0.,-1.,0.));
#7080 = ORIENTED_EDGE('',*,*,#7081,.T.);
#7081 = EDGE_CURVE('',#7074,#7082,#7084,.T.);
#7082 = VERTEX_POINT('',#7083);
#7083 = CARTESIAN_POINT('',(-1.9,0.4,1.3));
#7084 = LINE('',#7085,#7086);
#7085 = CARTESIAN_POINT('',(-1.9,1.4,1.3));
#7086 = VECTOR('',#7087,1.);
#7087 = DIRECTION('',(0.,-1.,0.));
#7088 = ORIENTED_EDGE('',*,*,#7089,.T.);
#7089 = EDGE_CURVE('',#7082,#7090,#7092,.T.);
#7090 = VERTEX_POINT('',#7091);
#7091 = CARTESIAN_POINT('',(-1.9,0.4,0.75));
#7092 = LINE('',#7093,#7094);
#7093 = CARTESIAN_POINT('',(-1.9,0.4,1.3));
#7094 = VECTOR('',#7095,1.);
#7095 = DIRECTION('',(-5.046468293751E-17,6.18014124294E-33,-1.));
#7096 = ORIENTED_EDGE('',*,*,#7097,.T.);
#7097 = EDGE_CURVE('',#7090,#7098,#7100,.T.);
#7098 = VERTEX_POINT('',#7099);
#7099 = CARTESIAN_POINT('',(-1.9,-0.4,0.75));
#7100 = LINE('',#7101,#7102);
#7101 = CARTESIAN_POINT('',(-1.9,0.4,0.75));
#7102 = VECTOR('',#7103,1.);
#7103 = DIRECTION('',(-1.224646799147E-16,-1.,0.));
#7104 = ORIENTED_EDGE('',*,*,#7105,.F.);
#7105 = EDGE_CURVE('',#7106,#7098,#7108,.T.);
#7106 = VERTEX_POINT('',#7107);
#7107 = CARTESIAN_POINT('',(-1.9,-0.4,1.3));
#7108 = LINE('',#7109,#7110);
#7109 = CARTESIAN_POINT('',(-1.9,-0.4,1.3));
#7110 = VECTOR('',#7111,1.);
#7111 = DIRECTION('',(-5.046468293751E-17,6.18014124294E-33,-1.));
#7112 = ORIENTED_EDGE('',*,*,#7113,.T.);
#7113 = EDGE_CURVE('',#7106,#7114,#7116,.T.);
#7114 = VERTEX_POINT('',#7115);
#7115 = CARTESIAN_POINT('',(-1.9,-1.,1.3));
#7116 = LINE('',#7117,#7118);
#7117 = CARTESIAN_POINT('',(-1.9,1.4,1.3));
#7118 = VECTOR('',#7119,1.);
#7119 = DIRECTION('',(0.,-1.,0.));
#7120 = ORIENTED_EDGE('',*,*,#7121,.T.);
#7121 = EDGE_CURVE('',#7114,#7018,#7122,.T.);
#7122 = LINE('',#7123,#7124);
#7123 = CARTESIAN_POINT('',(-1.9,1.4,1.3));
#7124 = VECTOR('',#7125,1.);
#7125 = DIRECTION('',(0.,-1.,0.));
#7126 = ORIENTED_EDGE('',*,*,#7015,.F.);
#7127 = ORIENTED_EDGE('',*,*,#7128,.F.);
#7128 = EDGE_CURVE('',#7129,#7016,#7131,.T.);
#7129 = VERTEX_POINT('',#7130);
#7130 = CARTESIAN_POINT('',(-1.9,-1.1,0.));
#7131 = LINE('',#7132,#7133);
#7132 = CARTESIAN_POINT('',(-1.9,1.4,0.));
#7133 = VECTOR('',#7134,1.);
#7134 = DIRECTION('',(0.,-1.,0.));
#7135 = ORIENTED_EDGE('',*,*,#7136,.T.);
#7136 = EDGE_CURVE('',#7129,#7137,#7139,.T.);
#7137 = VERTEX_POINT('',#7138);
#7138 = CARTESIAN_POINT('',(-1.9,-1.1,0.15));
#7139 = LINE('',#7140,#7141);
#7140 = CARTESIAN_POINT('',(-1.9,-1.1,0.));
#7141 = VECTOR('',#7142,1.);
#7142 = DIRECTION('',(0.,0.,1.));
#7143 = ORIENTED_EDGE('',*,*,#7144,.F.);
#7144 = EDGE_CURVE('',#7145,#7137,#7147,.T.);
#7145 = VERTEX_POINT('',#7146);
#7146 = CARTESIAN_POINT('',(-1.9,-0.5,0.15));
#7147 = LINE('',#7148,#7149);
#7148 = CARTESIAN_POINT('',(-1.9,0.3,0.15));
#7149 = VECTOR('',#7150,1.);
#7150 = DIRECTION('',(0.,-1.,0.));
#7151 = ORIENTED_EDGE('',*,*,#7152,.T.);
#7152 = EDGE_CURVE('',#7145,#7153,#7155,.T.);
#7153 = VERTEX_POINT('',#7154);
#7154 = CARTESIAN_POINT('',(-1.9,-0.5,0.));
#7155 = LINE('',#7156,#7157);
#7156 = CARTESIAN_POINT('',(-1.9,-0.5,0.));
#7157 = VECTOR('',#7158,1.);
#7158 = DIRECTION('',(0.,0.,-1.));
#7159 = ORIENTED_EDGE('',*,*,#7160,.F.);
#7160 = EDGE_CURVE('',#7161,#7153,#7163,.T.);
#7161 = VERTEX_POINT('',#7162);
#7162 = CARTESIAN_POINT('',(-1.9,0.5,0.));
#7163 = LINE('',#7164,#7165);
#7164 = CARTESIAN_POINT('',(-1.9,1.4,0.));
#7165 = VECTOR('',#7166,1.);
#7166 = DIRECTION('',(0.,-1.,0.));
#7167 = ORIENTED_EDGE('',*,*,#7168,.T.);
#7168 = EDGE_CURVE('',#7161,#7169,#7171,.T.);
#7169 = VERTEX_POINT('',#7170);
#7170 = CARTESIAN_POINT('',(-1.9,0.5,0.15));
#7171 = LINE('',#7172,#7173);
#7172 = CARTESIAN_POINT('',(-1.9,0.5,0.));
#7173 = VECTOR('',#7174,1.);
#7174 = DIRECTION('',(0.,0.,1.));
#7175 = ORIENTED_EDGE('',*,*,#7176,.F.);
#7176 = EDGE_CURVE('',#7177,#7169,#7179,.T.);
#7177 = VERTEX_POINT('',#7178);
#7178 = CARTESIAN_POINT('',(-1.9,1.1,0.15));
#7179 = LINE('',#7180,#7181);
#7180 = CARTESIAN_POINT('',(-1.9,1.1,0.15));
#7181 = VECTOR('',#7182,1.);
#7182 = DIRECTION('',(0.,-1.,0.));
#7183 = ORIENTED_EDGE('',*,*,#7184,.T.);
#7184 = EDGE_CURVE('',#7177,#7058,#7185,.T.);
#7185 = LINE('',#7186,#7187);
#7186 = CARTESIAN_POINT('',(-1.9,1.1,0.));
#7187 = VECTOR('',#7188,1.);
#7188 = DIRECTION('',(0.,0.,-1.));
#7189 = PLANE('',#7190);
#7190 = AXIS2_PLACEMENT_3D('',#7191,#7192,#7193);
#7191 = CARTESIAN_POINT('',(-1.9,1.4,0.));
#7192 = DIRECTION('',(1.,0.,0.));
#7193 = DIRECTION('',(0.,-1.,0.));
#7194 = ADVANCED_FACE('',(#7195),#7332,.F.);
#7195 = FACE_BOUND('',#7196,.F.);
#7196 = EDGE_LOOP('',(#7197,#7205,#7206,#7214,#7222,#7230,#7238,#7246,
    #7254,#7262,#7270,#7278,#7286,#7294,#7302,#7310,#7318,#7326));
#7197 = ORIENTED_EDGE('',*,*,#7198,.F.);
#7198 = EDGE_CURVE('',#7034,#7199,#7201,.T.);
#7199 = VERTEX_POINT('',#7200);
#7200 = CARTESIAN_POINT('',(1.9,-1.1,0.));
#7201 = LINE('',#7202,#7203);
#7202 = CARTESIAN_POINT('',(1.9,-1.4,0.));
#7203 = VECTOR('',#7204,1.);
#7204 = DIRECTION('',(0.,1.,0.));
#7205 = ORIENTED_EDGE('',*,*,#7033,.T.);
#7206 = ORIENTED_EDGE('',*,*,#7207,.T.);
#7207 = EDGE_CURVE('',#7026,#7208,#7210,.T.);
#7208 = VERTEX_POINT('',#7209);
#7209 = CARTESIAN_POINT('',(1.9,-1.,1.3));
#7210 = LINE('',#7211,#7212);
#7211 = CARTESIAN_POINT('',(1.9,-1.4,1.3));
#7212 = VECTOR('',#7213,1.);
#7213 = DIRECTION('',(0.,1.,0.));
#7214 = ORIENTED_EDGE('',*,*,#7215,.T.);
#7215 = EDGE_CURVE('',#7208,#7216,#7218,.T.);
#7216 = VERTEX_POINT('',#7217);
#7217 = CARTESIAN_POINT('',(1.9,-0.4,1.3));
#7218 = LINE('',#7219,#7220);
#7219 = CARTESIAN_POINT('',(1.9,-1.4,1.3));
#7220 = VECTOR('',#7221,1.);
#7221 = DIRECTION('',(0.,1.,0.));
#7222 = ORIENTED_EDGE('',*,*,#7223,.T.);
#7223 = EDGE_CURVE('',#7216,#7224,#7226,.T.);
#7224 = VERTEX_POINT('',#7225);
#7225 = CARTESIAN_POINT('',(1.9,-0.4,0.75));
#7226 = LINE('',#7227,#7228);
#7227 = CARTESIAN_POINT('',(1.9,-0.4,1.3));
#7228 = VECTOR('',#7229,1.);
#7229 = DIRECTION('',(5.046468293751E-17,0.,-1.));
#7230 = ORIENTED_EDGE('',*,*,#7231,.T.);
#7231 = EDGE_CURVE('',#7224,#7232,#7234,.T.);
#7232 = VERTEX_POINT('',#7233);
#7233 = CARTESIAN_POINT('',(1.9,0.4,0.75));
#7234 = LINE('',#7235,#7236);
#7235 = CARTESIAN_POINT('',(1.9,-0.4,0.75));
#7236 = VECTOR('',#7237,1.);
#7237 = DIRECTION('',(0.,1.,0.));
#7238 = ORIENTED_EDGE('',*,*,#7239,.F.);
#7239 = EDGE_CURVE('',#7240,#7232,#7242,.T.);
#7240 = VERTEX_POINT('',#7241);
#7241 = CARTESIAN_POINT('',(1.9,0.4,1.3));
#7242 = LINE('',#7243,#7244);
#7243 = CARTESIAN_POINT('',(1.9,0.4,1.3));
#7244 = VECTOR('',#7245,1.);
#7245 = DIRECTION('',(5.046468293751E-17,0.,-1.));
#7246 = ORIENTED_EDGE('',*,*,#7247,.T.);
#7247 = EDGE_CURVE('',#7240,#7248,#7250,.T.);
#7248 = VERTEX_POINT('',#7249);
#7249 = CARTESIAN_POINT('',(1.9,1.,1.3));
#7250 = LINE('',#7251,#7252);
#7251 = CARTESIAN_POINT('',(1.9,-1.4,1.3));
#7252 = VECTOR('',#7253,1.);
#7253 = DIRECTION('',(0.,1.,0.));
#7254 = ORIENTED_EDGE('',*,*,#7255,.T.);
#7255 = EDGE_CURVE('',#7248,#7256,#7258,.T.);
#7256 = VERTEX_POINT('',#7257);
#7257 = CARTESIAN_POINT('',(1.9,1.4,1.3));
#7258 = LINE('',#7259,#7260);
#7259 = CARTESIAN_POINT('',(1.9,-1.4,1.3));
#7260 = VECTOR('',#7261,1.);
#7261 = DIRECTION('',(0.,1.,0.));
#7262 = ORIENTED_EDGE('',*,*,#7263,.F.);
#7263 = EDGE_CURVE('',#7264,#7256,#7266,.T.);
#7264 = VERTEX_POINT('',#7265);
#7265 = CARTESIAN_POINT('',(1.9,1.4,0.));
#7266 = LINE('',#7267,#7268);
#7267 = CARTESIAN_POINT('',(1.9,1.4,0.));
#7268 = VECTOR('',#7269,1.);
#7269 = DIRECTION('',(0.,0.,1.));
#7270 = ORIENTED_EDGE('',*,*,#7271,.F.);
#7271 = EDGE_CURVE('',#7272,#7264,#7274,.T.);
#7272 = VERTEX_POINT('',#7273);
#7273 = CARTESIAN_POINT('',(1.9,1.1,0.));
#7274 = LINE('',#7275,#7276);
#7275 = CARTESIAN_POINT('',(1.9,-1.4,0.));
#7276 = VECTOR('',#7277,1.);
#7277 = DIRECTION('',(0.,1.,0.));
#7278 = ORIENTED_EDGE('',*,*,#7279,.T.);
#7279 = EDGE_CURVE('',#7272,#7280,#7282,.T.);
#7280 = VERTEX_POINT('',#7281);
#7281 = CARTESIAN_POINT('',(1.9,1.1,0.15));
#7282 = LINE('',#7283,#7284);
#7283 = CARTESIAN_POINT('',(1.9,1.1,0.));
#7284 = VECTOR('',#7285,1.);
#7285 = DIRECTION('',(0.,0.,1.));
#7286 = ORIENTED_EDGE('',*,*,#7287,.F.);
#7287 = EDGE_CURVE('',#7288,#7280,#7290,.T.);
#7288 = VERTEX_POINT('',#7289);
#7289 = CARTESIAN_POINT('',(1.9,0.5,0.15));
#7290 = LINE('',#7291,#7292);
#7291 = CARTESIAN_POINT('',(1.9,-0.3,0.15));
#7292 = VECTOR('',#7293,1.);
#7293 = DIRECTION('',(0.,1.,0.));
#7294 = ORIENTED_EDGE('',*,*,#7295,.T.);
#7295 = EDGE_CURVE('',#7288,#7296,#7298,.T.);
#7296 = VERTEX_POINT('',#7297);
#7297 = CARTESIAN_POINT('',(1.9,0.5,0.));
#7298 = LINE('',#7299,#7300);
#7299 = CARTESIAN_POINT('',(1.9,0.5,0.));
#7300 = VECTOR('',#7301,1.);
#7301 = DIRECTION('',(0.,0.,-1.));
#7302 = ORIENTED_EDGE('',*,*,#7303,.F.);
#7303 = EDGE_CURVE('',#7304,#7296,#7306,.T.);
#7304 = VERTEX_POINT('',#7305);
#7305 = CARTESIAN_POINT('',(1.9,-0.5,0.));
#7306 = LINE('',#7307,#7308);
#7307 = CARTESIAN_POINT('',(1.9,-1.4,0.));
#7308 = VECTOR('',#7309,1.);
#7309 = DIRECTION('',(0.,1.,0.));
#7310 = ORIENTED_EDGE('',*,*,#7311,.T.);
#7311 = EDGE_CURVE('',#7304,#7312,#7314,.T.);
#7312 = VERTEX_POINT('',#7313);
#7313 = CARTESIAN_POINT('',(1.9,-0.5,0.15));
#7314 = LINE('',#7315,#7316);
#7315 = CARTESIAN_POINT('',(1.9,-0.5,0.));
#7316 = VECTOR('',#7317,1.);
#7317 = DIRECTION('',(0.,0.,1.));
#7318 = ORIENTED_EDGE('',*,*,#7319,.F.);
#7319 = EDGE_CURVE('',#7320,#7312,#7322,.T.);
#7320 = VERTEX_POINT('',#7321);
#7321 = CARTESIAN_POINT('',(1.9,-1.1,0.15));
#7322 = LINE('',#7323,#7324);
#7323 = CARTESIAN_POINT('',(1.9,-1.1,0.15));
#7324 = VECTOR('',#7325,1.);
#7325 = DIRECTION('',(0.,1.,0.));
#7326 = ORIENTED_EDGE('',*,*,#7327,.T.);
#7327 = EDGE_CURVE('',#7320,#7199,#7328,.T.);
#7328 = LINE('',#7329,#7330);
#7329 = CARTESIAN_POINT('',(1.9,-1.1,0.));
#7330 = VECTOR('',#7331,1.);
#7331 = DIRECTION('',(0.,0.,-1.));
#7332 = PLANE('',#7333);
#7333 = AXIS2_PLACEMENT_3D('',#7334,#7335,#7336);
#7334 = CARTESIAN_POINT('',(1.9,-1.4,0.));
#7335 = DIRECTION('',(-1.,0.,0.));
#7336 = DIRECTION('',(0.,1.,0.));
#7337 = ADVANCED_FACE('',(#7338),#7441,.F.);
#7338 = FACE_BOUND('',#7339,.F.);
#7339 = EDGE_LOOP('',(#7340,#7348,#7349,#7357,#7365,#7371,#7372,#7373,
    #7374,#7382,#7390,#7396,#7397,#7405,#7413,#7419,#7420,#7426,#7427,
    #7435));
#7340 = ORIENTED_EDGE('',*,*,#7341,.F.);
#7341 = EDGE_CURVE('',#7161,#7342,#7344,.T.);
#7342 = VERTEX_POINT('',#7343);
#7343 = CARTESIAN_POINT('',(-1.7,0.5,0.));
#7344 = LINE('',#7345,#7346);
#7345 = CARTESIAN_POINT('',(-2.3,0.5,0.));
#7346 = VECTOR('',#7347,1.);
#7347 = DIRECTION('',(1.,-1.224646799147E-16,0.));
#7348 = ORIENTED_EDGE('',*,*,#7160,.T.);
#7349 = ORIENTED_EDGE('',*,*,#7350,.F.);
#7350 = EDGE_CURVE('',#7351,#7153,#7353,.T.);
#7351 = VERTEX_POINT('',#7352);
#7352 = CARTESIAN_POINT('',(-1.7,-0.5,0.));
#7353 = LINE('',#7354,#7355);
#7354 = CARTESIAN_POINT('',(-1.7,-0.5,0.));
#7355 = VECTOR('',#7356,1.);
#7356 = DIRECTION('',(-1.,1.224646799147E-16,0.));
#7357 = ORIENTED_EDGE('',*,*,#7358,.F.);
#7358 = EDGE_CURVE('',#7359,#7351,#7361,.T.);
#7359 = VERTEX_POINT('',#7360);
#7360 = CARTESIAN_POINT('',(-1.7,-1.1,0.));
#7361 = LINE('',#7362,#7363);
#7362 = CARTESIAN_POINT('',(-1.7,-1.1,0.));
#7363 = VECTOR('',#7364,1.);
#7364 = DIRECTION('',(1.224646799147E-16,1.,0.));
#7365 = ORIENTED_EDGE('',*,*,#7366,.F.);
#7366 = EDGE_CURVE('',#7129,#7359,#7367,.T.);
#7367 = LINE('',#7368,#7369);
#7368 = CARTESIAN_POINT('',(-2.3,-1.1,0.));
#7369 = VECTOR('',#7370,1.);
#7370 = DIRECTION('',(1.,-1.224646799147E-16,0.));
#7371 = ORIENTED_EDGE('',*,*,#7128,.T.);
#7372 = ORIENTED_EDGE('',*,*,#7041,.T.);
#7373 = ORIENTED_EDGE('',*,*,#7198,.T.);
#7374 = ORIENTED_EDGE('',*,*,#7375,.F.);
#7375 = EDGE_CURVE('',#7376,#7199,#7378,.T.);
#7376 = VERTEX_POINT('',#7377);
#7377 = CARTESIAN_POINT('',(1.7,-1.1,0.));
#7378 = LINE('',#7379,#7380);
#7379 = CARTESIAN_POINT('',(1.7,-1.1,0.));
#7380 = VECTOR('',#7381,1.);
#7381 = DIRECTION('',(1.,0.,0.));
#7382 = ORIENTED_EDGE('',*,*,#7383,.F.);
#7383 = EDGE_CURVE('',#7384,#7376,#7386,.T.);
#7384 = VERTEX_POINT('',#7385);
#7385 = CARTESIAN_POINT('',(1.7,-0.5,0.));
#7386 = LINE('',#7387,#7388);
#7387 = CARTESIAN_POINT('',(1.7,-0.5,0.));
#7388 = VECTOR('',#7389,1.);
#7389 = DIRECTION('',(0.,-1.,0.));
#7390 = ORIENTED_EDGE('',*,*,#7391,.F.);
#7391 = EDGE_CURVE('',#7304,#7384,#7392,.T.);
#7392 = LINE('',#7393,#7394);
#7393 = CARTESIAN_POINT('',(2.3,-0.5,0.));
#7394 = VECTOR('',#7395,1.);
#7395 = DIRECTION('',(-1.,0.,0.));
#7396 = ORIENTED_EDGE('',*,*,#7303,.T.);
#7397 = ORIENTED_EDGE('',*,*,#7398,.F.);
#7398 = EDGE_CURVE('',#7399,#7296,#7401,.T.);
#7399 = VERTEX_POINT('',#7400);
#7400 = CARTESIAN_POINT('',(1.7,0.5,0.));
#7401 = LINE('',#7402,#7403);
#7402 = CARTESIAN_POINT('',(1.7,0.5,0.));
#7403 = VECTOR('',#7404,1.);
#7404 = DIRECTION('',(1.,0.,0.));
#7405 = ORIENTED_EDGE('',*,*,#7406,.F.);
#7406 = EDGE_CURVE('',#7407,#7399,#7409,.T.);
#7407 = VERTEX_POINT('',#7408);
#7408 = CARTESIAN_POINT('',(1.7,1.1,0.));
#7409 = LINE('',#7410,#7411);
#7410 = CARTESIAN_POINT('',(1.7,1.1,0.));
#7411 = VECTOR('',#7412,1.);
#7412 = DIRECTION('',(0.,-1.,0.));
#7413 = ORIENTED_EDGE('',*,*,#7414,.F.);
#7414 = EDGE_CURVE('',#7272,#7407,#7415,.T.);
#7415 = LINE('',#7416,#7417);
#7416 = CARTESIAN_POINT('',(2.3,1.1,0.));
#7417 = VECTOR('',#7418,1.);
#7418 = DIRECTION('',(-1.,0.,0.));
#7419 = ORIENTED_EDGE('',*,*,#7271,.T.);
#7420 = ORIENTED_EDGE('',*,*,#7421,.T.);
#7421 = EDGE_CURVE('',#7264,#7056,#7422,.T.);
#7422 = LINE('',#7423,#7424);
#7423 = CARTESIAN_POINT('',(1.9,1.4,0.));
#7424 = VECTOR('',#7425,1.);
#7425 = DIRECTION('',(-1.,0.,0.));
#7426 = ORIENTED_EDGE('',*,*,#7055,.T.);
#7427 = ORIENTED_EDGE('',*,*,#7428,.F.);
#7428 = EDGE_CURVE('',#7429,#7058,#7431,.T.);
#7429 = VERTEX_POINT('',#7430);
#7430 = CARTESIAN_POINT('',(-1.7,1.1,0.));
#7431 = LINE('',#7432,#7433);
#7432 = CARTESIAN_POINT('',(-1.7,1.1,0.));
#7433 = VECTOR('',#7434,1.);
#7434 = DIRECTION('',(-1.,1.224646799147E-16,0.));
#7435 = ORIENTED_EDGE('',*,*,#7436,.F.);
#7436 = EDGE_CURVE('',#7342,#7429,#7437,.T.);
#7437 = LINE('',#7438,#7439);
#7438 = CARTESIAN_POINT('',(-1.7,0.5,0.));
#7439 = VECTOR('',#7440,1.);
#7440 = DIRECTION('',(1.224646799147E-16,1.,0.));
#7441 = PLANE('',#7442);
#7442 = AXIS2_PLACEMENT_3D('',#7443,#7444,#7445);
#7443 = CARTESIAN_POINT('',(6.728624391668E-17,0.,0.));
#7444 = DIRECTION('',(0.,0.,1.));
#7445 = DIRECTION('',(1.,0.,-0.));
#7446 = ADVANCED_FACE('',(#7447),#7554,.T.);
#7447 = FACE_BOUND('',#7448,.T.);
#7448 = EDGE_LOOP('',(#7449,#7450,#7451,#7452,#7460,#7468,#7476,#7484,
    #7492,#7500,#7508,#7516,#7524,#7532,#7540,#7548));
#7449 = ORIENTED_EDGE('',*,*,#7121,.T.);
#7450 = ORIENTED_EDGE('',*,*,#7025,.T.);
#7451 = ORIENTED_EDGE('',*,*,#7207,.T.);
#7452 = ORIENTED_EDGE('',*,*,#7453,.T.);
#7453 = EDGE_CURVE('',#7208,#7454,#7456,.T.);
#7454 = VERTEX_POINT('',#7455);
#7455 = CARTESIAN_POINT('',(1.85,-1.,1.3));
#7456 = LINE('',#7457,#7458);
#7457 = CARTESIAN_POINT('',(2.1,-1.,1.3));
#7458 = VECTOR('',#7459,1.);
#7459 = DIRECTION('',(-1.,-0.,-0.));
#7460 = ORIENTED_EDGE('',*,*,#7461,.T.);
#7461 = EDGE_CURVE('',#7454,#7462,#7464,.T.);
#7462 = VERTEX_POINT('',#7463);
#7463 = CARTESIAN_POINT('',(1.85,-1.3125,1.3));
#7464 = LINE('',#7465,#7466);
#7465 = CARTESIAN_POINT('',(1.85,-0.4,1.3));
#7466 = VECTOR('',#7467,1.);
#7467 = DIRECTION('',(2.433365533425E-16,-1.,0.));
#7468 = ORIENTED_EDGE('',*,*,#7469,.F.);
#7469 = EDGE_CURVE('',#7470,#7462,#7472,.T.);
#7470 = VERTEX_POINT('',#7471);
#7471 = CARTESIAN_POINT('',(1.35,-1.3125,1.3));
#7472 = LINE('',#7473,#7474);
#7473 = CARTESIAN_POINT('',(1.35,-1.3125,1.3));
#7474 = VECTOR('',#7475,1.);
#7475 = DIRECTION('',(1.,1.110223024625E-16,0.));
#7476 = ORIENTED_EDGE('',*,*,#7477,.F.);
#7477 = EDGE_CURVE('',#7478,#7470,#7480,.T.);
#7478 = VERTEX_POINT('',#7479);
#7479 = CARTESIAN_POINT('',(1.35,-1.2125,1.3));
#7480 = LINE('',#7481,#7482);
#7481 = CARTESIAN_POINT('',(1.35,-1.2125,1.3));
#7482 = VECTOR('',#7483,1.);
#7483 = DIRECTION('',(1.110223024625E-16,-1.,0.));
#7484 = ORIENTED_EDGE('',*,*,#7485,.F.);
#7485 = EDGE_CURVE('',#7486,#7478,#7488,.T.);
#7486 = VERTEX_POINT('',#7487);
#7487 = CARTESIAN_POINT('',(0.5,-1.2125,1.3));
#7488 = LINE('',#7489,#7490);
#7489 = CARTESIAN_POINT('',(-1.85,-1.2125,1.3));
#7490 = VECTOR('',#7491,1.);
#7491 = DIRECTION('',(1.,0.,0.));
#7492 = ORIENTED_EDGE('',*,*,#7493,.F.);
#7493 = EDGE_CURVE('',#7494,#7486,#7496,.T.);
#7494 = VERTEX_POINT('',#7495);
#7495 = CARTESIAN_POINT('',(0.25,-1.3125,1.3));
#7496 = LINE('',#7497,#7498);
#7497 = CARTESIAN_POINT('',(0.25,-1.3125,1.3));
#7498 = VECTOR('',#7499,1.);
#7499 = DIRECTION('',(0.928476690885,0.371390676354,0.));
#7500 = ORIENTED_EDGE('',*,*,#7501,.F.);
#7501 = EDGE_CURVE('',#7502,#7494,#7504,.T.);
#7502 = VERTEX_POINT('',#7503);
#7503 = CARTESIAN_POINT('',(-0.25,-1.3125,1.3));
#7504 = LINE('',#7505,#7506);
#7505 = CARTESIAN_POINT('',(-0.25,-1.3125,1.3));
#7506 = VECTOR('',#7507,1.);
#7507 = DIRECTION('',(1.,1.110223024625E-16,0.));
#7508 = ORIENTED_EDGE('',*,*,#7509,.F.);
#7509 = EDGE_CURVE('',#7510,#7502,#7512,.T.);
#7510 = VERTEX_POINT('',#7511);
#7511 = CARTESIAN_POINT('',(-0.5,-1.2125,1.3));
#7512 = LINE('',#7513,#7514);
#7513 = CARTESIAN_POINT('',(-0.5,-1.2125,1.3));
#7514 = VECTOR('',#7515,1.);
#7515 = DIRECTION('',(0.928476690885,-0.371390676354,0.));
#7516 = ORIENTED_EDGE('',*,*,#7517,.F.);
#7517 = EDGE_CURVE('',#7518,#7510,#7520,.T.);
#7518 = VERTEX_POINT('',#7519);
#7519 = CARTESIAN_POINT('',(-1.35,-1.2125,1.3));
#7520 = LINE('',#7521,#7522);
#7521 = CARTESIAN_POINT('',(-1.85,-1.2125,1.3));
#7522 = VECTOR('',#7523,1.);
#7523 = DIRECTION('',(1.,0.,0.));
#7524 = ORIENTED_EDGE('',*,*,#7525,.F.);
#7525 = EDGE_CURVE('',#7526,#7518,#7528,.T.);
#7526 = VERTEX_POINT('',#7527);
#7527 = CARTESIAN_POINT('',(-1.35,-1.3125,1.3));
#7528 = LINE('',#7529,#7530);
#7529 = CARTESIAN_POINT('',(-1.35,-1.3125,1.3));
#7530 = VECTOR('',#7531,1.);
#7531 = DIRECTION('',(-1.110223024625E-16,1.,0.));
#7532 = ORIENTED_EDGE('',*,*,#7533,.F.);
#7533 = EDGE_CURVE('',#7534,#7526,#7536,.T.);
#7534 = VERTEX_POINT('',#7535);
#7535 = CARTESIAN_POINT('',(-1.85,-1.3125,1.3));
#7536 = LINE('',#7537,#7538);
#7537 = CARTESIAN_POINT('',(-1.85,-1.3125,1.3));
#7538 = VECTOR('',#7539,1.);
#7539 = DIRECTION('',(1.,1.110223024625E-16,0.));
#7540 = ORIENTED_EDGE('',*,*,#7541,.T.);
#7541 = EDGE_CURVE('',#7534,#7542,#7544,.T.);
#7542 = VERTEX_POINT('',#7543);
#7543 = CARTESIAN_POINT('',(-1.85,-1.,1.3));
#7544 = LINE('',#7545,#7546);
#7545 = CARTESIAN_POINT('',(-1.85,-1.3125,1.3));
#7546 = VECTOR('',#7547,1.);
#7547 = DIRECTION('',(-2.433365533425E-16,1.,0.));
#7548 = ORIENTED_EDGE('',*,*,#7549,.F.);
#7549 = EDGE_CURVE('',#7114,#7542,#7550,.T.);
#7550 = LINE('',#7551,#7552);
#7551 = CARTESIAN_POINT('',(-2.1,-1.,1.3));
#7552 = VECTOR('',#7553,1.);
#7553 = DIRECTION('',(1.,-1.224646799147E-16,0.));
#7554 = PLANE('',#7555);
#7555 = AXIS2_PLACEMENT_3D('',#7556,#7557,#7558);
#7556 = CARTESIAN_POINT('',(6.728624391668E-17,0.,1.3));
#7557 = DIRECTION('',(0.,0.,1.));
#7558 = DIRECTION('',(1.,0.,-0.));
#7559 = ADVANCED_FACE('',(#7560),#7585,.F.);
#7560 = FACE_BOUND('',#7561,.F.);
#7561 = EDGE_LOOP('',(#7562,#7570,#7571,#7579));
#7562 = ORIENTED_EDGE('',*,*,#7563,.F.);
#7563 = EDGE_CURVE('',#7058,#7564,#7566,.T.);
#7564 = VERTEX_POINT('',#7565);
#7565 = CARTESIAN_POINT('',(-2.3,1.1,0.));
#7566 = LINE('',#7567,#7568);
#7567 = CARTESIAN_POINT('',(-1.7,1.1,0.));
#7568 = VECTOR('',#7569,1.);
#7569 = DIRECTION('',(-1.,1.224646799147E-16,0.));
#7570 = ORIENTED_EDGE('',*,*,#7184,.F.);
#7571 = ORIENTED_EDGE('',*,*,#7572,.T.);
#7572 = EDGE_CURVE('',#7177,#7573,#7575,.T.);
#7573 = VERTEX_POINT('',#7574);
#7574 = CARTESIAN_POINT('',(-2.3,1.1,0.15));
#7575 = LINE('',#7576,#7577);
#7576 = CARTESIAN_POINT('',(-1.7,1.1,0.15));
#7577 = VECTOR('',#7578,1.);
#7578 = DIRECTION('',(-1.,1.224646799147E-16,0.));
#7579 = ORIENTED_EDGE('',*,*,#7580,.F.);
#7580 = EDGE_CURVE('',#7564,#7573,#7581,.T.);
#7581 = LINE('',#7582,#7583);
#7582 = CARTESIAN_POINT('',(-2.3,1.1,0.));
#7583 = VECTOR('',#7584,1.);
#7584 = DIRECTION('',(0.,0.,1.));
#7585 = PLANE('',#7586);
#7586 = AXIS2_PLACEMENT_3D('',#7587,#7588,#7589);
#7587 = CARTESIAN_POINT('',(-1.7,1.1,0.));
#7588 = DIRECTION('',(-1.224646799147E-16,-1.,0.));
#7589 = DIRECTION('',(-1.,1.224646799147E-16,0.));
#7590 = ADVANCED_FACE('',(#7591),#7609,.T.);
#7591 = FACE_BOUND('',#7592,.T.);
#7592 = EDGE_LOOP('',(#7593,#7594,#7595,#7603));
#7593 = ORIENTED_EDGE('',*,*,#7176,.F.);
#7594 = ORIENTED_EDGE('',*,*,#7572,.T.);
#7595 = ORIENTED_EDGE('',*,*,#7596,.T.);
#7596 = EDGE_CURVE('',#7573,#7597,#7599,.T.);
#7597 = VERTEX_POINT('',#7598);
#7598 = CARTESIAN_POINT('',(-2.3,0.5,0.15));
#7599 = LINE('',#7600,#7601);
#7600 = CARTESIAN_POINT('',(-2.3,1.1,0.15));
#7601 = VECTOR('',#7602,1.);
#7602 = DIRECTION('',(-1.224646799147E-16,-1.,0.));
#7603 = ORIENTED_EDGE('',*,*,#7604,.T.);
#7604 = EDGE_CURVE('',#7597,#7169,#7605,.T.);
#7605 = LINE('',#7606,#7607);
#7606 = CARTESIAN_POINT('',(-2.3,0.5,0.15));
#7607 = VECTOR('',#7608,1.);
#7608 = DIRECTION('',(1.,-1.224646799147E-16,0.));
#7609 = PLANE('',#7610);
#7610 = AXIS2_PLACEMENT_3D('',#7611,#7612,#7613);
#7611 = CARTESIAN_POINT('',(-2.,0.8,0.15));
#7612 = DIRECTION('',(0.,0.,1.));
#7613 = DIRECTION('',(-1.,1.224646799147E-16,0.));
#7614 = ADVANCED_FACE('',(#7615),#7633,.F.);
#7615 = FACE_BOUND('',#7616,.F.);
#7616 = EDGE_LOOP('',(#7617,#7625,#7631,#7632));
#7617 = ORIENTED_EDGE('',*,*,#7618,.F.);
#7618 = EDGE_CURVE('',#7619,#7161,#7621,.T.);
#7619 = VERTEX_POINT('',#7620);
#7620 = CARTESIAN_POINT('',(-2.3,0.5,0.));
#7621 = LINE('',#7622,#7623);
#7622 = CARTESIAN_POINT('',(-2.3,0.5,0.));
#7623 = VECTOR('',#7624,1.);
#7624 = DIRECTION('',(1.,-1.224646799147E-16,0.));
#7625 = ORIENTED_EDGE('',*,*,#7626,.T.);
#7626 = EDGE_CURVE('',#7619,#7597,#7627,.T.);
#7627 = LINE('',#7628,#7629);
#7628 = CARTESIAN_POINT('',(-2.3,0.5,0.));
#7629 = VECTOR('',#7630,1.);
#7630 = DIRECTION('',(0.,0.,1.));
#7631 = ORIENTED_EDGE('',*,*,#7604,.T.);
#7632 = ORIENTED_EDGE('',*,*,#7168,.F.);
#7633 = PLANE('',#7634);
#7634 = AXIS2_PLACEMENT_3D('',#7635,#7636,#7637);
#7635 = CARTESIAN_POINT('',(-2.3,0.5,0.));
#7636 = DIRECTION('',(1.224646799147E-16,1.,0.));
#7637 = DIRECTION('',(1.,-1.224646799147E-16,0.));
#7638 = ADVANCED_FACE('',(#7639),#7664,.F.);
#7639 = FACE_BOUND('',#7640,.F.);
#7640 = EDGE_LOOP('',(#7641,#7649,#7650,#7658));
#7641 = ORIENTED_EDGE('',*,*,#7642,.F.);
#7642 = EDGE_CURVE('',#7153,#7643,#7645,.T.);
#7643 = VERTEX_POINT('',#7644);
#7644 = CARTESIAN_POINT('',(-2.3,-0.5,0.));
#7645 = LINE('',#7646,#7647);
#7646 = CARTESIAN_POINT('',(-1.7,-0.5,0.));
#7647 = VECTOR('',#7648,1.);
#7648 = DIRECTION('',(-1.,1.224646799147E-16,0.));
#7649 = ORIENTED_EDGE('',*,*,#7152,.F.);
#7650 = ORIENTED_EDGE('',*,*,#7651,.T.);
#7651 = EDGE_CURVE('',#7145,#7652,#7654,.T.);
#7652 = VERTEX_POINT('',#7653);
#7653 = CARTESIAN_POINT('',(-2.3,-0.5,0.15));
#7654 = LINE('',#7655,#7656);
#7655 = CARTESIAN_POINT('',(-1.7,-0.5,0.15));
#7656 = VECTOR('',#7657,1.);
#7657 = DIRECTION('',(-1.,1.224646799147E-16,0.));
#7658 = ORIENTED_EDGE('',*,*,#7659,.F.);
#7659 = EDGE_CURVE('',#7643,#7652,#7660,.T.);
#7660 = LINE('',#7661,#7662);
#7661 = CARTESIAN_POINT('',(-2.3,-0.5,0.));
#7662 = VECTOR('',#7663,1.);
#7663 = DIRECTION('',(0.,0.,1.));
#7664 = PLANE('',#7665);
#7665 = AXIS2_PLACEMENT_3D('',#7666,#7667,#7668);
#7666 = CARTESIAN_POINT('',(-1.7,-0.5,0.));
#7667 = DIRECTION('',(-1.224646799147E-16,-1.,0.));
#7668 = DIRECTION('',(-1.,1.224646799147E-16,0.));
#7669 = ADVANCED_FACE('',(#7670),#7688,.T.);
#7670 = FACE_BOUND('',#7671,.T.);
#7671 = EDGE_LOOP('',(#7672,#7673,#7674,#7682));
#7672 = ORIENTED_EDGE('',*,*,#7144,.F.);
#7673 = ORIENTED_EDGE('',*,*,#7651,.T.);
#7674 = ORIENTED_EDGE('',*,*,#7675,.T.);
#7675 = EDGE_CURVE('',#7652,#7676,#7678,.T.);
#7676 = VERTEX_POINT('',#7677);
#7677 = CARTESIAN_POINT('',(-2.3,-1.1,0.15));
#7678 = LINE('',#7679,#7680);
#7679 = CARTESIAN_POINT('',(-2.3,-0.5,0.15));
#7680 = VECTOR('',#7681,1.);
#7681 = DIRECTION('',(-1.224646799147E-16,-1.,0.));
#7682 = ORIENTED_EDGE('',*,*,#7683,.T.);
#7683 = EDGE_CURVE('',#7676,#7137,#7684,.T.);
#7684 = LINE('',#7685,#7686);
#7685 = CARTESIAN_POINT('',(-2.3,-1.1,0.15));
#7686 = VECTOR('',#7687,1.);
#7687 = DIRECTION('',(1.,-1.224646799147E-16,0.));
#7688 = PLANE('',#7689);
#7689 = AXIS2_PLACEMENT_3D('',#7690,#7691,#7692);
#7690 = CARTESIAN_POINT('',(-2.,-0.8,0.15));
#7691 = DIRECTION('',(0.,0.,1.));
#7692 = DIRECTION('',(-1.,1.224646799147E-16,0.));
#7693 = ADVANCED_FACE('',(#7694),#7712,.F.);
#7694 = FACE_BOUND('',#7695,.F.);
#7695 = EDGE_LOOP('',(#7696,#7704,#7710,#7711));
#7696 = ORIENTED_EDGE('',*,*,#7697,.F.);
#7697 = EDGE_CURVE('',#7698,#7129,#7700,.T.);
#7698 = VERTEX_POINT('',#7699);
#7699 = CARTESIAN_POINT('',(-2.3,-1.1,0.));
#7700 = LINE('',#7701,#7702);
#7701 = CARTESIAN_POINT('',(-2.3,-1.1,0.));
#7702 = VECTOR('',#7703,1.);
#7703 = DIRECTION('',(1.,-1.224646799147E-16,0.));
#7704 = ORIENTED_EDGE('',*,*,#7705,.T.);
#7705 = EDGE_CURVE('',#7698,#7676,#7706,.T.);
#7706 = LINE('',#7707,#7708);
#7707 = CARTESIAN_POINT('',(-2.3,-1.1,0.));
#7708 = VECTOR('',#7709,1.);
#7709 = DIRECTION('',(0.,0.,1.));
#7710 = ORIENTED_EDGE('',*,*,#7683,.T.);
#7711 = ORIENTED_EDGE('',*,*,#7136,.F.);
#7712 = PLANE('',#7713);
#7713 = AXIS2_PLACEMENT_3D('',#7714,#7715,#7716);
#7714 = CARTESIAN_POINT('',(-2.3,-1.1,0.));
#7715 = DIRECTION('',(1.224646799147E-16,1.,0.));
#7716 = DIRECTION('',(1.,-1.224646799147E-16,0.));
#7717 = ADVANCED_FACE('',(#7718),#7743,.F.);
#7718 = FACE_BOUND('',#7719,.F.);
#7719 = EDGE_LOOP('',(#7720,#7721,#7729,#7737));
#7720 = ORIENTED_EDGE('',*,*,#7113,.F.);
#7721 = ORIENTED_EDGE('',*,*,#7722,.F.);
#7722 = EDGE_CURVE('',#7723,#7106,#7725,.T.);
#7723 = VERTEX_POINT('',#7724);
#7724 = CARTESIAN_POINT('',(-2.,-0.4,1.3));
#7725 = LINE('',#7726,#7727);
#7726 = CARTESIAN_POINT('',(-2.1,-0.4,1.3));
#7727 = VECTOR('',#7728,1.);
#7728 = DIRECTION('',(1.,-1.224646799147E-16,0.));
#7729 = ORIENTED_EDGE('',*,*,#7730,.T.);
#7730 = EDGE_CURVE('',#7723,#7731,#7733,.T.);
#7731 = VERTEX_POINT('',#7732);
#7732 = CARTESIAN_POINT('',(-2.,-1.,1.3));
#7733 = LINE('',#7734,#7735);
#7734 = CARTESIAN_POINT('',(-2.,-0.4,1.3));
#7735 = VECTOR('',#7736,1.);
#7736 = DIRECTION('',(-1.224646799147E-16,-1.,0.));
#7737 = ORIENTED_EDGE('',*,*,#7738,.T.);
#7738 = EDGE_CURVE('',#7731,#7114,#7739,.T.);
#7739 = LINE('',#7740,#7741);
#7740 = CARTESIAN_POINT('',(-2.1,-1.,1.3));
#7741 = VECTOR('',#7742,1.);
#7742 = DIRECTION('',(1.,-1.224646799147E-16,0.));
#7743 = PLANE('',#7744);
#7744 = AXIS2_PLACEMENT_3D('',#7745,#7746,#7747);
#7745 = CARTESIAN_POINT('',(0.,0.,1.3));
#7746 = DIRECTION('',(0.,0.,1.));
#7747 = DIRECTION('',(1.,0.,-0.));
#7748 = ADVANCED_FACE('',(#7749),#7774,.F.);
#7749 = FACE_BOUND('',#7750,.F.);
#7750 = EDGE_LOOP('',(#7751,#7752,#7760,#7768));
#7751 = ORIENTED_EDGE('',*,*,#7105,.T.);
#7752 = ORIENTED_EDGE('',*,*,#7753,.T.);
#7753 = EDGE_CURVE('',#7098,#7754,#7756,.T.);
#7754 = VERTEX_POINT('',#7755);
#7755 = CARTESIAN_POINT('',(-2.,-0.4,0.75));
#7756 = LINE('',#7757,#7758);
#7757 = CARTESIAN_POINT('',(-1.9,-0.4,0.75));
#7758 = VECTOR('',#7759,1.);
#7759 = DIRECTION('',(-1.,1.224646799147E-16,0.));
#7760 = ORIENTED_EDGE('',*,*,#7761,.T.);
#7761 = EDGE_CURVE('',#7754,#7762,#7764,.T.);
#7762 = VERTEX_POINT('',#7763);
#7763 = CARTESIAN_POINT('',(-2.,-0.4,1.175));
#7764 = LINE('',#7765,#7766);
#7765 = CARTESIAN_POINT('',(-2.,-0.4,0.75));
#7766 = VECTOR('',#7767,1.);
#7767 = DIRECTION('',(0.,0.,1.));
#7768 = ORIENTED_EDGE('',*,*,#7769,.T.);
#7769 = EDGE_CURVE('',#7762,#7106,#7770,.T.);
#7770 = LINE('',#7771,#7772);
#7771 = CARTESIAN_POINT('',(-2.1,-0.4,1.05));
#7772 = VECTOR('',#7773,1.);
#7773 = DIRECTION('',(0.624695047554,-7.650307904309E-17,0.780868809443)
  );
#7774 = PLANE('',#7775);
#7775 = AXIS2_PLACEMENT_3D('',#7776,#7777,#7778);
#7776 = CARTESIAN_POINT('',(-1.981753905297,-0.4,0.992539052968));
#7777 = DIRECTION('',(1.224646799147E-16,1.,0.));
#7778 = DIRECTION('',(0.,0.,-1.));
#7779 = ADVANCED_FACE('',(#7780),#7798,.F.);
#7780 = FACE_BOUND('',#7781,.F.);
#7781 = EDGE_LOOP('',(#7782,#7783,#7791,#7797));
#7782 = ORIENTED_EDGE('',*,*,#7097,.F.);
#7783 = ORIENTED_EDGE('',*,*,#7784,.T.);
#7784 = EDGE_CURVE('',#7090,#7785,#7787,.T.);
#7785 = VERTEX_POINT('',#7786);
#7786 = CARTESIAN_POINT('',(-2.,0.4,0.75));
#7787 = LINE('',#7788,#7789);
#7788 = CARTESIAN_POINT('',(-1.9,0.4,0.75));
#7789 = VECTOR('',#7790,1.);
#7790 = DIRECTION('',(-1.,1.224646799147E-16,0.));
#7791 = ORIENTED_EDGE('',*,*,#7792,.T.);
#7792 = EDGE_CURVE('',#7785,#7754,#7793,.T.);
#7793 = LINE('',#7794,#7795);
#7794 = CARTESIAN_POINT('',(-2.,0.4,0.75));
#7795 = VECTOR('',#7796,1.);
#7796 = DIRECTION('',(-1.224646799147E-16,-1.,0.));
#7797 = ORIENTED_EDGE('',*,*,#7753,.F.);
#7798 = PLANE('',#7799);
#7799 = AXIS2_PLACEMENT_3D('',#7800,#7801,#7802);
#7800 = CARTESIAN_POINT('',(-1.9,-0.4,0.75));
#7801 = DIRECTION('',(0.,0.,1.));
#7802 = DIRECTION('',(-1.,1.224646799147E-16,0.));
#7803 = ADVANCED_FACE('',(#7804),#7822,.F.);
#7804 = FACE_BOUND('',#7805,.T.);
#7805 = EDGE_LOOP('',(#7806,#7807,#7808,#7816));
#7806 = ORIENTED_EDGE('',*,*,#7089,.T.);
#7807 = ORIENTED_EDGE('',*,*,#7784,.T.);
#7808 = ORIENTED_EDGE('',*,*,#7809,.T.);
#7809 = EDGE_CURVE('',#7785,#7810,#7812,.T.);
#7810 = VERTEX_POINT('',#7811);
#7811 = CARTESIAN_POINT('',(-2.,0.4,1.175));
#7812 = LINE('',#7813,#7814);
#7813 = CARTESIAN_POINT('',(-2.,0.4,0.75));
#7814 = VECTOR('',#7815,1.);
#7815 = DIRECTION('',(0.,0.,1.));
#7816 = ORIENTED_EDGE('',*,*,#7817,.T.);
#7817 = EDGE_CURVE('',#7810,#7082,#7818,.T.);
#7818 = LINE('',#7819,#7820);
#7819 = CARTESIAN_POINT('',(-2.1,0.4,1.05));
#7820 = VECTOR('',#7821,1.);
#7821 = DIRECTION('',(0.624695047554,-7.650307904309E-17,0.780868809443)
  );
#7822 = PLANE('',#7823);
#7823 = AXIS2_PLACEMENT_3D('',#7824,#7825,#7826);
#7824 = CARTESIAN_POINT('',(-1.981753905297,0.4,0.992539052968));
#7825 = DIRECTION('',(-1.224646799147E-16,-1.,0.));
#7826 = DIRECTION('',(0.,0.,1.));
#7827 = ADVANCED_FACE('',(#7828),#7940,.T.);
#7828 = FACE_BOUND('',#7829,.T.);
#7829 = EDGE_LOOP('',(#7830,#7831,#7839,#7847,#7855,#7863,#7871,#7879,
    #7887,#7895,#7903,#7911,#7919,#7927,#7933,#7934));
#7830 = ORIENTED_EDGE('',*,*,#7073,.T.);
#7831 = ORIENTED_EDGE('',*,*,#7832,.T.);
#7832 = EDGE_CURVE('',#7074,#7833,#7835,.T.);
#7833 = VERTEX_POINT('',#7834);
#7834 = CARTESIAN_POINT('',(-1.85,1.,1.3));
#7835 = LINE('',#7836,#7837);
#7836 = CARTESIAN_POINT('',(-2.1,1.,1.3));
#7837 = VECTOR('',#7838,1.);
#7838 = DIRECTION('',(1.,-1.224646799147E-16,0.));
#7839 = ORIENTED_EDGE('',*,*,#7840,.T.);
#7840 = EDGE_CURVE('',#7833,#7841,#7843,.T.);
#7841 = VERTEX_POINT('',#7842);
#7842 = CARTESIAN_POINT('',(-1.85,1.3625,1.3));
#7843 = LINE('',#7844,#7845);
#7844 = CARTESIAN_POINT('',(-1.85,0.4,1.3));
#7845 = VECTOR('',#7846,1.);
#7846 = DIRECTION('',(4.613913868572E-16,1.,0.));
#7847 = ORIENTED_EDGE('',*,*,#7848,.T.);
#7848 = EDGE_CURVE('',#7841,#7849,#7851,.T.);
#7849 = VERTEX_POINT('',#7850);
#7850 = CARTESIAN_POINT('',(-0.95,1.3625,1.3));
#7851 = LINE('',#7852,#7853);
#7852 = CARTESIAN_POINT('',(-1.85,1.3625,1.3));
#7853 = VECTOR('',#7854,1.);
#7854 = DIRECTION('',(1.,-1.110223024625E-16,0.));
#7855 = ORIENTED_EDGE('',*,*,#7856,.T.);
#7856 = EDGE_CURVE('',#7849,#7857,#7859,.T.);
#7857 = VERTEX_POINT('',#7858);
#7858 = CARTESIAN_POINT('',(-0.95,1.2125,1.3));
#7859 = LINE('',#7860,#7861);
#7860 = CARTESIAN_POINT('',(-0.95,1.3625,1.3));
#7861 = VECTOR('',#7862,1.);
#7862 = DIRECTION('',(-1.110223024625E-16,-1.,0.));
#7863 = ORIENTED_EDGE('',*,*,#7864,.F.);
#7864 = EDGE_CURVE('',#7865,#7857,#7867,.T.);
#7865 = VERTEX_POINT('',#7866);
#7866 = CARTESIAN_POINT('',(-0.6,1.2125,1.3));
#7867 = LINE('',#7868,#7869);
#7868 = CARTESIAN_POINT('',(1.85,1.2125,1.3));
#7869 = VECTOR('',#7870,1.);
#7870 = DIRECTION('',(-1.,0.,0.));
#7871 = ORIENTED_EDGE('',*,*,#7872,.T.);
#7872 = EDGE_CURVE('',#7865,#7873,#7875,.T.);
#7873 = VERTEX_POINT('',#7874);
#7874 = CARTESIAN_POINT('',(-0.5,1.3125,1.3));
#7875 = LINE('',#7876,#7877);
#7876 = CARTESIAN_POINT('',(-0.6,1.2125,1.3));
#7877 = VECTOR('',#7878,1.);
#7878 = DIRECTION('',(0.707106781187,0.707106781187,0.));
#7879 = ORIENTED_EDGE('',*,*,#7880,.T.);
#7880 = EDGE_CURVE('',#7873,#7881,#7883,.T.);
#7881 = VERTEX_POINT('',#7882);
#7882 = CARTESIAN_POINT('',(0.5,1.3125,1.3));
#7883 = LINE('',#7884,#7885);
#7884 = CARTESIAN_POINT('',(-0.5,1.3125,1.3));
#7885 = VECTOR('',#7886,1.);
#7886 = DIRECTION('',(1.,-1.110223024625E-16,0.));
#7887 = ORIENTED_EDGE('',*,*,#7888,.T.);
#7888 = EDGE_CURVE('',#7881,#7889,#7891,.T.);
#7889 = VERTEX_POINT('',#7890);
#7890 = CARTESIAN_POINT('',(0.6,1.2125,1.3));
#7891 = LINE('',#7892,#7893);
#7892 = CARTESIAN_POINT('',(0.5,1.3125,1.3));
#7893 = VECTOR('',#7894,1.);
#7894 = DIRECTION('',(0.707106781187,-0.707106781187,0.));
#7895 = ORIENTED_EDGE('',*,*,#7896,.F.);
#7896 = EDGE_CURVE('',#7897,#7889,#7899,.T.);
#7897 = VERTEX_POINT('',#7898);
#7898 = CARTESIAN_POINT('',(0.95,1.2125,1.3));
#7899 = LINE('',#7900,#7901);
#7900 = CARTESIAN_POINT('',(1.85,1.2125,1.3));
#7901 = VECTOR('',#7902,1.);
#7902 = DIRECTION('',(-1.,0.,0.));
#7903 = ORIENTED_EDGE('',*,*,#7904,.T.);
#7904 = EDGE_CURVE('',#7897,#7905,#7907,.T.);
#7905 = VERTEX_POINT('',#7906);
#7906 = CARTESIAN_POINT('',(0.95,1.3625,1.3));
#7907 = LINE('',#7908,#7909);
#7908 = CARTESIAN_POINT('',(0.95,1.2125,1.3));
#7909 = VECTOR('',#7910,1.);
#7910 = DIRECTION('',(1.110223024625E-16,1.,0.));
#7911 = ORIENTED_EDGE('',*,*,#7912,.T.);
#7912 = EDGE_CURVE('',#7905,#7913,#7915,.T.);
#7913 = VERTEX_POINT('',#7914);
#7914 = CARTESIAN_POINT('',(1.85,1.3625,1.3));
#7915 = LINE('',#7916,#7917);
#7916 = CARTESIAN_POINT('',(0.95,1.3625,1.3));
#7917 = VECTOR('',#7918,1.);
#7918 = DIRECTION('',(1.,-1.110223024625E-16,0.));
#7919 = ORIENTED_EDGE('',*,*,#7920,.T.);
#7920 = EDGE_CURVE('',#7913,#7921,#7923,.T.);
#7921 = VERTEX_POINT('',#7922);
#7922 = CARTESIAN_POINT('',(1.85,1.,1.3));
#7923 = LINE('',#7924,#7925);
#7924 = CARTESIAN_POINT('',(1.85,1.3625,1.3));
#7925 = VECTOR('',#7926,1.);
#7926 = DIRECTION('',(0.,-1.,0.));
#7927 = ORIENTED_EDGE('',*,*,#7928,.F.);
#7928 = EDGE_CURVE('',#7248,#7921,#7929,.T.);
#7929 = LINE('',#7930,#7931);
#7930 = CARTESIAN_POINT('',(2.1,1.,1.3));
#7931 = VECTOR('',#7932,1.);
#7932 = DIRECTION('',(-1.,0.,0.));
#7933 = ORIENTED_EDGE('',*,*,#7255,.T.);
#7934 = ORIENTED_EDGE('',*,*,#7935,.T.);
#7935 = EDGE_CURVE('',#7256,#7066,#7936,.T.);
#7936 = LINE('',#7937,#7938);
#7937 = CARTESIAN_POINT('',(1.9,1.4,1.3));
#7938 = VECTOR('',#7939,1.);
#7939 = DIRECTION('',(-1.,0.,0.));
#7940 = PLANE('',#7941);
#7941 = AXIS2_PLACEMENT_3D('',#7942,#7943,#7944);
#7942 = CARTESIAN_POINT('',(6.728624391668E-17,0.,1.3));
#7943 = DIRECTION('',(0.,0.,1.));
#7944 = DIRECTION('',(1.,0.,-0.));
#7945 = ADVANCED_FACE('',(#7946),#7971,.F.);
#7946 = FACE_BOUND('',#7947,.F.);
#7947 = EDGE_LOOP('',(#7948,#7949,#7957,#7965));
#7948 = ORIENTED_EDGE('',*,*,#7081,.F.);
#7949 = ORIENTED_EDGE('',*,*,#7950,.F.);
#7950 = EDGE_CURVE('',#7951,#7074,#7953,.T.);
#7951 = VERTEX_POINT('',#7952);
#7952 = CARTESIAN_POINT('',(-2.,1.,1.3));
#7953 = LINE('',#7954,#7955);
#7954 = CARTESIAN_POINT('',(-2.1,1.,1.3));
#7955 = VECTOR('',#7956,1.);
#7956 = DIRECTION('',(1.,-1.224646799147E-16,0.));
#7957 = ORIENTED_EDGE('',*,*,#7958,.F.);
#7958 = EDGE_CURVE('',#7959,#7951,#7961,.T.);
#7959 = VERTEX_POINT('',#7960);
#7960 = CARTESIAN_POINT('',(-2.,0.4,1.3));
#7961 = LINE('',#7962,#7963);
#7962 = CARTESIAN_POINT('',(-2.,0.4,1.3));
#7963 = VECTOR('',#7964,1.);
#7964 = DIRECTION('',(1.224646799147E-16,1.,0.));
#7965 = ORIENTED_EDGE('',*,*,#7966,.T.);
#7966 = EDGE_CURVE('',#7959,#7082,#7967,.T.);
#7967 = LINE('',#7968,#7969);
#7968 = CARTESIAN_POINT('',(-2.1,0.4,1.3));
#7969 = VECTOR('',#7970,1.);
#7970 = DIRECTION('',(1.,-1.224646799147E-16,0.));
#7971 = PLANE('',#7972);
#7972 = AXIS2_PLACEMENT_3D('',#7973,#7974,#7975);
#7973 = CARTESIAN_POINT('',(0.,0.,1.3));
#7974 = DIRECTION('',(0.,0.,1.));
#7975 = DIRECTION('',(1.,0.,-0.));
#7976 = ADVANCED_FACE('',(#7977),#7983,.F.);
#7977 = FACE_BOUND('',#7978,.F.);
#7978 = EDGE_LOOP('',(#7979,#7980,#7981,#7982));
#7979 = ORIENTED_EDGE('',*,*,#7263,.T.);
#7980 = ORIENTED_EDGE('',*,*,#7935,.T.);
#7981 = ORIENTED_EDGE('',*,*,#7065,.F.);
#7982 = ORIENTED_EDGE('',*,*,#7421,.F.);
#7983 = PLANE('',#7984);
#7984 = AXIS2_PLACEMENT_3D('',#7985,#7986,#7987);
#7985 = CARTESIAN_POINT('',(1.9,1.4,0.));
#7986 = DIRECTION('',(0.,-1.,0.));
#7987 = DIRECTION('',(-1.,0.,0.));
#7988 = ADVANCED_FACE('',(#7989),#8014,.F.);
#7989 = FACE_BOUND('',#7990,.F.);
#7990 = EDGE_LOOP('',(#7991,#7999,#8000,#8008));
#7991 = ORIENTED_EDGE('',*,*,#7992,.F.);
#7992 = EDGE_CURVE('',#7199,#7993,#7995,.T.);
#7993 = VERTEX_POINT('',#7994);
#7994 = CARTESIAN_POINT('',(2.3,-1.1,0.));
#7995 = LINE('',#7996,#7997);
#7996 = CARTESIAN_POINT('',(1.7,-1.1,0.));
#7997 = VECTOR('',#7998,1.);
#7998 = DIRECTION('',(1.,0.,0.));
#7999 = ORIENTED_EDGE('',*,*,#7327,.F.);
#8000 = ORIENTED_EDGE('',*,*,#8001,.T.);
#8001 = EDGE_CURVE('',#7320,#8002,#8004,.T.);
#8002 = VERTEX_POINT('',#8003);
#8003 = CARTESIAN_POINT('',(2.3,-1.1,0.15));
#8004 = LINE('',#8005,#8006);
#8005 = CARTESIAN_POINT('',(1.7,-1.1,0.15));
#8006 = VECTOR('',#8007,1.);
#8007 = DIRECTION('',(1.,0.,0.));
#8008 = ORIENTED_EDGE('',*,*,#8009,.F.);
#8009 = EDGE_CURVE('',#7993,#8002,#8010,.T.);
#8010 = LINE('',#8011,#8012);
#8011 = CARTESIAN_POINT('',(2.3,-1.1,0.));
#8012 = VECTOR('',#8013,1.);
#8013 = DIRECTION('',(0.,0.,1.));
#8014 = PLANE('',#8015);
#8015 = AXIS2_PLACEMENT_3D('',#8016,#8017,#8018);
#8016 = CARTESIAN_POINT('',(1.7,-1.1,0.));
#8017 = DIRECTION('',(0.,1.,0.));
#8018 = DIRECTION('',(1.,0.,0.));
#8019 = ADVANCED_FACE('',(#8020),#8038,.T.);
#8020 = FACE_BOUND('',#8021,.T.);
#8021 = EDGE_LOOP('',(#8022,#8023,#8024,#8032));
#8022 = ORIENTED_EDGE('',*,*,#7319,.F.);
#8023 = ORIENTED_EDGE('',*,*,#8001,.T.);
#8024 = ORIENTED_EDGE('',*,*,#8025,.T.);
#8025 = EDGE_CURVE('',#8002,#8026,#8028,.T.);
#8026 = VERTEX_POINT('',#8027);
#8027 = CARTESIAN_POINT('',(2.3,-0.5,0.15));
#8028 = LINE('',#8029,#8030);
#8029 = CARTESIAN_POINT('',(2.3,-1.1,0.15));
#8030 = VECTOR('',#8031,1.);
#8031 = DIRECTION('',(0.,1.,0.));
#8032 = ORIENTED_EDGE('',*,*,#8033,.T.);
#8033 = EDGE_CURVE('',#8026,#7312,#8034,.T.);
#8034 = LINE('',#8035,#8036);
#8035 = CARTESIAN_POINT('',(2.3,-0.5,0.15));
#8036 = VECTOR('',#8037,1.);
#8037 = DIRECTION('',(-1.,0.,0.));
#8038 = PLANE('',#8039);
#8039 = AXIS2_PLACEMENT_3D('',#8040,#8041,#8042);
#8040 = CARTESIAN_POINT('',(2.,-0.8,0.15));
#8041 = DIRECTION('',(0.,0.,1.));
#8042 = DIRECTION('',(1.,0.,-0.));
#8043 = ADVANCED_FACE('',(#8044),#8062,.F.);
#8044 = FACE_BOUND('',#8045,.F.);
#8045 = EDGE_LOOP('',(#8046,#8054,#8060,#8061));
#8046 = ORIENTED_EDGE('',*,*,#8047,.F.);
#8047 = EDGE_CURVE('',#8048,#7304,#8050,.T.);
#8048 = VERTEX_POINT('',#8049);
#8049 = CARTESIAN_POINT('',(2.3,-0.5,0.));
#8050 = LINE('',#8051,#8052);
#8051 = CARTESIAN_POINT('',(2.3,-0.5,0.));
#8052 = VECTOR('',#8053,1.);
#8053 = DIRECTION('',(-1.,0.,0.));
#8054 = ORIENTED_EDGE('',*,*,#8055,.T.);
#8055 = EDGE_CURVE('',#8048,#8026,#8056,.T.);
#8056 = LINE('',#8057,#8058);
#8057 = CARTESIAN_POINT('',(2.3,-0.5,0.));
#8058 = VECTOR('',#8059,1.);
#8059 = DIRECTION('',(0.,0.,1.));
#8060 = ORIENTED_EDGE('',*,*,#8033,.T.);
#8061 = ORIENTED_EDGE('',*,*,#7311,.F.);
#8062 = PLANE('',#8063);
#8063 = AXIS2_PLACEMENT_3D('',#8064,#8065,#8066);
#8064 = CARTESIAN_POINT('',(2.3,-0.5,0.));
#8065 = DIRECTION('',(0.,-1.,0.));
#8066 = DIRECTION('',(-1.,0.,0.));
#8067 = ADVANCED_FACE('',(#8068),#8093,.F.);
#8068 = FACE_BOUND('',#8069,.F.);
#8069 = EDGE_LOOP('',(#8070,#8078,#8079,#8087));
#8070 = ORIENTED_EDGE('',*,*,#8071,.F.);
#8071 = EDGE_CURVE('',#7296,#8072,#8074,.T.);
#8072 = VERTEX_POINT('',#8073);
#8073 = CARTESIAN_POINT('',(2.3,0.5,0.));
#8074 = LINE('',#8075,#8076);
#8075 = CARTESIAN_POINT('',(1.7,0.5,0.));
#8076 = VECTOR('',#8077,1.);
#8077 = DIRECTION('',(1.,0.,0.));
#8078 = ORIENTED_EDGE('',*,*,#7295,.F.);
#8079 = ORIENTED_EDGE('',*,*,#8080,.T.);
#8080 = EDGE_CURVE('',#7288,#8081,#8083,.T.);
#8081 = VERTEX_POINT('',#8082);
#8082 = CARTESIAN_POINT('',(2.3,0.5,0.15));
#8083 = LINE('',#8084,#8085);
#8084 = CARTESIAN_POINT('',(1.7,0.5,0.15));
#8085 = VECTOR('',#8086,1.);
#8086 = DIRECTION('',(1.,0.,0.));
#8087 = ORIENTED_EDGE('',*,*,#8088,.F.);
#8088 = EDGE_CURVE('',#8072,#8081,#8089,.T.);
#8089 = LINE('',#8090,#8091);
#8090 = CARTESIAN_POINT('',(2.3,0.5,0.));
#8091 = VECTOR('',#8092,1.);
#8092 = DIRECTION('',(0.,0.,1.));
#8093 = PLANE('',#8094);
#8094 = AXIS2_PLACEMENT_3D('',#8095,#8096,#8097);
#8095 = CARTESIAN_POINT('',(1.7,0.5,0.));
#8096 = DIRECTION('',(0.,1.,0.));
#8097 = DIRECTION('',(1.,0.,0.));
#8098 = ADVANCED_FACE('',(#8099),#8117,.T.);
#8099 = FACE_BOUND('',#8100,.T.);
#8100 = EDGE_LOOP('',(#8101,#8102,#8103,#8111));
#8101 = ORIENTED_EDGE('',*,*,#7287,.F.);
#8102 = ORIENTED_EDGE('',*,*,#8080,.T.);
#8103 = ORIENTED_EDGE('',*,*,#8104,.T.);
#8104 = EDGE_CURVE('',#8081,#8105,#8107,.T.);
#8105 = VERTEX_POINT('',#8106);
#8106 = CARTESIAN_POINT('',(2.3,1.1,0.15));
#8107 = LINE('',#8108,#8109);
#8108 = CARTESIAN_POINT('',(2.3,0.5,0.15));
#8109 = VECTOR('',#8110,1.);
#8110 = DIRECTION('',(0.,1.,0.));
#8111 = ORIENTED_EDGE('',*,*,#8112,.T.);
#8112 = EDGE_CURVE('',#8105,#7280,#8113,.T.);
#8113 = LINE('',#8114,#8115);
#8114 = CARTESIAN_POINT('',(2.3,1.1,0.15));
#8115 = VECTOR('',#8116,1.);
#8116 = DIRECTION('',(-1.,0.,0.));
#8117 = PLANE('',#8118);
#8118 = AXIS2_PLACEMENT_3D('',#8119,#8120,#8121);
#8119 = CARTESIAN_POINT('',(2.,0.8,0.15));
#8120 = DIRECTION('',(0.,0.,1.));
#8121 = DIRECTION('',(1.,0.,-0.));
#8122 = ADVANCED_FACE('',(#8123),#8141,.F.);
#8123 = FACE_BOUND('',#8124,.F.);
#8124 = EDGE_LOOP('',(#8125,#8133,#8139,#8140));
#8125 = ORIENTED_EDGE('',*,*,#8126,.F.);
#8126 = EDGE_CURVE('',#8127,#7272,#8129,.T.);
#8127 = VERTEX_POINT('',#8128);
#8128 = CARTESIAN_POINT('',(2.3,1.1,0.));
#8129 = LINE('',#8130,#8131);
#8130 = CARTESIAN_POINT('',(2.3,1.1,0.));
#8131 = VECTOR('',#8132,1.);
#8132 = DIRECTION('',(-1.,0.,0.));
#8133 = ORIENTED_EDGE('',*,*,#8134,.T.);
#8134 = EDGE_CURVE('',#8127,#8105,#8135,.T.);
#8135 = LINE('',#8136,#8137);
#8136 = CARTESIAN_POINT('',(2.3,1.1,0.));
#8137 = VECTOR('',#8138,1.);
#8138 = DIRECTION('',(0.,0.,1.));
#8139 = ORIENTED_EDGE('',*,*,#8112,.T.);
#8140 = ORIENTED_EDGE('',*,*,#7279,.F.);
#8141 = PLANE('',#8142);
#8142 = AXIS2_PLACEMENT_3D('',#8143,#8144,#8145);
#8143 = CARTESIAN_POINT('',(2.3,1.1,0.));
#8144 = DIRECTION('',(0.,-1.,0.));
#8145 = DIRECTION('',(-1.,0.,0.));
#8146 = ADVANCED_FACE('',(#8147),#8172,.F.);
#8147 = FACE_BOUND('',#8148,.F.);
#8148 = EDGE_LOOP('',(#8149,#8157,#8158,#8166));
#8149 = ORIENTED_EDGE('',*,*,#8150,.T.);
#8150 = EDGE_CURVE('',#8151,#7248,#8153,.T.);
#8151 = VERTEX_POINT('',#8152);
#8152 = CARTESIAN_POINT('',(2.,1.,1.3));
#8153 = LINE('',#8154,#8155);
#8154 = CARTESIAN_POINT('',(2.1,1.,1.3));
#8155 = VECTOR('',#8156,1.);
#8156 = DIRECTION('',(-1.,0.,0.));
#8157 = ORIENTED_EDGE('',*,*,#7247,.F.);
#8158 = ORIENTED_EDGE('',*,*,#8159,.F.);
#8159 = EDGE_CURVE('',#8160,#7240,#8162,.T.);
#8160 = VERTEX_POINT('',#8161);
#8161 = CARTESIAN_POINT('',(2.,0.4,1.3));
#8162 = LINE('',#8163,#8164);
#8163 = CARTESIAN_POINT('',(2.1,0.4,1.3));
#8164 = VECTOR('',#8165,1.);
#8165 = DIRECTION('',(-1.,0.,0.));
#8166 = ORIENTED_EDGE('',*,*,#8167,.T.);
#8167 = EDGE_CURVE('',#8160,#8151,#8168,.T.);
#8168 = LINE('',#8169,#8170);
#8169 = CARTESIAN_POINT('',(2.,0.4,1.3));
#8170 = VECTOR('',#8171,1.);
#8171 = DIRECTION('',(0.,1.,0.));
#8172 = PLANE('',#8173);
#8173 = AXIS2_PLACEMENT_3D('',#8174,#8175,#8176);
#8174 = CARTESIAN_POINT('',(0.,0.,1.3));
#8175 = DIRECTION('',(0.,0.,1.));
#8176 = DIRECTION('',(1.,0.,-0.));
#8177 = ADVANCED_FACE('',(#8178),#8203,.F.);
#8178 = FACE_BOUND('',#8179,.F.);
#8179 = EDGE_LOOP('',(#8180,#8181,#8189,#8197));
#8180 = ORIENTED_EDGE('',*,*,#7239,.T.);
#8181 = ORIENTED_EDGE('',*,*,#8182,.T.);
#8182 = EDGE_CURVE('',#7232,#8183,#8185,.T.);
#8183 = VERTEX_POINT('',#8184);
#8184 = CARTESIAN_POINT('',(2.,0.4,0.75));
#8185 = LINE('',#8186,#8187);
#8186 = CARTESIAN_POINT('',(1.9,0.4,0.75));
#8187 = VECTOR('',#8188,1.);
#8188 = DIRECTION('',(1.,0.,0.));
#8189 = ORIENTED_EDGE('',*,*,#8190,.T.);
#8190 = EDGE_CURVE('',#8183,#8191,#8193,.T.);
#8191 = VERTEX_POINT('',#8192);
#8192 = CARTESIAN_POINT('',(2.,0.4,1.175));
#8193 = LINE('',#8194,#8195);
#8194 = CARTESIAN_POINT('',(2.,0.4,0.75));
#8195 = VECTOR('',#8196,1.);
#8196 = DIRECTION('',(0.,0.,1.));
#8197 = ORIENTED_EDGE('',*,*,#8198,.T.);
#8198 = EDGE_CURVE('',#8191,#7240,#8199,.T.);
#8199 = LINE('',#8200,#8201);
#8200 = CARTESIAN_POINT('',(2.1,0.4,1.05));
#8201 = VECTOR('',#8202,1.);
#8202 = DIRECTION('',(-0.624695047554,0.,0.780868809443));
#8203 = PLANE('',#8204);
#8204 = AXIS2_PLACEMENT_3D('',#8205,#8206,#8207);
#8205 = CARTESIAN_POINT('',(1.981753905297,0.4,0.992539052968));
#8206 = DIRECTION('',(-0.,-1.,-0.));
#8207 = DIRECTION('',(0.,0.,-1.));
#8208 = ADVANCED_FACE('',(#8209),#8227,.F.);
#8209 = FACE_BOUND('',#8210,.F.);
#8210 = EDGE_LOOP('',(#8211,#8212,#8220,#8226));
#8211 = ORIENTED_EDGE('',*,*,#7231,.F.);
#8212 = ORIENTED_EDGE('',*,*,#8213,.T.);
#8213 = EDGE_CURVE('',#7224,#8214,#8216,.T.);
#8214 = VERTEX_POINT('',#8215);
#8215 = CARTESIAN_POINT('',(2.,-0.4,0.75));
#8216 = LINE('',#8217,#8218);
#8217 = CARTESIAN_POINT('',(1.9,-0.4,0.75));
#8218 = VECTOR('',#8219,1.);
#8219 = DIRECTION('',(1.,0.,0.));
#8220 = ORIENTED_EDGE('',*,*,#8221,.T.);
#8221 = EDGE_CURVE('',#8214,#8183,#8222,.T.);
#8222 = LINE('',#8223,#8224);
#8223 = CARTESIAN_POINT('',(2.,-0.4,0.75));
#8224 = VECTOR('',#8225,1.);
#8225 = DIRECTION('',(0.,1.,0.));
#8226 = ORIENTED_EDGE('',*,*,#8182,.F.);
#8227 = PLANE('',#8228);
#8228 = AXIS2_PLACEMENT_3D('',#8229,#8230,#8231);
#8229 = CARTESIAN_POINT('',(1.9,0.4,0.75));
#8230 = DIRECTION('',(0.,0.,1.));
#8231 = DIRECTION('',(1.,0.,-0.));
#8232 = ADVANCED_FACE('',(#8233),#8251,.F.);
#8233 = FACE_BOUND('',#8234,.T.);
#8234 = EDGE_LOOP('',(#8235,#8236,#8237,#8245));
#8235 = ORIENTED_EDGE('',*,*,#7223,.T.);
#8236 = ORIENTED_EDGE('',*,*,#8213,.T.);
#8237 = ORIENTED_EDGE('',*,*,#8238,.T.);
#8238 = EDGE_CURVE('',#8214,#8239,#8241,.T.);
#8239 = VERTEX_POINT('',#8240);
#8240 = CARTESIAN_POINT('',(2.,-0.4,1.175));
#8241 = LINE('',#8242,#8243);
#8242 = CARTESIAN_POINT('',(2.,-0.4,0.75));
#8243 = VECTOR('',#8244,1.);
#8244 = DIRECTION('',(0.,0.,1.));
#8245 = ORIENTED_EDGE('',*,*,#8246,.T.);
#8246 = EDGE_CURVE('',#8239,#7216,#8247,.T.);
#8247 = LINE('',#8248,#8249);
#8248 = CARTESIAN_POINT('',(2.1,-0.4,1.05));
#8249 = VECTOR('',#8250,1.);
#8250 = DIRECTION('',(-0.624695047554,0.,0.780868809443));
#8251 = PLANE('',#8252);
#8252 = AXIS2_PLACEMENT_3D('',#8253,#8254,#8255);
#8253 = CARTESIAN_POINT('',(1.981753905297,-0.4,0.992539052968));
#8254 = DIRECTION('',(0.,1.,0.));
#8255 = DIRECTION('',(0.,-0.,1.));
#8256 = ADVANCED_FACE('',(#8257),#8282,.F.);
#8257 = FACE_BOUND('',#8258,.F.);
#8258 = EDGE_LOOP('',(#8259,#8267,#8268,#8276));
#8259 = ORIENTED_EDGE('',*,*,#8260,.T.);
#8260 = EDGE_CURVE('',#8261,#7216,#8263,.T.);
#8261 = VERTEX_POINT('',#8262);
#8262 = CARTESIAN_POINT('',(2.,-0.4,1.3));
#8263 = LINE('',#8264,#8265);
#8264 = CARTESIAN_POINT('',(2.1,-0.4,1.3));
#8265 = VECTOR('',#8266,1.);
#8266 = DIRECTION('',(-1.,-0.,-0.));
#8267 = ORIENTED_EDGE('',*,*,#7215,.F.);
#8268 = ORIENTED_EDGE('',*,*,#8269,.F.);
#8269 = EDGE_CURVE('',#8270,#7208,#8272,.T.);
#8270 = VERTEX_POINT('',#8271);
#8271 = CARTESIAN_POINT('',(2.,-1.,1.3));
#8272 = LINE('',#8273,#8274);
#8273 = CARTESIAN_POINT('',(2.1,-1.,1.3));
#8274 = VECTOR('',#8275,1.);
#8275 = DIRECTION('',(-1.,-0.,-0.));
#8276 = ORIENTED_EDGE('',*,*,#8277,.F.);
#8277 = EDGE_CURVE('',#8261,#8270,#8278,.T.);
#8278 = LINE('',#8279,#8280);
#8279 = CARTESIAN_POINT('',(2.,-0.4,1.3));
#8280 = VECTOR('',#8281,1.);
#8281 = DIRECTION('',(-0.,-1.,-0.));
#8282 = PLANE('',#8283);
#8283 = AXIS2_PLACEMENT_3D('',#8284,#8285,#8286);
#8284 = CARTESIAN_POINT('',(0.,0.,1.3));
#8285 = DIRECTION('',(0.,0.,1.));
#8286 = DIRECTION('',(1.,0.,-0.));
#8287 = ADVANCED_FACE('',(#8288),#8301,.F.);
#8288 = FACE_BOUND('',#8289,.F.);
#8289 = EDGE_LOOP('',(#8290,#8291,#8292,#8298,#8299,#8300));
#8290 = ORIENTED_EDGE('',*,*,#7428,.T.);
#8291 = ORIENTED_EDGE('',*,*,#7563,.T.);
#8292 = ORIENTED_EDGE('',*,*,#8293,.T.);
#8293 = EDGE_CURVE('',#7564,#7619,#8294,.T.);
#8294 = LINE('',#8295,#8296);
#8295 = CARTESIAN_POINT('',(-2.3,1.1,0.));
#8296 = VECTOR('',#8297,1.);
#8297 = DIRECTION('',(-1.224646799147E-16,-1.,0.));
#8298 = ORIENTED_EDGE('',*,*,#7618,.T.);
#8299 = ORIENTED_EDGE('',*,*,#7341,.T.);
#8300 = ORIENTED_EDGE('',*,*,#7436,.T.);
#8301 = PLANE('',#8302);
#8302 = AXIS2_PLACEMENT_3D('',#8303,#8304,#8305);
#8303 = CARTESIAN_POINT('',(-2.,0.8,0.));
#8304 = DIRECTION('',(0.,0.,1.));
#8305 = DIRECTION('',(-1.,1.224646799147E-16,0.));
#8306 = ADVANCED_FACE('',(#8307),#8320,.F.);
#8307 = FACE_BOUND('',#8308,.F.);
#8308 = EDGE_LOOP('',(#8309,#8310,#8311,#8317,#8318,#8319));
#8309 = ORIENTED_EDGE('',*,*,#7398,.T.);
#8310 = ORIENTED_EDGE('',*,*,#8071,.T.);
#8311 = ORIENTED_EDGE('',*,*,#8312,.T.);
#8312 = EDGE_CURVE('',#8072,#8127,#8313,.T.);
#8313 = LINE('',#8314,#8315);
#8314 = CARTESIAN_POINT('',(2.3,0.5,0.));
#8315 = VECTOR('',#8316,1.);
#8316 = DIRECTION('',(0.,1.,0.));
#8317 = ORIENTED_EDGE('',*,*,#8126,.T.);
#8318 = ORIENTED_EDGE('',*,*,#7414,.T.);
#8319 = ORIENTED_EDGE('',*,*,#7406,.T.);
#8320 = PLANE('',#8321);
#8321 = AXIS2_PLACEMENT_3D('',#8322,#8323,#8324);
#8322 = CARTESIAN_POINT('',(2.,0.8,0.));
#8323 = DIRECTION('',(0.,0.,1.));
#8324 = DIRECTION('',(1.,0.,-0.));
#8325 = ADVANCED_FACE('',(#8326),#8339,.F.);
#8326 = FACE_BOUND('',#8327,.F.);
#8327 = EDGE_LOOP('',(#8328,#8329,#8330,#8336,#8337,#8338));
#8328 = ORIENTED_EDGE('',*,*,#7375,.T.);
#8329 = ORIENTED_EDGE('',*,*,#7992,.T.);
#8330 = ORIENTED_EDGE('',*,*,#8331,.T.);
#8331 = EDGE_CURVE('',#7993,#8048,#8332,.T.);
#8332 = LINE('',#8333,#8334);
#8333 = CARTESIAN_POINT('',(2.3,-1.1,0.));
#8334 = VECTOR('',#8335,1.);
#8335 = DIRECTION('',(0.,1.,0.));
#8336 = ORIENTED_EDGE('',*,*,#8047,.T.);
#8337 = ORIENTED_EDGE('',*,*,#7391,.T.);
#8338 = ORIENTED_EDGE('',*,*,#7383,.T.);
#8339 = PLANE('',#8340);
#8340 = AXIS2_PLACEMENT_3D('',#8341,#8342,#8343);
#8341 = CARTESIAN_POINT('',(2.,-0.8,0.));
#8342 = DIRECTION('',(0.,0.,1.));
#8343 = DIRECTION('',(1.,0.,-0.));
#8344 = ADVANCED_FACE('',(#8345),#8358,.F.);
#8345 = FACE_BOUND('',#8346,.F.);
#8346 = EDGE_LOOP('',(#8347,#8348,#8349,#8355,#8356,#8357));
#8347 = ORIENTED_EDGE('',*,*,#7350,.T.);
#8348 = ORIENTED_EDGE('',*,*,#7642,.T.);
#8349 = ORIENTED_EDGE('',*,*,#8350,.T.);
#8350 = EDGE_CURVE('',#7643,#7698,#8351,.T.);
#8351 = LINE('',#8352,#8353);
#8352 = CARTESIAN_POINT('',(-2.3,-0.5,0.));
#8353 = VECTOR('',#8354,1.);
#8354 = DIRECTION('',(-1.224646799147E-16,-1.,0.));
#8355 = ORIENTED_EDGE('',*,*,#7697,.T.);
#8356 = ORIENTED_EDGE('',*,*,#7366,.T.);
#8357 = ORIENTED_EDGE('',*,*,#7358,.T.);
#8358 = PLANE('',#8359);
#8359 = AXIS2_PLACEMENT_3D('',#8360,#8361,#8362);
#8360 = CARTESIAN_POINT('',(-2.,-0.8,0.));
#8361 = DIRECTION('',(0.,0.,1.));
#8362 = DIRECTION('',(-1.,1.224646799147E-16,0.));
#8363 = ADVANCED_FACE('',(#8364),#8415,.T.);
#8364 = FACE_BOUND('',#8365,.T.);
#8365 = EDGE_LOOP('',(#8366,#8374,#8375,#8376,#8384,#8392,#8401,#8409));
#8366 = ORIENTED_EDGE('',*,*,#8367,.F.);
#8367 = EDGE_CURVE('',#7731,#8368,#8370,.T.);
#8368 = VERTEX_POINT('',#8369);
#8369 = CARTESIAN_POINT('',(-2.,-1.,0.7));
#8370 = LINE('',#8371,#8372);
#8371 = CARTESIAN_POINT('',(-2.,-1.,1.3));
#8372 = VECTOR('',#8373,1.);
#8373 = DIRECTION('',(0.,0.,-1.));
#8374 = ORIENTED_EDGE('',*,*,#7738,.T.);
#8375 = ORIENTED_EDGE('',*,*,#7549,.T.);
#8376 = ORIENTED_EDGE('',*,*,#8377,.T.);
#8377 = EDGE_CURVE('',#7542,#8378,#8380,.T.);
#8378 = VERTEX_POINT('',#8379);
#8379 = CARTESIAN_POINT('',(-1.85,-1.,1.4));
#8380 = LINE('',#8381,#8382);
#8381 = CARTESIAN_POINT('',(-1.85,-1.,1.3));
#8382 = VECTOR('',#8383,1.);
#8383 = DIRECTION('',(0.,0.,1.));
#8384 = ORIENTED_EDGE('',*,*,#8385,.T.);
#8385 = EDGE_CURVE('',#8378,#8386,#8388,.T.);
#8386 = VERTEX_POINT('',#8387);
#8387 = CARTESIAN_POINT('',(-2.,-1.,1.4));
#8388 = LINE('',#8389,#8390);
#8389 = CARTESIAN_POINT('',(-1.85,-1.,1.4));
#8390 = VECTOR('',#8391,1.);
#8391 = DIRECTION('',(-1.,1.224646799147E-16,0.));
#8392 = ORIENTED_EDGE('',*,*,#8393,.T.);
#8393 = EDGE_CURVE('',#8386,#8394,#8396,.T.);
#8394 = VERTEX_POINT('',#8395);
#8395 = CARTESIAN_POINT('',(-2.1,-1.,1.3));
#8396 = CIRCLE('',#8397,0.1);
#8397 = AXIS2_PLACEMENT_3D('',#8398,#8399,#8400);
#8398 = CARTESIAN_POINT('',(-2.,-1.,1.3));
#8399 = DIRECTION('',(-1.224646799147E-16,-1.,0.));
#8400 = DIRECTION('',(-4.440892098501E-15,5.438524293786E-31,1.));
#8401 = ORIENTED_EDGE('',*,*,#8402,.T.);
#8402 = EDGE_CURVE('',#8394,#8403,#8405,.T.);
#8403 = VERTEX_POINT('',#8404);
#8404 = CARTESIAN_POINT('',(-2.1,-1.,0.7));
#8405 = LINE('',#8406,#8407);
#8406 = CARTESIAN_POINT('',(-2.1,-1.,1.3));
#8407 = VECTOR('',#8408,1.);
#8408 = DIRECTION('',(0.,0.,-1.));
#8409 = ORIENTED_EDGE('',*,*,#8410,.F.);
#8410 = EDGE_CURVE('',#8368,#8403,#8411,.T.);
#8411 = LINE('',#8412,#8413);
#8412 = CARTESIAN_POINT('',(-2.,-1.,0.7));
#8413 = VECTOR('',#8414,1.);
#8414 = DIRECTION('',(-1.,1.224646799147E-16,0.));
#8415 = PLANE('',#8416);
#8416 = AXIS2_PLACEMENT_3D('',#8417,#8418,#8419);
#8417 = CARTESIAN_POINT('',(-2.,-1.,1.3));
#8418 = DIRECTION('',(-1.224646799147E-16,-1.,0.));
#8419 = DIRECTION('',(-0.,0.,-1.));
#8420 = ADVANCED_FACE('',(#8421),#8439,.F.);
#8421 = FACE_BOUND('',#8422,.F.);
#8422 = EDGE_LOOP('',(#8423,#8424,#8425,#8433));
#8423 = ORIENTED_EDGE('',*,*,#7541,.T.);
#8424 = ORIENTED_EDGE('',*,*,#8377,.T.);
#8425 = ORIENTED_EDGE('',*,*,#8426,.T.);
#8426 = EDGE_CURVE('',#8378,#8427,#8429,.T.);
#8427 = VERTEX_POINT('',#8428);
#8428 = CARTESIAN_POINT('',(-1.85,-1.3125,1.4));
#8429 = LINE('',#8430,#8431);
#8430 = CARTESIAN_POINT('',(-1.85,-0.4,1.4));
#8431 = VECTOR('',#8432,1.);
#8432 = DIRECTION('',(2.433365533425E-16,-1.,0.));
#8433 = ORIENTED_EDGE('',*,*,#8434,.F.);
#8434 = EDGE_CURVE('',#7534,#8427,#8435,.T.);
#8435 = LINE('',#8436,#8437);
#8436 = CARTESIAN_POINT('',(-1.85,-1.3125,1.3));
#8437 = VECTOR('',#8438,1.);
#8438 = DIRECTION('',(0.,0.,1.));
#8439 = PLANE('',#8440);
#8440 = AXIS2_PLACEMENT_3D('',#8441,#8442,#8443);
#8441 = CARTESIAN_POINT('',(-1.85,1.2125,1.3));
#8442 = DIRECTION('',(1.,0.,0.));
#8443 = DIRECTION('',(0.,-1.,0.));
#8444 = ADVANCED_FACE('',(#8445),#8463,.T.);
#8445 = FACE_BOUND('',#8446,.F.);
#8446 = EDGE_LOOP('',(#8447,#8448,#8456,#8462));
#8447 = ORIENTED_EDGE('',*,*,#8434,.T.);
#8448 = ORIENTED_EDGE('',*,*,#8449,.T.);
#8449 = EDGE_CURVE('',#8427,#8450,#8452,.T.);
#8450 = VERTEX_POINT('',#8451);
#8451 = CARTESIAN_POINT('',(-1.35,-1.3125,1.4));
#8452 = LINE('',#8453,#8454);
#8453 = CARTESIAN_POINT('',(-1.85,-1.3125,1.4));
#8454 = VECTOR('',#8455,1.);
#8455 = DIRECTION('',(1.,1.110223024625E-16,0.));
#8456 = ORIENTED_EDGE('',*,*,#8457,.F.);
#8457 = EDGE_CURVE('',#7526,#8450,#8458,.T.);
#8458 = LINE('',#8459,#8460);
#8459 = CARTESIAN_POINT('',(-1.35,-1.3125,1.3));
#8460 = VECTOR('',#8461,1.);
#8461 = DIRECTION('',(0.,0.,1.));
#8462 = ORIENTED_EDGE('',*,*,#7533,.F.);
#8463 = PLANE('',#8464);
#8464 = AXIS2_PLACEMENT_3D('',#8465,#8466,#8467);
#8465 = CARTESIAN_POINT('',(-1.85,-1.3125,1.3));
#8466 = DIRECTION('',(1.110223024625E-16,-1.,0.));
#8467 = DIRECTION('',(-1.,-1.110223024625E-16,0.));
#8468 = ADVANCED_FACE('',(#8469),#8487,.T.);
#8469 = FACE_BOUND('',#8470,.F.);
#8470 = EDGE_LOOP('',(#8471,#8472,#8480,#8486));
#8471 = ORIENTED_EDGE('',*,*,#8457,.T.);
#8472 = ORIENTED_EDGE('',*,*,#8473,.T.);
#8473 = EDGE_CURVE('',#8450,#8474,#8476,.T.);
#8474 = VERTEX_POINT('',#8475);
#8475 = CARTESIAN_POINT('',(-1.35,-1.2125,1.4));
#8476 = LINE('',#8477,#8478);
#8477 = CARTESIAN_POINT('',(-1.35,-1.3125,1.4));
#8478 = VECTOR('',#8479,1.);
#8479 = DIRECTION('',(-1.110223024625E-16,1.,0.));
#8480 = ORIENTED_EDGE('',*,*,#8481,.F.);
#8481 = EDGE_CURVE('',#7518,#8474,#8482,.T.);
#8482 = LINE('',#8483,#8484);
#8483 = CARTESIAN_POINT('',(-1.35,-1.2125,1.3));
#8484 = VECTOR('',#8485,1.);
#8485 = DIRECTION('',(0.,0.,1.));
#8486 = ORIENTED_EDGE('',*,*,#7525,.F.);
#8487 = PLANE('',#8488);
#8488 = AXIS2_PLACEMENT_3D('',#8489,#8490,#8491);
#8489 = CARTESIAN_POINT('',(-1.35,-1.3125,1.3));
#8490 = DIRECTION('',(1.,1.110223024625E-16,0.));
#8491 = DIRECTION('',(1.110223024625E-16,-1.,0.));
#8492 = ADVANCED_FACE('',(#8493),#8511,.F.);
#8493 = FACE_BOUND('',#8494,.F.);
#8494 = EDGE_LOOP('',(#8495,#8496,#8497,#8505));
#8495 = ORIENTED_EDGE('',*,*,#7517,.F.);
#8496 = ORIENTED_EDGE('',*,*,#8481,.T.);
#8497 = ORIENTED_EDGE('',*,*,#8498,.T.);
#8498 = EDGE_CURVE('',#8474,#8499,#8501,.T.);
#8499 = VERTEX_POINT('',#8500);
#8500 = CARTESIAN_POINT('',(-0.5,-1.2125,1.4));
#8501 = LINE('',#8502,#8503);
#8502 = CARTESIAN_POINT('',(-1.85,-1.2125,1.4));
#8503 = VECTOR('',#8504,1.);
#8504 = DIRECTION('',(1.,0.,0.));
#8505 = ORIENTED_EDGE('',*,*,#8506,.F.);
#8506 = EDGE_CURVE('',#7510,#8499,#8507,.T.);
#8507 = LINE('',#8508,#8509);
#8508 = CARTESIAN_POINT('',(-0.5,-1.2125,1.3));
#8509 = VECTOR('',#8510,1.);
#8510 = DIRECTION('',(0.,0.,1.));
#8511 = PLANE('',#8512);
#8512 = AXIS2_PLACEMENT_3D('',#8513,#8514,#8515);
#8513 = CARTESIAN_POINT('',(-1.85,-1.2125,1.3));
#8514 = DIRECTION('',(0.,1.,0.));
#8515 = DIRECTION('',(1.,0.,0.));
#8516 = ADVANCED_FACE('',(#8517),#8535,.T.);
#8517 = FACE_BOUND('',#8518,.F.);
#8518 = EDGE_LOOP('',(#8519,#8520,#8528,#8534));
#8519 = ORIENTED_EDGE('',*,*,#8506,.T.);
#8520 = ORIENTED_EDGE('',*,*,#8521,.T.);
#8521 = EDGE_CURVE('',#8499,#8522,#8524,.T.);
#8522 = VERTEX_POINT('',#8523);
#8523 = CARTESIAN_POINT('',(-0.25,-1.3125,1.4));
#8524 = LINE('',#8525,#8526);
#8525 = CARTESIAN_POINT('',(-0.5,-1.2125,1.4));
#8526 = VECTOR('',#8527,1.);
#8527 = DIRECTION('',(0.928476690885,-0.371390676354,0.));
#8528 = ORIENTED_EDGE('',*,*,#8529,.F.);
#8529 = EDGE_CURVE('',#7502,#8522,#8530,.T.);
#8530 = LINE('',#8531,#8532);
#8531 = CARTESIAN_POINT('',(-0.25,-1.3125,1.3));
#8532 = VECTOR('',#8533,1.);
#8533 = DIRECTION('',(0.,0.,1.));
#8534 = ORIENTED_EDGE('',*,*,#7509,.F.);
#8535 = PLANE('',#8536);
#8536 = AXIS2_PLACEMENT_3D('',#8537,#8538,#8539);
#8537 = CARTESIAN_POINT('',(-0.5,-1.2125,1.3));
#8538 = DIRECTION('',(-0.371390676354,-0.928476690885,-0.));
#8539 = DIRECTION('',(-0.928476690885,0.371390676354,0.));
#8540 = ADVANCED_FACE('',(#8541),#8559,.T.);
#8541 = FACE_BOUND('',#8542,.F.);
#8542 = EDGE_LOOP('',(#8543,#8544,#8552,#8558));
#8543 = ORIENTED_EDGE('',*,*,#8529,.T.);
#8544 = ORIENTED_EDGE('',*,*,#8545,.T.);
#8545 = EDGE_CURVE('',#8522,#8546,#8548,.T.);
#8546 = VERTEX_POINT('',#8547);
#8547 = CARTESIAN_POINT('',(0.25,-1.3125,1.4));
#8548 = LINE('',#8549,#8550);
#8549 = CARTESIAN_POINT('',(-0.25,-1.3125,1.4));
#8550 = VECTOR('',#8551,1.);
#8551 = DIRECTION('',(1.,1.110223024625E-16,0.));
#8552 = ORIENTED_EDGE('',*,*,#8553,.F.);
#8553 = EDGE_CURVE('',#7494,#8546,#8554,.T.);
#8554 = LINE('',#8555,#8556);
#8555 = CARTESIAN_POINT('',(0.25,-1.3125,1.3));
#8556 = VECTOR('',#8557,1.);
#8557 = DIRECTION('',(0.,0.,1.));
#8558 = ORIENTED_EDGE('',*,*,#7501,.F.);
#8559 = PLANE('',#8560);
#8560 = AXIS2_PLACEMENT_3D('',#8561,#8562,#8563);
#8561 = CARTESIAN_POINT('',(-0.25,-1.3125,1.3));
#8562 = DIRECTION('',(1.110223024625E-16,-1.,0.));
#8563 = DIRECTION('',(-1.,-1.110223024625E-16,0.));
#8564 = ADVANCED_FACE('',(#8565),#8583,.T.);
#8565 = FACE_BOUND('',#8566,.F.);
#8566 = EDGE_LOOP('',(#8567,#8568,#8576,#8582));
#8567 = ORIENTED_EDGE('',*,*,#8553,.T.);
#8568 = ORIENTED_EDGE('',*,*,#8569,.T.);
#8569 = EDGE_CURVE('',#8546,#8570,#8572,.T.);
#8570 = VERTEX_POINT('',#8571);
#8571 = CARTESIAN_POINT('',(0.5,-1.2125,1.4));
#8572 = LINE('',#8573,#8574);
#8573 = CARTESIAN_POINT('',(0.25,-1.3125,1.4));
#8574 = VECTOR('',#8575,1.);
#8575 = DIRECTION('',(0.928476690885,0.371390676354,0.));
#8576 = ORIENTED_EDGE('',*,*,#8577,.F.);
#8577 = EDGE_CURVE('',#7486,#8570,#8578,.T.);
#8578 = LINE('',#8579,#8580);
#8579 = CARTESIAN_POINT('',(0.5,-1.2125,1.3));
#8580 = VECTOR('',#8581,1.);
#8581 = DIRECTION('',(0.,0.,1.));
#8582 = ORIENTED_EDGE('',*,*,#7493,.F.);
#8583 = PLANE('',#8584);
#8584 = AXIS2_PLACEMENT_3D('',#8585,#8586,#8587);
#8585 = CARTESIAN_POINT('',(0.25,-1.3125,1.3));
#8586 = DIRECTION('',(0.371390676354,-0.928476690885,0.));
#8587 = DIRECTION('',(-0.928476690885,-0.371390676354,0.));
#8588 = ADVANCED_FACE('',(#8589),#8607,.F.);
#8589 = FACE_BOUND('',#8590,.F.);
#8590 = EDGE_LOOP('',(#8591,#8592,#8593,#8601));
#8591 = ORIENTED_EDGE('',*,*,#7485,.F.);
#8592 = ORIENTED_EDGE('',*,*,#8577,.T.);
#8593 = ORIENTED_EDGE('',*,*,#8594,.T.);
#8594 = EDGE_CURVE('',#8570,#8595,#8597,.T.);
#8595 = VERTEX_POINT('',#8596);
#8596 = CARTESIAN_POINT('',(1.35,-1.2125,1.4));
#8597 = LINE('',#8598,#8599);
#8598 = CARTESIAN_POINT('',(-1.85,-1.2125,1.4));
#8599 = VECTOR('',#8600,1.);
#8600 = DIRECTION('',(1.,0.,0.));
#8601 = ORIENTED_EDGE('',*,*,#8602,.F.);
#8602 = EDGE_CURVE('',#7478,#8595,#8603,.T.);
#8603 = LINE('',#8604,#8605);
#8604 = CARTESIAN_POINT('',(1.35,-1.2125,1.3));
#8605 = VECTOR('',#8606,1.);
#8606 = DIRECTION('',(0.,0.,1.));
#8607 = PLANE('',#8608);
#8608 = AXIS2_PLACEMENT_3D('',#8609,#8610,#8611);
#8609 = CARTESIAN_POINT('',(-1.85,-1.2125,1.3));
#8610 = DIRECTION('',(0.,1.,0.));
#8611 = DIRECTION('',(1.,0.,0.));
#8612 = ADVANCED_FACE('',(#8613),#8631,.T.);
#8613 = FACE_BOUND('',#8614,.F.);
#8614 = EDGE_LOOP('',(#8615,#8616,#8624,#8630));
#8615 = ORIENTED_EDGE('',*,*,#8602,.T.);
#8616 = ORIENTED_EDGE('',*,*,#8617,.T.);
#8617 = EDGE_CURVE('',#8595,#8618,#8620,.T.);
#8618 = VERTEX_POINT('',#8619);
#8619 = CARTESIAN_POINT('',(1.35,-1.3125,1.4));
#8620 = LINE('',#8621,#8622);
#8621 = CARTESIAN_POINT('',(1.35,-1.2125,1.4));
#8622 = VECTOR('',#8623,1.);
#8623 = DIRECTION('',(1.110223024625E-16,-1.,0.));
#8624 = ORIENTED_EDGE('',*,*,#8625,.F.);
#8625 = EDGE_CURVE('',#7470,#8618,#8626,.T.);
#8626 = LINE('',#8627,#8628);
#8627 = CARTESIAN_POINT('',(1.35,-1.3125,1.3));
#8628 = VECTOR('',#8629,1.);
#8629 = DIRECTION('',(0.,0.,1.));
#8630 = ORIENTED_EDGE('',*,*,#7477,.F.);
#8631 = PLANE('',#8632);
#8632 = AXIS2_PLACEMENT_3D('',#8633,#8634,#8635);
#8633 = CARTESIAN_POINT('',(1.35,-1.2125,1.3));
#8634 = DIRECTION('',(-1.,-1.110223024625E-16,-0.));
#8635 = DIRECTION('',(-1.110223024625E-16,1.,0.));
#8636 = ADVANCED_FACE('',(#8637),#8655,.T.);
#8637 = FACE_BOUND('',#8638,.F.);
#8638 = EDGE_LOOP('',(#8639,#8640,#8648,#8654));
#8639 = ORIENTED_EDGE('',*,*,#8625,.T.);
#8640 = ORIENTED_EDGE('',*,*,#8641,.T.);
#8641 = EDGE_CURVE('',#8618,#8642,#8644,.T.);
#8642 = VERTEX_POINT('',#8643);
#8643 = CARTESIAN_POINT('',(1.85,-1.3125,1.4));
#8644 = LINE('',#8645,#8646);
#8645 = CARTESIAN_POINT('',(1.35,-1.3125,1.4));
#8646 = VECTOR('',#8647,1.);
#8647 = DIRECTION('',(1.,1.110223024625E-16,0.));
#8648 = ORIENTED_EDGE('',*,*,#8649,.F.);
#8649 = EDGE_CURVE('',#7462,#8642,#8650,.T.);
#8650 = LINE('',#8651,#8652);
#8651 = CARTESIAN_POINT('',(1.85,-1.3125,1.3));
#8652 = VECTOR('',#8653,1.);
#8653 = DIRECTION('',(0.,0.,1.));
#8654 = ORIENTED_EDGE('',*,*,#7469,.F.);
#8655 = PLANE('',#8656);
#8656 = AXIS2_PLACEMENT_3D('',#8657,#8658,#8659);
#8657 = CARTESIAN_POINT('',(1.35,-1.3125,1.3));
#8658 = DIRECTION('',(1.110223024625E-16,-1.,0.));
#8659 = DIRECTION('',(-1.,-1.110223024625E-16,0.));
#8660 = ADVANCED_FACE('',(#8661),#8679,.F.);
#8661 = FACE_BOUND('',#8662,.F.);
#8662 = EDGE_LOOP('',(#8663,#8671,#8672,#8673));
#8663 = ORIENTED_EDGE('',*,*,#8664,.F.);
#8664 = EDGE_CURVE('',#7454,#8665,#8667,.T.);
#8665 = VERTEX_POINT('',#8666);
#8666 = CARTESIAN_POINT('',(1.85,-1.,1.4));
#8667 = LINE('',#8668,#8669);
#8668 = CARTESIAN_POINT('',(1.85,-1.,1.3));
#8669 = VECTOR('',#8670,1.);
#8670 = DIRECTION('',(0.,0.,1.));
#8671 = ORIENTED_EDGE('',*,*,#7461,.T.);
#8672 = ORIENTED_EDGE('',*,*,#8649,.T.);
#8673 = ORIENTED_EDGE('',*,*,#8674,.T.);
#8674 = EDGE_CURVE('',#8642,#8665,#8675,.T.);
#8675 = LINE('',#8676,#8677);
#8676 = CARTESIAN_POINT('',(1.85,-1.3125,1.4));
#8677 = VECTOR('',#8678,1.);
#8678 = DIRECTION('',(-2.433365533425E-16,1.,0.));
#8679 = PLANE('',#8680);
#8680 = AXIS2_PLACEMENT_3D('',#8681,#8682,#8683);
#8681 = CARTESIAN_POINT('',(1.85,-1.2125,1.3));
#8682 = DIRECTION('',(-1.,0.,0.));
#8683 = DIRECTION('',(0.,1.,0.));
#8684 = ADVANCED_FACE('',(#8685),#8729,.T.);
#8685 = FACE_BOUND('',#8686,.F.);
#8686 = EDGE_LOOP('',(#8687,#8695,#8696,#8697,#8698,#8706,#8715,#8723));
#8687 = ORIENTED_EDGE('',*,*,#8688,.F.);
#8688 = EDGE_CURVE('',#8270,#8689,#8691,.T.);
#8689 = VERTEX_POINT('',#8690);
#8690 = CARTESIAN_POINT('',(2.,-1.,0.7));
#8691 = LINE('',#8692,#8693);
#8692 = CARTESIAN_POINT('',(2.,-1.,1.3));
#8693 = VECTOR('',#8694,1.);
#8694 = DIRECTION('',(-0.,-0.,-1.));
#8695 = ORIENTED_EDGE('',*,*,#8269,.T.);
#8696 = ORIENTED_EDGE('',*,*,#7453,.T.);
#8697 = ORIENTED_EDGE('',*,*,#8664,.T.);
#8698 = ORIENTED_EDGE('',*,*,#8699,.T.);
#8699 = EDGE_CURVE('',#8665,#8700,#8702,.T.);
#8700 = VERTEX_POINT('',#8701);
#8701 = CARTESIAN_POINT('',(2.,-1.,1.4));
#8702 = LINE('',#8703,#8704);
#8703 = CARTESIAN_POINT('',(1.85,-1.,1.4));
#8704 = VECTOR('',#8705,1.);
#8705 = DIRECTION('',(1.,0.,0.));
#8706 = ORIENTED_EDGE('',*,*,#8707,.T.);
#8707 = EDGE_CURVE('',#8700,#8708,#8710,.T.);
#8708 = VERTEX_POINT('',#8709);
#8709 = CARTESIAN_POINT('',(2.1,-1.,1.3));
#8710 = CIRCLE('',#8711,0.1);
#8711 = AXIS2_PLACEMENT_3D('',#8712,#8713,#8714);
#8712 = CARTESIAN_POINT('',(2.,-1.,1.3));
#8713 = DIRECTION('',(-0.,1.,0.));
#8714 = DIRECTION('',(4.440892098501E-15,0.,1.));
#8715 = ORIENTED_EDGE('',*,*,#8716,.T.);
#8716 = EDGE_CURVE('',#8708,#8717,#8719,.T.);
#8717 = VERTEX_POINT('',#8718);
#8718 = CARTESIAN_POINT('',(2.1,-1.,0.7));
#8719 = LINE('',#8720,#8721);
#8720 = CARTESIAN_POINT('',(2.1,-1.,1.3));
#8721 = VECTOR('',#8722,1.);
#8722 = DIRECTION('',(-0.,-0.,-1.));
#8723 = ORIENTED_EDGE('',*,*,#8724,.F.);
#8724 = EDGE_CURVE('',#8689,#8717,#8725,.T.);
#8725 = LINE('',#8726,#8727);
#8726 = CARTESIAN_POINT('',(2.,-1.,0.7));
#8727 = VECTOR('',#8728,1.);
#8728 = DIRECTION('',(1.,0.,0.));
#8729 = PLANE('',#8730);
#8730 = AXIS2_PLACEMENT_3D('',#8731,#8732,#8733);
#8731 = CARTESIAN_POINT('',(2.,-1.,1.3));
#8732 = DIRECTION('',(-0.,-1.,-0.));
#8733 = DIRECTION('',(0.,0.,1.));
#8734 = ADVANCED_FACE('',(#8735),#8741,.F.);
#8735 = FACE_BOUND('',#8736,.F.);
#8736 = EDGE_LOOP('',(#8737,#8738,#8739,#8740));
#8737 = ORIENTED_EDGE('',*,*,#7580,.T.);
#8738 = ORIENTED_EDGE('',*,*,#7596,.T.);
#8739 = ORIENTED_EDGE('',*,*,#7626,.F.);
#8740 = ORIENTED_EDGE('',*,*,#8293,.F.);
#8741 = PLANE('',#8742);
#8742 = AXIS2_PLACEMENT_3D('',#8743,#8744,#8745);
#8743 = CARTESIAN_POINT('',(-2.3,1.1,0.));
#8744 = DIRECTION('',(1.,-1.224646799147E-16,0.));
#8745 = DIRECTION('',(-1.224646799147E-16,-1.,0.));
#8746 = ADVANCED_FACE('',(#8747),#8753,.F.);
#8747 = FACE_BOUND('',#8748,.F.);
#8748 = EDGE_LOOP('',(#8749,#8750,#8751,#8752));
#8749 = ORIENTED_EDGE('',*,*,#7659,.T.);
#8750 = ORIENTED_EDGE('',*,*,#7675,.T.);
#8751 = ORIENTED_EDGE('',*,*,#7705,.F.);
#8752 = ORIENTED_EDGE('',*,*,#8350,.F.);
#8753 = PLANE('',#8754);
#8754 = AXIS2_PLACEMENT_3D('',#8755,#8756,#8757);
#8755 = CARTESIAN_POINT('',(-2.3,-0.5,0.));
#8756 = DIRECTION('',(1.,-1.224646799147E-16,0.));
#8757 = DIRECTION('',(-1.224646799147E-16,-1.,0.));
#8758 = ADVANCED_FACE('',(#8759),#8811,.T.);
#8759 = FACE_BOUND('',#8760,.T.);
#8760 = EDGE_LOOP('',(#8761,#8762,#8771,#8779,#8788,#8794,#8795,#8801,
    #8802,#8803,#8804,#8810));
#8761 = ORIENTED_EDGE('',*,*,#8367,.T.);
#8762 = ORIENTED_EDGE('',*,*,#8763,.T.);
#8763 = EDGE_CURVE('',#8368,#8764,#8766,.T.);
#8764 = VERTEX_POINT('',#8765);
#8765 = CARTESIAN_POINT('',(-2.,-0.75,0.45));
#8766 = CIRCLE('',#8767,0.25);
#8767 = AXIS2_PLACEMENT_3D('',#8768,#8769,#8770);
#8768 = CARTESIAN_POINT('',(-2.,-0.75,0.7));
#8769 = DIRECTION('',(1.,-1.224646799147E-16,0.));
#8770 = DIRECTION('',(0.,0.,1.));
#8771 = ORIENTED_EDGE('',*,*,#8772,.T.);
#8772 = EDGE_CURVE('',#8764,#8773,#8775,.T.);
#8773 = VERTEX_POINT('',#8774);
#8774 = CARTESIAN_POINT('',(-2.,0.75,0.45));
#8775 = LINE('',#8776,#8777);
#8776 = CARTESIAN_POINT('',(-2.,-0.75,0.45));
#8777 = VECTOR('',#8778,1.);
#8778 = DIRECTION('',(1.224646799147E-16,1.,0.));
#8779 = ORIENTED_EDGE('',*,*,#8780,.F.);
#8780 = EDGE_CURVE('',#8781,#8773,#8783,.T.);
#8781 = VERTEX_POINT('',#8782);
#8782 = CARTESIAN_POINT('',(-2.,1.,0.7));
#8783 = CIRCLE('',#8784,0.25);
#8784 = AXIS2_PLACEMENT_3D('',#8785,#8786,#8787);
#8785 = CARTESIAN_POINT('',(-2.,0.75,0.7));
#8786 = DIRECTION('',(-1.,1.224646799147E-16,0.));
#8787 = DIRECTION('',(0.,0.,1.));
#8788 = ORIENTED_EDGE('',*,*,#8789,.F.);
#8789 = EDGE_CURVE('',#7951,#8781,#8790,.T.);
#8790 = LINE('',#8791,#8792);
#8791 = CARTESIAN_POINT('',(-2.,1.,1.3));
#8792 = VECTOR('',#8793,1.);
#8793 = DIRECTION('',(0.,0.,-1.));
#8794 = ORIENTED_EDGE('',*,*,#7958,.F.);
#8795 = ORIENTED_EDGE('',*,*,#8796,.F.);
#8796 = EDGE_CURVE('',#7810,#7959,#8797,.T.);
#8797 = LINE('',#8798,#8799);
#8798 = CARTESIAN_POINT('',(-2.,0.4,0.75));
#8799 = VECTOR('',#8800,1.);
#8800 = DIRECTION('',(0.,0.,1.));
#8801 = ORIENTED_EDGE('',*,*,#7809,.F.);
#8802 = ORIENTED_EDGE('',*,*,#7792,.T.);
#8803 = ORIENTED_EDGE('',*,*,#7761,.T.);
#8804 = ORIENTED_EDGE('',*,*,#8805,.T.);
#8805 = EDGE_CURVE('',#7762,#7723,#8806,.T.);
#8806 = LINE('',#8807,#8808);
#8807 = CARTESIAN_POINT('',(-2.,-0.4,0.75));
#8808 = VECTOR('',#8809,1.);
#8809 = DIRECTION('',(0.,0.,1.));
#8810 = ORIENTED_EDGE('',*,*,#7730,.T.);
#8811 = PLANE('',#8812);
#8812 = AXIS2_PLACEMENT_3D('',#8813,#8814,#8815);
#8813 = CARTESIAN_POINT('',(-2.,-0.559459459459,0.815540540541));
#8814 = DIRECTION('',(1.,-1.224646799147E-16,0.));
#8815 = DIRECTION('',(0.,0.,-1.));
#8816 = ADVANCED_FACE('',(#8817),#8868,.T.);
#8817 = FACE_BOUND('',#8818,.T.);
#8818 = EDGE_LOOP('',(#8819,#8820,#8828,#8836,#8845,#8853,#8861,#8867));
#8819 = ORIENTED_EDGE('',*,*,#8805,.F.);
#8820 = ORIENTED_EDGE('',*,*,#8821,.F.);
#8821 = EDGE_CURVE('',#8822,#7762,#8824,.T.);
#8822 = VERTEX_POINT('',#8823);
#8823 = CARTESIAN_POINT('',(-2.1,-0.4,1.05));
#8824 = LINE('',#8825,#8826);
#8825 = CARTESIAN_POINT('',(-2.1,-0.4,1.05));
#8826 = VECTOR('',#8827,1.);
#8827 = DIRECTION('',(0.624695047554,-7.650307904309E-17,0.780868809443)
  );
#8828 = ORIENTED_EDGE('',*,*,#8829,.T.);
#8829 = EDGE_CURVE('',#8822,#8830,#8832,.T.);
#8830 = VERTEX_POINT('',#8831);
#8831 = CARTESIAN_POINT('',(-2.1,-0.4,1.3));
#8832 = LINE('',#8833,#8834);
#8833 = CARTESIAN_POINT('',(-2.1,-0.4,0.75));
#8834 = VECTOR('',#8835,1.);
#8835 = DIRECTION('',(0.,0.,1.));
#8836 = ORIENTED_EDGE('',*,*,#8837,.F.);
#8837 = EDGE_CURVE('',#8838,#8830,#8840,.T.);
#8838 = VERTEX_POINT('',#8839);
#8839 = CARTESIAN_POINT('',(-2.,-0.4,1.4));
#8840 = CIRCLE('',#8841,0.1);
#8841 = AXIS2_PLACEMENT_3D('',#8842,#8843,#8844);
#8842 = CARTESIAN_POINT('',(-2.,-0.4,1.3));
#8843 = DIRECTION('',(-1.224646799147E-16,-1.,0.));
#8844 = DIRECTION('',(-4.440892098501E-15,5.438524293786E-31,1.));
#8845 = ORIENTED_EDGE('',*,*,#8846,.F.);
#8846 = EDGE_CURVE('',#8847,#8838,#8849,.T.);
#8847 = VERTEX_POINT('',#8848);
#8848 = CARTESIAN_POINT('',(-1.85,-0.4,1.4));
#8849 = LINE('',#8850,#8851);
#8850 = CARTESIAN_POINT('',(-1.85,-0.4,1.4));
#8851 = VECTOR('',#8852,1.);
#8852 = DIRECTION('',(-1.,1.224646799147E-16,0.));
#8853 = ORIENTED_EDGE('',*,*,#8854,.F.);
#8854 = EDGE_CURVE('',#8855,#8847,#8857,.T.);
#8855 = VERTEX_POINT('',#8856);
#8856 = CARTESIAN_POINT('',(-1.85,-0.4,1.3));
#8857 = LINE('',#8858,#8859);
#8858 = CARTESIAN_POINT('',(-1.85,-0.4,1.3));
#8859 = VECTOR('',#8860,1.);
#8860 = DIRECTION('',(0.,0.,1.));
#8861 = ORIENTED_EDGE('',*,*,#8862,.F.);
#8862 = EDGE_CURVE('',#7106,#8855,#8863,.T.);
#8863 = LINE('',#8864,#8865);
#8864 = CARTESIAN_POINT('',(-2.1,-0.4,1.3));
#8865 = VECTOR('',#8866,1.);
#8866 = DIRECTION('',(1.,-1.224646799147E-16,0.));
#8867 = ORIENTED_EDGE('',*,*,#7722,.F.);
#8868 = PLANE('',#8869);
#8869 = AXIS2_PLACEMENT_3D('',#8870,#8871,#8872);
#8870 = CARTESIAN_POINT('',(-2.,-0.4,0.75));
#8871 = DIRECTION('',(1.224646799147E-16,1.,0.));
#8872 = DIRECTION('',(0.,-0.,1.));
#8873 = ADVANCED_FACE('',(#8874),#8899,.F.);
#8874 = FACE_BOUND('',#8875,.F.);
#8875 = EDGE_LOOP('',(#8876,#8884,#8890,#8891,#8897,#8898));
#8876 = ORIENTED_EDGE('',*,*,#8877,.T.);
#8877 = EDGE_CURVE('',#8822,#8878,#8880,.T.);
#8878 = VERTEX_POINT('',#8879);
#8879 = CARTESIAN_POINT('',(-2.1,0.4,1.05));
#8880 = LINE('',#8881,#8882);
#8881 = CARTESIAN_POINT('',(-2.1,-0.4,1.05));
#8882 = VECTOR('',#8883,1.);
#8883 = DIRECTION('',(1.224646799147E-16,1.,0.));
#8884 = ORIENTED_EDGE('',*,*,#8885,.T.);
#8885 = EDGE_CURVE('',#8878,#7810,#8886,.T.);
#8886 = LINE('',#8887,#8888);
#8887 = CARTESIAN_POINT('',(-2.1,0.4,1.05));
#8888 = VECTOR('',#8889,1.);
#8889 = DIRECTION('',(0.624695047554,-7.650307904309E-17,0.780868809443)
  );
#8890 = ORIENTED_EDGE('',*,*,#7817,.T.);
#8891 = ORIENTED_EDGE('',*,*,#8892,.T.);
#8892 = EDGE_CURVE('',#7082,#7106,#8893,.T.);
#8893 = LINE('',#8894,#8895);
#8894 = CARTESIAN_POINT('',(-1.9,0.4,1.3));
#8895 = VECTOR('',#8896,1.);
#8896 = DIRECTION('',(-1.224646799147E-16,-1.,0.));
#8897 = ORIENTED_EDGE('',*,*,#7769,.F.);
#8898 = ORIENTED_EDGE('',*,*,#8821,.F.);
#8899 = PLANE('',#8900);
#8900 = AXIS2_PLACEMENT_3D('',#8901,#8902,#8903);
#8901 = CARTESIAN_POINT('',(-2.1,-0.4,1.05));
#8902 = DIRECTION('',(0.780868809443,-9.562884880387E-17,-0.624695047554
    ));
#8903 = DIRECTION('',(0.624695047554,-7.650307904309E-17,0.780868809443)
  );
#8904 = ADVANCED_FACE('',(#8905),#8956,.T.);
#8905 = FACE_BOUND('',#8906,.T.);
#8906 = EDGE_LOOP('',(#8907,#8915,#8916,#8917,#8925,#8933,#8942,#8950));
#8907 = ORIENTED_EDGE('',*,*,#8908,.F.);
#8908 = EDGE_CURVE('',#8151,#8909,#8911,.T.);
#8909 = VERTEX_POINT('',#8910);
#8910 = CARTESIAN_POINT('',(2.,1.,0.7));
#8911 = LINE('',#8912,#8913);
#8912 = CARTESIAN_POINT('',(2.,1.,1.3));
#8913 = VECTOR('',#8914,1.);
#8914 = DIRECTION('',(0.,0.,-1.));
#8915 = ORIENTED_EDGE('',*,*,#8150,.T.);
#8916 = ORIENTED_EDGE('',*,*,#7928,.T.);
#8917 = ORIENTED_EDGE('',*,*,#8918,.T.);
#8918 = EDGE_CURVE('',#7921,#8919,#8921,.T.);
#8919 = VERTEX_POINT('',#8920);
#8920 = CARTESIAN_POINT('',(1.85,1.,1.4));
#8921 = LINE('',#8922,#8923);
#8922 = CARTESIAN_POINT('',(1.85,1.,1.3));
#8923 = VECTOR('',#8924,1.);
#8924 = DIRECTION('',(0.,0.,1.));
#8925 = ORIENTED_EDGE('',*,*,#8926,.T.);
#8926 = EDGE_CURVE('',#8919,#8927,#8929,.T.);
#8927 = VERTEX_POINT('',#8928);
#8928 = CARTESIAN_POINT('',(2.,1.,1.4));
#8929 = LINE('',#8930,#8931);
#8930 = CARTESIAN_POINT('',(1.85,1.,1.4));
#8931 = VECTOR('',#8932,1.);
#8932 = DIRECTION('',(1.,0.,0.));
#8933 = ORIENTED_EDGE('',*,*,#8934,.T.);
#8934 = EDGE_CURVE('',#8927,#8935,#8937,.T.);
#8935 = VERTEX_POINT('',#8936);
#8936 = CARTESIAN_POINT('',(2.1,1.,1.3));
#8937 = CIRCLE('',#8938,0.1);
#8938 = AXIS2_PLACEMENT_3D('',#8939,#8940,#8941);
#8939 = CARTESIAN_POINT('',(2.,1.,1.3));
#8940 = DIRECTION('',(-0.,1.,0.));
#8941 = DIRECTION('',(4.440892098501E-15,0.,1.));
#8942 = ORIENTED_EDGE('',*,*,#8943,.T.);
#8943 = EDGE_CURVE('',#8935,#8944,#8946,.T.);
#8944 = VERTEX_POINT('',#8945);
#8945 = CARTESIAN_POINT('',(2.1,1.,0.7));
#8946 = LINE('',#8947,#8948);
#8947 = CARTESIAN_POINT('',(2.1,1.,1.3));
#8948 = VECTOR('',#8949,1.);
#8949 = DIRECTION('',(0.,0.,-1.));
#8950 = ORIENTED_EDGE('',*,*,#8951,.F.);
#8951 = EDGE_CURVE('',#8909,#8944,#8952,.T.);
#8952 = LINE('',#8953,#8954);
#8953 = CARTESIAN_POINT('',(2.,1.,0.7));
#8954 = VECTOR('',#8955,1.);
#8955 = DIRECTION('',(1.,0.,0.));
#8956 = PLANE('',#8957);
#8957 = AXIS2_PLACEMENT_3D('',#8958,#8959,#8960);
#8958 = CARTESIAN_POINT('',(2.,1.,1.3));
#8959 = DIRECTION('',(0.,1.,0.));
#8960 = DIRECTION('',(0.,0.,-1.));
#8961 = ADVANCED_FACE('',(#8962),#8980,.F.);
#8962 = FACE_BOUND('',#8963,.F.);
#8963 = EDGE_LOOP('',(#8964,#8965,#8966,#8974));
#8964 = ORIENTED_EDGE('',*,*,#7920,.T.);
#8965 = ORIENTED_EDGE('',*,*,#8918,.T.);
#8966 = ORIENTED_EDGE('',*,*,#8967,.T.);
#8967 = EDGE_CURVE('',#8919,#8968,#8970,.T.);
#8968 = VERTEX_POINT('',#8969);
#8969 = CARTESIAN_POINT('',(1.85,1.3625,1.4));
#8970 = LINE('',#8971,#8972);
#8971 = CARTESIAN_POINT('',(1.85,0.4,1.4));
#8972 = VECTOR('',#8973,1.);
#8973 = DIRECTION('',(0.,1.,0.));
#8974 = ORIENTED_EDGE('',*,*,#8975,.F.);
#8975 = EDGE_CURVE('',#7913,#8968,#8976,.T.);
#8976 = LINE('',#8977,#8978);
#8977 = CARTESIAN_POINT('',(1.85,1.3625,1.3));
#8978 = VECTOR('',#8979,1.);
#8979 = DIRECTION('',(0.,0.,1.));
#8980 = PLANE('',#8981);
#8981 = AXIS2_PLACEMENT_3D('',#8982,#8983,#8984);
#8982 = CARTESIAN_POINT('',(1.85,-1.2125,1.3));
#8983 = DIRECTION('',(-1.,0.,0.));
#8984 = DIRECTION('',(0.,1.,0.));
#8985 = ADVANCED_FACE('',(#8986),#9004,.T.);
#8986 = FACE_BOUND('',#8987,.T.);
#8987 = EDGE_LOOP('',(#8988,#8996,#9002,#9003));
#8988 = ORIENTED_EDGE('',*,*,#8989,.T.);
#8989 = EDGE_CURVE('',#7905,#8990,#8992,.T.);
#8990 = VERTEX_POINT('',#8991);
#8991 = CARTESIAN_POINT('',(0.95,1.3625,1.4));
#8992 = LINE('',#8993,#8994);
#8993 = CARTESIAN_POINT('',(0.95,1.3625,1.3));
#8994 = VECTOR('',#8995,1.);
#8995 = DIRECTION('',(0.,0.,1.));
#8996 = ORIENTED_EDGE('',*,*,#8997,.T.);
#8997 = EDGE_CURVE('',#8990,#8968,#8998,.T.);
#8998 = LINE('',#8999,#9000);
#8999 = CARTESIAN_POINT('',(0.95,1.3625,1.4));
#9000 = VECTOR('',#9001,1.);
#9001 = DIRECTION('',(1.,-1.110223024625E-16,0.));
#9002 = ORIENTED_EDGE('',*,*,#8975,.F.);
#9003 = ORIENTED_EDGE('',*,*,#7912,.F.);
#9004 = PLANE('',#9005);
#9005 = AXIS2_PLACEMENT_3D('',#9006,#9007,#9008);
#9006 = CARTESIAN_POINT('',(0.95,1.3625,1.3));
#9007 = DIRECTION('',(1.110223024625E-16,1.,0.));
#9008 = DIRECTION('',(1.,-1.110223024625E-16,0.));
#9009 = ADVANCED_FACE('',(#9010),#9028,.T.);
#9010 = FACE_BOUND('',#9011,.T.);
#9011 = EDGE_LOOP('',(#9012,#9020,#9026,#9027));
#9012 = ORIENTED_EDGE('',*,*,#9013,.T.);
#9013 = EDGE_CURVE('',#7897,#9014,#9016,.T.);
#9014 = VERTEX_POINT('',#9015);
#9015 = CARTESIAN_POINT('',(0.95,1.2125,1.4));
#9016 = LINE('',#9017,#9018);
#9017 = CARTESIAN_POINT('',(0.95,1.2125,1.3));
#9018 = VECTOR('',#9019,1.);
#9019 = DIRECTION('',(0.,0.,1.));
#9020 = ORIENTED_EDGE('',*,*,#9021,.T.);
#9021 = EDGE_CURVE('',#9014,#8990,#9022,.T.);
#9022 = LINE('',#9023,#9024);
#9023 = CARTESIAN_POINT('',(0.95,1.2125,1.4));
#9024 = VECTOR('',#9025,1.);
#9025 = DIRECTION('',(1.110223024625E-16,1.,0.));
#9026 = ORIENTED_EDGE('',*,*,#8989,.F.);
#9027 = ORIENTED_EDGE('',*,*,#7904,.F.);
#9028 = PLANE('',#9029);
#9029 = AXIS2_PLACEMENT_3D('',#9030,#9031,#9032);
#9030 = CARTESIAN_POINT('',(0.95,1.2125,1.3));
#9031 = DIRECTION('',(-1.,1.110223024625E-16,0.));
#9032 = DIRECTION('',(1.110223024625E-16,1.,0.));
#9033 = ADVANCED_FACE('',(#9034),#9052,.F.);
#9034 = FACE_BOUND('',#9035,.F.);
#9035 = EDGE_LOOP('',(#9036,#9037,#9038,#9046));
#9036 = ORIENTED_EDGE('',*,*,#7896,.F.);
#9037 = ORIENTED_EDGE('',*,*,#9013,.T.);
#9038 = ORIENTED_EDGE('',*,*,#9039,.T.);
#9039 = EDGE_CURVE('',#9014,#9040,#9042,.T.);
#9040 = VERTEX_POINT('',#9041);
#9041 = CARTESIAN_POINT('',(0.6,1.2125,1.4));
#9042 = LINE('',#9043,#9044);
#9043 = CARTESIAN_POINT('',(1.85,1.2125,1.4));
#9044 = VECTOR('',#9045,1.);
#9045 = DIRECTION('',(-1.,0.,0.));
#9046 = ORIENTED_EDGE('',*,*,#9047,.F.);
#9047 = EDGE_CURVE('',#7889,#9040,#9048,.T.);
#9048 = LINE('',#9049,#9050);
#9049 = CARTESIAN_POINT('',(0.6,1.2125,1.3));
#9050 = VECTOR('',#9051,1.);
#9051 = DIRECTION('',(0.,0.,1.));
#9052 = PLANE('',#9053);
#9053 = AXIS2_PLACEMENT_3D('',#9054,#9055,#9056);
#9054 = CARTESIAN_POINT('',(1.85,1.2125,1.3));
#9055 = DIRECTION('',(0.,-1.,0.));
#9056 = DIRECTION('',(-1.,0.,0.));
#9057 = ADVANCED_FACE('',(#9058),#9076,.T.);
#9058 = FACE_BOUND('',#9059,.T.);
#9059 = EDGE_LOOP('',(#9060,#9068,#9074,#9075));
#9060 = ORIENTED_EDGE('',*,*,#9061,.T.);
#9061 = EDGE_CURVE('',#7881,#9062,#9064,.T.);
#9062 = VERTEX_POINT('',#9063);
#9063 = CARTESIAN_POINT('',(0.5,1.3125,1.4));
#9064 = LINE('',#9065,#9066);
#9065 = CARTESIAN_POINT('',(0.5,1.3125,1.3));
#9066 = VECTOR('',#9067,1.);
#9067 = DIRECTION('',(0.,0.,1.));
#9068 = ORIENTED_EDGE('',*,*,#9069,.T.);
#9069 = EDGE_CURVE('',#9062,#9040,#9070,.T.);
#9070 = LINE('',#9071,#9072);
#9071 = CARTESIAN_POINT('',(0.5,1.3125,1.4));
#9072 = VECTOR('',#9073,1.);
#9073 = DIRECTION('',(0.707106781187,-0.707106781187,0.));
#9074 = ORIENTED_EDGE('',*,*,#9047,.F.);
#9075 = ORIENTED_EDGE('',*,*,#7888,.F.);
#9076 = PLANE('',#9077);
#9077 = AXIS2_PLACEMENT_3D('',#9078,#9079,#9080);
#9078 = CARTESIAN_POINT('',(0.5,1.3125,1.3));
#9079 = DIRECTION('',(0.707106781187,0.707106781187,0.));
#9080 = DIRECTION('',(0.707106781187,-0.707106781187,0.));
#9081 = ADVANCED_FACE('',(#9082),#9100,.T.);
#9082 = FACE_BOUND('',#9083,.T.);
#9083 = EDGE_LOOP('',(#9084,#9092,#9098,#9099));
#9084 = ORIENTED_EDGE('',*,*,#9085,.T.);
#9085 = EDGE_CURVE('',#7873,#9086,#9088,.T.);
#9086 = VERTEX_POINT('',#9087);
#9087 = CARTESIAN_POINT('',(-0.5,1.3125,1.4));
#9088 = LINE('',#9089,#9090);
#9089 = CARTESIAN_POINT('',(-0.5,1.3125,1.3));
#9090 = VECTOR('',#9091,1.);
#9091 = DIRECTION('',(0.,0.,1.));
#9092 = ORIENTED_EDGE('',*,*,#9093,.T.);
#9093 = EDGE_CURVE('',#9086,#9062,#9094,.T.);
#9094 = LINE('',#9095,#9096);
#9095 = CARTESIAN_POINT('',(-0.5,1.3125,1.4));
#9096 = VECTOR('',#9097,1.);
#9097 = DIRECTION('',(1.,-1.110223024625E-16,0.));
#9098 = ORIENTED_EDGE('',*,*,#9061,.F.);
#9099 = ORIENTED_EDGE('',*,*,#7880,.F.);
#9100 = PLANE('',#9101);
#9101 = AXIS2_PLACEMENT_3D('',#9102,#9103,#9104);
#9102 = CARTESIAN_POINT('',(-0.5,1.3125,1.3));
#9103 = DIRECTION('',(1.110223024625E-16,1.,0.));
#9104 = DIRECTION('',(1.,-1.110223024625E-16,0.));
#9105 = ADVANCED_FACE('',(#9106),#9124,.T.);
#9106 = FACE_BOUND('',#9107,.T.);
#9107 = EDGE_LOOP('',(#9108,#9116,#9122,#9123));
#9108 = ORIENTED_EDGE('',*,*,#9109,.T.);
#9109 = EDGE_CURVE('',#7865,#9110,#9112,.T.);
#9110 = VERTEX_POINT('',#9111);
#9111 = CARTESIAN_POINT('',(-0.6,1.2125,1.4));
#9112 = LINE('',#9113,#9114);
#9113 = CARTESIAN_POINT('',(-0.6,1.2125,1.3));
#9114 = VECTOR('',#9115,1.);
#9115 = DIRECTION('',(0.,0.,1.));
#9116 = ORIENTED_EDGE('',*,*,#9117,.T.);
#9117 = EDGE_CURVE('',#9110,#9086,#9118,.T.);
#9118 = LINE('',#9119,#9120);
#9119 = CARTESIAN_POINT('',(-0.6,1.2125,1.4));
#9120 = VECTOR('',#9121,1.);
#9121 = DIRECTION('',(0.707106781187,0.707106781187,0.));
#9122 = ORIENTED_EDGE('',*,*,#9085,.F.);
#9123 = ORIENTED_EDGE('',*,*,#7872,.F.);
#9124 = PLANE('',#9125);
#9125 = AXIS2_PLACEMENT_3D('',#9126,#9127,#9128);
#9126 = CARTESIAN_POINT('',(-0.6,1.2125,1.3));
#9127 = DIRECTION('',(-0.707106781187,0.707106781187,0.));
#9128 = DIRECTION('',(0.707106781187,0.707106781187,0.));
#9129 = ADVANCED_FACE('',(#9130),#9148,.F.);
#9130 = FACE_BOUND('',#9131,.F.);
#9131 = EDGE_LOOP('',(#9132,#9133,#9134,#9142));
#9132 = ORIENTED_EDGE('',*,*,#7864,.F.);
#9133 = ORIENTED_EDGE('',*,*,#9109,.T.);
#9134 = ORIENTED_EDGE('',*,*,#9135,.T.);
#9135 = EDGE_CURVE('',#9110,#9136,#9138,.T.);
#9136 = VERTEX_POINT('',#9137);
#9137 = CARTESIAN_POINT('',(-0.95,1.2125,1.4));
#9138 = LINE('',#9139,#9140);
#9139 = CARTESIAN_POINT('',(1.85,1.2125,1.4));
#9140 = VECTOR('',#9141,1.);
#9141 = DIRECTION('',(-1.,0.,0.));
#9142 = ORIENTED_EDGE('',*,*,#9143,.F.);
#9143 = EDGE_CURVE('',#7857,#9136,#9144,.T.);
#9144 = LINE('',#9145,#9146);
#9145 = CARTESIAN_POINT('',(-0.95,1.2125,1.3));
#9146 = VECTOR('',#9147,1.);
#9147 = DIRECTION('',(0.,0.,1.));
#9148 = PLANE('',#9149);
#9149 = AXIS2_PLACEMENT_3D('',#9150,#9151,#9152);
#9150 = CARTESIAN_POINT('',(1.85,1.2125,1.3));
#9151 = DIRECTION('',(0.,-1.,0.));
#9152 = DIRECTION('',(-1.,0.,0.));
#9153 = ADVANCED_FACE('',(#9154),#9172,.T.);
#9154 = FACE_BOUND('',#9155,.T.);
#9155 = EDGE_LOOP('',(#9156,#9164,#9170,#9171));
#9156 = ORIENTED_EDGE('',*,*,#9157,.T.);
#9157 = EDGE_CURVE('',#7849,#9158,#9160,.T.);
#9158 = VERTEX_POINT('',#9159);
#9159 = CARTESIAN_POINT('',(-0.95,1.3625,1.4));
#9160 = LINE('',#9161,#9162);
#9161 = CARTESIAN_POINT('',(-0.95,1.3625,1.3));
#9162 = VECTOR('',#9163,1.);
#9163 = DIRECTION('',(0.,0.,1.));
#9164 = ORIENTED_EDGE('',*,*,#9165,.T.);
#9165 = EDGE_CURVE('',#9158,#9136,#9166,.T.);
#9166 = LINE('',#9167,#9168);
#9167 = CARTESIAN_POINT('',(-0.95,1.3625,1.4));
#9168 = VECTOR('',#9169,1.);
#9169 = DIRECTION('',(-1.110223024625E-16,-1.,0.));
#9170 = ORIENTED_EDGE('',*,*,#9143,.F.);
#9171 = ORIENTED_EDGE('',*,*,#7856,.F.);
#9172 = PLANE('',#9173);
#9173 = AXIS2_PLACEMENT_3D('',#9174,#9175,#9176);
#9174 = CARTESIAN_POINT('',(-0.95,1.3625,1.3));
#9175 = DIRECTION('',(1.,-1.110223024625E-16,0.));
#9176 = DIRECTION('',(-1.110223024625E-16,-1.,0.));
#9177 = ADVANCED_FACE('',(#9178),#9196,.T.);
#9178 = FACE_BOUND('',#9179,.T.);
#9179 = EDGE_LOOP('',(#9180,#9188,#9194,#9195));
#9180 = ORIENTED_EDGE('',*,*,#9181,.T.);
#9181 = EDGE_CURVE('',#7841,#9182,#9184,.T.);
#9182 = VERTEX_POINT('',#9183);
#9183 = CARTESIAN_POINT('',(-1.85,1.3625,1.4));
#9184 = LINE('',#9185,#9186);
#9185 = CARTESIAN_POINT('',(-1.85,1.3625,1.3));
#9186 = VECTOR('',#9187,1.);
#9187 = DIRECTION('',(0.,0.,1.));
#9188 = ORIENTED_EDGE('',*,*,#9189,.T.);
#9189 = EDGE_CURVE('',#9182,#9158,#9190,.T.);
#9190 = LINE('',#9191,#9192);
#9191 = CARTESIAN_POINT('',(-1.85,1.3625,1.4));
#9192 = VECTOR('',#9193,1.);
#9193 = DIRECTION('',(1.,-1.110223024625E-16,0.));
#9194 = ORIENTED_EDGE('',*,*,#9157,.F.);
#9195 = ORIENTED_EDGE('',*,*,#7848,.F.);
#9196 = PLANE('',#9197);
#9197 = AXIS2_PLACEMENT_3D('',#9198,#9199,#9200);
#9198 = CARTESIAN_POINT('',(-1.85,1.3625,1.3));
#9199 = DIRECTION('',(1.110223024625E-16,1.,0.));
#9200 = DIRECTION('',(1.,-1.110223024625E-16,0.));
#9201 = ADVANCED_FACE('',(#9202),#9220,.F.);
#9202 = FACE_BOUND('',#9203,.F.);
#9203 = EDGE_LOOP('',(#9204,#9212,#9213,#9214));
#9204 = ORIENTED_EDGE('',*,*,#9205,.F.);
#9205 = EDGE_CURVE('',#7833,#9206,#9208,.T.);
#9206 = VERTEX_POINT('',#9207);
#9207 = CARTESIAN_POINT('',(-1.85,1.,1.4));
#9208 = LINE('',#9209,#9210);
#9209 = CARTESIAN_POINT('',(-1.85,1.,1.3));
#9210 = VECTOR('',#9211,1.);
#9211 = DIRECTION('',(0.,0.,1.));
#9212 = ORIENTED_EDGE('',*,*,#7840,.T.);
#9213 = ORIENTED_EDGE('',*,*,#9181,.T.);
#9214 = ORIENTED_EDGE('',*,*,#9215,.T.);
#9215 = EDGE_CURVE('',#9182,#9206,#9216,.T.);
#9216 = LINE('',#9217,#9218);
#9217 = CARTESIAN_POINT('',(-1.85,1.3625,1.4));
#9218 = VECTOR('',#9219,1.);
#9219 = DIRECTION('',(-4.613913868572E-16,-1.,0.));
#9220 = PLANE('',#9221);
#9221 = AXIS2_PLACEMENT_3D('',#9222,#9223,#9224);
#9222 = CARTESIAN_POINT('',(-1.85,1.2125,1.3));
#9223 = DIRECTION('',(1.,0.,0.));
#9224 = DIRECTION('',(0.,-1.,0.));
#9225 = ADVANCED_FACE('',(#9226),#9263,.T.);
#9226 = FACE_BOUND('',#9227,.F.);
#9227 = EDGE_LOOP('',(#9228,#9229,#9230,#9231,#9232,#9240,#9249,#9257));
#9228 = ORIENTED_EDGE('',*,*,#8789,.F.);
#9229 = ORIENTED_EDGE('',*,*,#7950,.T.);
#9230 = ORIENTED_EDGE('',*,*,#7832,.T.);
#9231 = ORIENTED_EDGE('',*,*,#9205,.T.);
#9232 = ORIENTED_EDGE('',*,*,#9233,.T.);
#9233 = EDGE_CURVE('',#9206,#9234,#9236,.T.);
#9234 = VERTEX_POINT('',#9235);
#9235 = CARTESIAN_POINT('',(-2.,1.,1.4));
#9236 = LINE('',#9237,#9238);
#9237 = CARTESIAN_POINT('',(-1.85,1.,1.4));
#9238 = VECTOR('',#9239,1.);
#9239 = DIRECTION('',(-1.,1.224646799147E-16,0.));
#9240 = ORIENTED_EDGE('',*,*,#9241,.T.);
#9241 = EDGE_CURVE('',#9234,#9242,#9244,.T.);
#9242 = VERTEX_POINT('',#9243);
#9243 = CARTESIAN_POINT('',(-2.1,1.,1.3));
#9244 = CIRCLE('',#9245,0.1);
#9245 = AXIS2_PLACEMENT_3D('',#9246,#9247,#9248);
#9246 = CARTESIAN_POINT('',(-2.,1.,1.3));
#9247 = DIRECTION('',(-1.224646799147E-16,-1.,0.));
#9248 = DIRECTION('',(-4.440892098501E-15,5.438524293786E-31,1.));
#9249 = ORIENTED_EDGE('',*,*,#9250,.T.);
#9250 = EDGE_CURVE('',#9242,#9251,#9253,.T.);
#9251 = VERTEX_POINT('',#9252);
#9252 = CARTESIAN_POINT('',(-2.1,1.,0.7));
#9253 = LINE('',#9254,#9255);
#9254 = CARTESIAN_POINT('',(-2.1,1.,1.3));
#9255 = VECTOR('',#9256,1.);
#9256 = DIRECTION('',(0.,0.,-1.));
#9257 = ORIENTED_EDGE('',*,*,#9258,.F.);
#9258 = EDGE_CURVE('',#8781,#9251,#9259,.T.);
#9259 = LINE('',#9260,#9261);
#9260 = CARTESIAN_POINT('',(-2.,1.,0.7));
#9261 = VECTOR('',#9262,1.);
#9262 = DIRECTION('',(-1.,1.224646799147E-16,0.));
#9263 = PLANE('',#9264);
#9264 = AXIS2_PLACEMENT_3D('',#9265,#9266,#9267);
#9265 = CARTESIAN_POINT('',(-2.,1.,1.3));
#9266 = DIRECTION('',(1.224646799147E-16,1.,0.));
#9267 = DIRECTION('',(0.,-0.,1.));
#9268 = ADVANCED_FACE('',(#9269),#9313,.T.);
#9269 = FACE_BOUND('',#9270,.F.);
#9270 = EDGE_LOOP('',(#9271,#9272,#9273,#9281,#9290,#9298,#9306,#9312));
#9271 = ORIENTED_EDGE('',*,*,#8796,.F.);
#9272 = ORIENTED_EDGE('',*,*,#8885,.F.);
#9273 = ORIENTED_EDGE('',*,*,#9274,.T.);
#9274 = EDGE_CURVE('',#8878,#9275,#9277,.T.);
#9275 = VERTEX_POINT('',#9276);
#9276 = CARTESIAN_POINT('',(-2.1,0.4,1.3));
#9277 = LINE('',#9278,#9279);
#9278 = CARTESIAN_POINT('',(-2.1,0.4,0.75));
#9279 = VECTOR('',#9280,1.);
#9280 = DIRECTION('',(0.,0.,1.));
#9281 = ORIENTED_EDGE('',*,*,#9282,.F.);
#9282 = EDGE_CURVE('',#9283,#9275,#9285,.T.);
#9283 = VERTEX_POINT('',#9284);
#9284 = CARTESIAN_POINT('',(-2.,0.4,1.4));
#9285 = CIRCLE('',#9286,0.1);
#9286 = AXIS2_PLACEMENT_3D('',#9287,#9288,#9289);
#9287 = CARTESIAN_POINT('',(-2.,0.4,1.3));
#9288 = DIRECTION('',(-1.224646799147E-16,-1.,0.));
#9289 = DIRECTION('',(-4.440892098501E-15,5.438524293786E-31,1.));
#9290 = ORIENTED_EDGE('',*,*,#9291,.F.);
#9291 = EDGE_CURVE('',#9292,#9283,#9294,.T.);
#9292 = VERTEX_POINT('',#9293);
#9293 = CARTESIAN_POINT('',(-1.85,0.4,1.4));
#9294 = LINE('',#9295,#9296);
#9295 = CARTESIAN_POINT('',(-1.85,0.4,1.4));
#9296 = VECTOR('',#9297,1.);
#9297 = DIRECTION('',(-1.,1.224646799147E-16,0.));
#9298 = ORIENTED_EDGE('',*,*,#9299,.F.);
#9299 = EDGE_CURVE('',#9300,#9292,#9302,.T.);
#9300 = VERTEX_POINT('',#9301);
#9301 = CARTESIAN_POINT('',(-1.85,0.4,1.3));
#9302 = LINE('',#9303,#9304);
#9303 = CARTESIAN_POINT('',(-1.85,0.4,1.3));
#9304 = VECTOR('',#9305,1.);
#9305 = DIRECTION('',(0.,0.,1.));
#9306 = ORIENTED_EDGE('',*,*,#9307,.F.);
#9307 = EDGE_CURVE('',#7082,#9300,#9308,.T.);
#9308 = LINE('',#9309,#9310);
#9309 = CARTESIAN_POINT('',(-2.1,0.4,1.3));
#9310 = VECTOR('',#9311,1.);
#9311 = DIRECTION('',(1.,-1.224646799147E-16,0.));
#9312 = ORIENTED_EDGE('',*,*,#7966,.F.);
#9313 = PLANE('',#9314);
#9314 = AXIS2_PLACEMENT_3D('',#9315,#9316,#9317);
#9315 = CARTESIAN_POINT('',(-2.,0.4,0.75));
#9316 = DIRECTION('',(-1.224646799147E-16,-1.,0.));
#9317 = DIRECTION('',(-0.,0.,-1.));
#9318 = ADVANCED_FACE('',(#9319),#9325,.F.);
#9319 = FACE_BOUND('',#9320,.F.);
#9320 = EDGE_LOOP('',(#9321,#9322,#9323,#9324));
#9321 = ORIENTED_EDGE('',*,*,#8009,.T.);
#9322 = ORIENTED_EDGE('',*,*,#8025,.T.);
#9323 = ORIENTED_EDGE('',*,*,#8055,.F.);
#9324 = ORIENTED_EDGE('',*,*,#8331,.F.);
#9325 = PLANE('',#9326);
#9326 = AXIS2_PLACEMENT_3D('',#9327,#9328,#9329);
#9327 = CARTESIAN_POINT('',(2.3,-1.1,0.));
#9328 = DIRECTION('',(-1.,0.,0.));
#9329 = DIRECTION('',(0.,1.,0.));
#9330 = ADVANCED_FACE('',(#9331),#9337,.F.);
#9331 = FACE_BOUND('',#9332,.F.);
#9332 = EDGE_LOOP('',(#9333,#9334,#9335,#9336));
#9333 = ORIENTED_EDGE('',*,*,#8088,.T.);
#9334 = ORIENTED_EDGE('',*,*,#8104,.T.);
#9335 = ORIENTED_EDGE('',*,*,#8134,.F.);
#9336 = ORIENTED_EDGE('',*,*,#8312,.F.);
#9337 = PLANE('',#9338);
#9338 = AXIS2_PLACEMENT_3D('',#9339,#9340,#9341);
#9339 = CARTESIAN_POINT('',(2.3,0.5,0.));
#9340 = DIRECTION('',(-1.,0.,0.));
#9341 = DIRECTION('',(0.,1.,0.));
#9342 = ADVANCED_FACE('',(#9343),#9388,.T.);
#9343 = FACE_BOUND('',#9344,.T.);
#9344 = EDGE_LOOP('',(#9345,#9346,#9355,#9363,#9370,#9371,#9372,#9378,
    #9379,#9380,#9381,#9387));
#9345 = ORIENTED_EDGE('',*,*,#8908,.T.);
#9346 = ORIENTED_EDGE('',*,*,#9347,.T.);
#9347 = EDGE_CURVE('',#8909,#9348,#9350,.T.);
#9348 = VERTEX_POINT('',#9349);
#9349 = CARTESIAN_POINT('',(2.,0.75,0.45));
#9350 = CIRCLE('',#9351,0.25);
#9351 = AXIS2_PLACEMENT_3D('',#9352,#9353,#9354);
#9352 = CARTESIAN_POINT('',(2.,0.75,0.7));
#9353 = DIRECTION('',(-1.,0.,0.));
#9354 = DIRECTION('',(0.,0.,1.));
#9355 = ORIENTED_EDGE('',*,*,#9356,.T.);
#9356 = EDGE_CURVE('',#9348,#9357,#9359,.T.);
#9357 = VERTEX_POINT('',#9358);
#9358 = CARTESIAN_POINT('',(2.,-0.75,0.45));
#9359 = LINE('',#9360,#9361);
#9360 = CARTESIAN_POINT('',(2.,0.75,0.45));
#9361 = VECTOR('',#9362,1.);
#9362 = DIRECTION('',(0.,-1.,0.));
#9363 = ORIENTED_EDGE('',*,*,#9364,.F.);
#9364 = EDGE_CURVE('',#8689,#9357,#9365,.T.);
#9365 = CIRCLE('',#9366,0.25);
#9366 = AXIS2_PLACEMENT_3D('',#9367,#9368,#9369);
#9367 = CARTESIAN_POINT('',(2.,-0.75,0.7));
#9368 = DIRECTION('',(1.,0.,-0.));
#9369 = DIRECTION('',(0.,0.,1.));
#9370 = ORIENTED_EDGE('',*,*,#8688,.F.);
#9371 = ORIENTED_EDGE('',*,*,#8277,.F.);
#9372 = ORIENTED_EDGE('',*,*,#9373,.F.);
#9373 = EDGE_CURVE('',#8239,#8261,#9374,.T.);
#9374 = LINE('',#9375,#9376);
#9375 = CARTESIAN_POINT('',(2.,-0.4,0.75));
#9376 = VECTOR('',#9377,1.);
#9377 = DIRECTION('',(0.,0.,1.));
#9378 = ORIENTED_EDGE('',*,*,#8238,.F.);
#9379 = ORIENTED_EDGE('',*,*,#8221,.T.);
#9380 = ORIENTED_EDGE('',*,*,#8190,.T.);
#9381 = ORIENTED_EDGE('',*,*,#9382,.T.);
#9382 = EDGE_CURVE('',#8191,#8160,#9383,.T.);
#9383 = LINE('',#9384,#9385);
#9384 = CARTESIAN_POINT('',(2.,0.4,0.75));
#9385 = VECTOR('',#9386,1.);
#9386 = DIRECTION('',(0.,0.,1.));
#9387 = ORIENTED_EDGE('',*,*,#8167,.T.);
#9388 = PLANE('',#9389);
#9389 = AXIS2_PLACEMENT_3D('',#9390,#9391,#9392);
#9390 = CARTESIAN_POINT('',(2.,0.559459459459,0.815540540541));
#9391 = DIRECTION('',(-1.,-0.,-0.));
#9392 = DIRECTION('',(0.,0.,-1.));
#9393 = ADVANCED_FACE('',(#9394),#9445,.T.);
#9394 = FACE_BOUND('',#9395,.T.);
#9395 = EDGE_LOOP('',(#9396,#9397,#9405,#9413,#9422,#9430,#9438,#9444));
#9396 = ORIENTED_EDGE('',*,*,#9382,.F.);
#9397 = ORIENTED_EDGE('',*,*,#9398,.F.);
#9398 = EDGE_CURVE('',#9399,#8191,#9401,.T.);
#9399 = VERTEX_POINT('',#9400);
#9400 = CARTESIAN_POINT('',(2.1,0.4,1.05));
#9401 = LINE('',#9402,#9403);
#9402 = CARTESIAN_POINT('',(2.1,0.4,1.05));
#9403 = VECTOR('',#9404,1.);
#9404 = DIRECTION('',(-0.624695047554,0.,0.780868809443));
#9405 = ORIENTED_EDGE('',*,*,#9406,.T.);
#9406 = EDGE_CURVE('',#9399,#9407,#9409,.T.);
#9407 = VERTEX_POINT('',#9408);
#9408 = CARTESIAN_POINT('',(2.1,0.4,1.3));
#9409 = LINE('',#9410,#9411);
#9410 = CARTESIAN_POINT('',(2.1,0.4,0.75));
#9411 = VECTOR('',#9412,1.);
#9412 = DIRECTION('',(0.,0.,1.));
#9413 = ORIENTED_EDGE('',*,*,#9414,.F.);
#9414 = EDGE_CURVE('',#9415,#9407,#9417,.T.);
#9415 = VERTEX_POINT('',#9416);
#9416 = CARTESIAN_POINT('',(2.,0.4,1.4));
#9417 = CIRCLE('',#9418,0.1);
#9418 = AXIS2_PLACEMENT_3D('',#9419,#9420,#9421);
#9419 = CARTESIAN_POINT('',(2.,0.4,1.3));
#9420 = DIRECTION('',(-0.,1.,0.));
#9421 = DIRECTION('',(4.440892098501E-15,0.,1.));
#9422 = ORIENTED_EDGE('',*,*,#9423,.F.);
#9423 = EDGE_CURVE('',#9424,#9415,#9426,.T.);
#9424 = VERTEX_POINT('',#9425);
#9425 = CARTESIAN_POINT('',(1.85,0.4,1.4));
#9426 = LINE('',#9427,#9428);
#9427 = CARTESIAN_POINT('',(1.85,0.4,1.4));
#9428 = VECTOR('',#9429,1.);
#9429 = DIRECTION('',(1.,0.,0.));
#9430 = ORIENTED_EDGE('',*,*,#9431,.F.);
#9431 = EDGE_CURVE('',#9432,#9424,#9434,.T.);
#9432 = VERTEX_POINT('',#9433);
#9433 = CARTESIAN_POINT('',(1.85,0.4,1.3));
#9434 = LINE('',#9435,#9436);
#9435 = CARTESIAN_POINT('',(1.85,0.4,1.3));
#9436 = VECTOR('',#9437,1.);
#9437 = DIRECTION('',(0.,0.,1.));
#9438 = ORIENTED_EDGE('',*,*,#9439,.F.);
#9439 = EDGE_CURVE('',#7240,#9432,#9440,.T.);
#9440 = LINE('',#9441,#9442);
#9441 = CARTESIAN_POINT('',(2.1,0.4,1.3));
#9442 = VECTOR('',#9443,1.);
#9443 = DIRECTION('',(-1.,0.,0.));
#9444 = ORIENTED_EDGE('',*,*,#8159,.F.);
#9445 = PLANE('',#9446);
#9446 = AXIS2_PLACEMENT_3D('',#9447,#9448,#9449);
#9447 = CARTESIAN_POINT('',(2.,0.4,0.75));
#9448 = DIRECTION('',(0.,-1.,0.));
#9449 = DIRECTION('',(0.,0.,1.));
#9450 = ADVANCED_FACE('',(#9451),#9476,.F.);
#9451 = FACE_BOUND('',#9452,.F.);
#9452 = EDGE_LOOP('',(#9453,#9461,#9467,#9468,#9474,#9475));
#9453 = ORIENTED_EDGE('',*,*,#9454,.T.);
#9454 = EDGE_CURVE('',#9399,#9455,#9457,.T.);
#9455 = VERTEX_POINT('',#9456);
#9456 = CARTESIAN_POINT('',(2.1,-0.4,1.05));
#9457 = LINE('',#9458,#9459);
#9458 = CARTESIAN_POINT('',(2.1,0.4,1.05));
#9459 = VECTOR('',#9460,1.);
#9460 = DIRECTION('',(0.,-1.,0.));
#9461 = ORIENTED_EDGE('',*,*,#9462,.T.);
#9462 = EDGE_CURVE('',#9455,#8239,#9463,.T.);
#9463 = LINE('',#9464,#9465);
#9464 = CARTESIAN_POINT('',(2.1,-0.4,1.05));
#9465 = VECTOR('',#9466,1.);
#9466 = DIRECTION('',(-0.624695047554,0.,0.780868809443));
#9467 = ORIENTED_EDGE('',*,*,#8246,.T.);
#9468 = ORIENTED_EDGE('',*,*,#9469,.T.);
#9469 = EDGE_CURVE('',#7216,#7240,#9470,.T.);
#9470 = LINE('',#9471,#9472);
#9471 = CARTESIAN_POINT('',(1.9,-0.4,1.3));
#9472 = VECTOR('',#9473,1.);
#9473 = DIRECTION('',(0.,1.,0.));
#9474 = ORIENTED_EDGE('',*,*,#8198,.F.);
#9475 = ORIENTED_EDGE('',*,*,#9398,.F.);
#9476 = PLANE('',#9477);
#9477 = AXIS2_PLACEMENT_3D('',#9478,#9479,#9480);
#9478 = CARTESIAN_POINT('',(2.1,0.4,1.05));
#9479 = DIRECTION('',(-0.780868809443,-0.,-0.624695047554));
#9480 = DIRECTION('',(-0.624695047554,0.,0.780868809443));
#9481 = ADVANCED_FACE('',(#9482),#9526,.T.);
#9482 = FACE_BOUND('',#9483,.F.);
#9483 = EDGE_LOOP('',(#9484,#9485,#9486,#9494,#9503,#9511,#9519,#9525));
#9484 = ORIENTED_EDGE('',*,*,#9373,.F.);
#9485 = ORIENTED_EDGE('',*,*,#9462,.F.);
#9486 = ORIENTED_EDGE('',*,*,#9487,.T.);
#9487 = EDGE_CURVE('',#9455,#9488,#9490,.T.);
#9488 = VERTEX_POINT('',#9489);
#9489 = CARTESIAN_POINT('',(2.1,-0.4,1.3));
#9490 = LINE('',#9491,#9492);
#9491 = CARTESIAN_POINT('',(2.1,-0.4,0.75));
#9492 = VECTOR('',#9493,1.);
#9493 = DIRECTION('',(0.,0.,1.));
#9494 = ORIENTED_EDGE('',*,*,#9495,.F.);
#9495 = EDGE_CURVE('',#9496,#9488,#9498,.T.);
#9496 = VERTEX_POINT('',#9497);
#9497 = CARTESIAN_POINT('',(2.,-0.4,1.4));
#9498 = CIRCLE('',#9499,0.1);
#9499 = AXIS2_PLACEMENT_3D('',#9500,#9501,#9502);
#9500 = CARTESIAN_POINT('',(2.,-0.4,1.3));
#9501 = DIRECTION('',(-0.,1.,0.));
#9502 = DIRECTION('',(4.440892098501E-15,0.,1.));
#9503 = ORIENTED_EDGE('',*,*,#9504,.F.);
#9504 = EDGE_CURVE('',#9505,#9496,#9507,.T.);
#9505 = VERTEX_POINT('',#9506);
#9506 = CARTESIAN_POINT('',(1.85,-0.4,1.4));
#9507 = LINE('',#9508,#9509);
#9508 = CARTESIAN_POINT('',(1.85,-0.4,1.4));
#9509 = VECTOR('',#9510,1.);
#9510 = DIRECTION('',(1.,0.,0.));
#9511 = ORIENTED_EDGE('',*,*,#9512,.F.);
#9512 = EDGE_CURVE('',#9513,#9505,#9515,.T.);
#9513 = VERTEX_POINT('',#9514);
#9514 = CARTESIAN_POINT('',(1.85,-0.4,1.3));
#9515 = LINE('',#9516,#9517);
#9516 = CARTESIAN_POINT('',(1.85,-0.4,1.3));
#9517 = VECTOR('',#9518,1.);
#9518 = DIRECTION('',(0.,0.,1.));
#9519 = ORIENTED_EDGE('',*,*,#9520,.F.);
#9520 = EDGE_CURVE('',#7216,#9513,#9521,.T.);
#9521 = LINE('',#9522,#9523);
#9522 = CARTESIAN_POINT('',(2.1,-0.4,1.3));
#9523 = VECTOR('',#9524,1.);
#9524 = DIRECTION('',(-1.,-0.,-0.));
#9525 = ORIENTED_EDGE('',*,*,#8260,.F.);
#9526 = PLANE('',#9527);
#9527 = AXIS2_PLACEMENT_3D('',#9528,#9529,#9530);
#9528 = CARTESIAN_POINT('',(2.,-0.4,0.75));
#9529 = DIRECTION('',(0.,1.,0.));
#9530 = DIRECTION('',(0.,0.,-1.));
#9531 = ADVANCED_FACE('',(#9532,#9632),#9736,.T.);
#9532 = FACE_BOUND('',#9533,.T.);
#9533 = EDGE_LOOP('',(#9534,#9535,#9536,#9537,#9538,#9539,#9540,#9541,
    #9542,#9543,#9549,#9550,#9558,#9566,#9572,#9573,#9579,#9580,#9581,
    #9582,#9583,#9584,#9585,#9586,#9587,#9588,#9589,#9590,#9591,#9592,
    #9598,#9599,#9607,#9615,#9621,#9622,#9628,#9629,#9630,#9631));
#9534 = ORIENTED_EDGE('',*,*,#9039,.T.);
#9535 = ORIENTED_EDGE('',*,*,#9069,.F.);
#9536 = ORIENTED_EDGE('',*,*,#9093,.F.);
#9537 = ORIENTED_EDGE('',*,*,#9117,.F.);
#9538 = ORIENTED_EDGE('',*,*,#9135,.T.);
#9539 = ORIENTED_EDGE('',*,*,#9165,.F.);
#9540 = ORIENTED_EDGE('',*,*,#9189,.F.);
#9541 = ORIENTED_EDGE('',*,*,#9215,.T.);
#9542 = ORIENTED_EDGE('',*,*,#9233,.T.);
#9543 = ORIENTED_EDGE('',*,*,#9544,.F.);
#9544 = EDGE_CURVE('',#9283,#9234,#9545,.T.);
#9545 = LINE('',#9546,#9547);
#9546 = CARTESIAN_POINT('',(-2.,0.4,1.4));
#9547 = VECTOR('',#9548,1.);
#9548 = DIRECTION('',(1.224646799147E-16,1.,0.));
#9549 = ORIENTED_EDGE('',*,*,#9291,.F.);
#9550 = ORIENTED_EDGE('',*,*,#9551,.T.);
#9551 = EDGE_CURVE('',#9292,#9552,#9554,.T.);
#9552 = VERTEX_POINT('',#9553);
#9553 = CARTESIAN_POINT('',(-1.8,0.25,1.4));
#9554 = LINE('',#9555,#9556);
#9555 = CARTESIAN_POINT('',(-1.85,0.4,1.4));
#9556 = VECTOR('',#9557,1.);
#9557 = DIRECTION('',(0.316227766017,-0.948683298051,0.));
#9558 = ORIENTED_EDGE('',*,*,#9559,.T.);
#9559 = EDGE_CURVE('',#9552,#9560,#9562,.T.);
#9560 = VERTEX_POINT('',#9561);
#9561 = CARTESIAN_POINT('',(-1.8,-0.25,1.4));
#9562 = LINE('',#9563,#9564);
#9563 = CARTESIAN_POINT('',(-1.8,0.25,1.4));
#9564 = VECTOR('',#9565,1.);
#9565 = DIRECTION('',(-0.,-1.,-0.));
#9566 = ORIENTED_EDGE('',*,*,#9567,.T.);
#9567 = EDGE_CURVE('',#9560,#8847,#9568,.T.);
#9568 = LINE('',#9569,#9570);
#9569 = CARTESIAN_POINT('',(-1.8,-0.25,1.4));
#9570 = VECTOR('',#9571,1.);
#9571 = DIRECTION('',(-0.316227766017,-0.948683298051,-0.));
#9572 = ORIENTED_EDGE('',*,*,#8846,.T.);
#9573 = ORIENTED_EDGE('',*,*,#9574,.T.);
#9574 = EDGE_CURVE('',#8838,#8386,#9575,.T.);
#9575 = LINE('',#9576,#9577);
#9576 = CARTESIAN_POINT('',(-2.,-0.4,1.4));
#9577 = VECTOR('',#9578,1.);
#9578 = DIRECTION('',(-1.224646799147E-16,-1.,0.));
#9579 = ORIENTED_EDGE('',*,*,#8385,.F.);
#9580 = ORIENTED_EDGE('',*,*,#8426,.T.);
#9581 = ORIENTED_EDGE('',*,*,#8449,.T.);
#9582 = ORIENTED_EDGE('',*,*,#8473,.T.);
#9583 = ORIENTED_EDGE('',*,*,#8498,.T.);
#9584 = ORIENTED_EDGE('',*,*,#8521,.T.);
#9585 = ORIENTED_EDGE('',*,*,#8545,.T.);
#9586 = ORIENTED_EDGE('',*,*,#8569,.T.);
#9587 = ORIENTED_EDGE('',*,*,#8594,.T.);
#9588 = ORIENTED_EDGE('',*,*,#8617,.T.);
#9589 = ORIENTED_EDGE('',*,*,#8641,.T.);
#9590 = ORIENTED_EDGE('',*,*,#8674,.T.);
#9591 = ORIENTED_EDGE('',*,*,#8699,.T.);
#9592 = ORIENTED_EDGE('',*,*,#9593,.F.);
#9593 = EDGE_CURVE('',#9496,#8700,#9594,.T.);
#9594 = LINE('',#9595,#9596);
#9595 = CARTESIAN_POINT('',(2.,-0.4,1.4));
#9596 = VECTOR('',#9597,1.);
#9597 = DIRECTION('',(-0.,-1.,-0.));
#9598 = ORIENTED_EDGE('',*,*,#9504,.F.);
#9599 = ORIENTED_EDGE('',*,*,#9600,.F.);
#9600 = EDGE_CURVE('',#9601,#9505,#9603,.T.);
#9601 = VERTEX_POINT('',#9602);
#9602 = CARTESIAN_POINT('',(1.8,-0.25,1.4));
#9603 = LINE('',#9604,#9605);
#9604 = CARTESIAN_POINT('',(1.8,-0.25,1.4));
#9605 = VECTOR('',#9606,1.);
#9606 = DIRECTION('',(0.316227766017,-0.948683298051,0.));
#9607 = ORIENTED_EDGE('',*,*,#9608,.F.);
#9608 = EDGE_CURVE('',#9609,#9601,#9611,.T.);
#9609 = VERTEX_POINT('',#9610);
#9610 = CARTESIAN_POINT('',(1.8,0.25,1.4));
#9611 = LINE('',#9612,#9613);
#9612 = CARTESIAN_POINT('',(1.8,0.25,1.4));
#9613 = VECTOR('',#9614,1.);
#9614 = DIRECTION('',(0.,-1.,0.));
#9615 = ORIENTED_EDGE('',*,*,#9616,.F.);
#9616 = EDGE_CURVE('',#9424,#9609,#9617,.T.);
#9617 = LINE('',#9618,#9619);
#9618 = CARTESIAN_POINT('',(1.85,0.4,1.4));
#9619 = VECTOR('',#9620,1.);
#9620 = DIRECTION('',(-0.316227766017,-0.948683298051,0.));
#9621 = ORIENTED_EDGE('',*,*,#9423,.T.);
#9622 = ORIENTED_EDGE('',*,*,#9623,.T.);
#9623 = EDGE_CURVE('',#9415,#8927,#9624,.T.);
#9624 = LINE('',#9625,#9626);
#9625 = CARTESIAN_POINT('',(2.,0.4,1.4));
#9626 = VECTOR('',#9627,1.);
#9627 = DIRECTION('',(0.,1.,0.));
#9628 = ORIENTED_EDGE('',*,*,#8926,.F.);
#9629 = ORIENTED_EDGE('',*,*,#8967,.T.);
#9630 = ORIENTED_EDGE('',*,*,#8997,.F.);
#9631 = ORIENTED_EDGE('',*,*,#9021,.F.);
#9632 = FACE_BOUND('',#9633,.T.);
#9633 = EDGE_LOOP('',(#9634,#9644,#9653,#9661,#9670,#9678,#9687,#9695,
    #9704,#9712,#9721,#9729));
#9634 = ORIENTED_EDGE('',*,*,#9635,.F.);
#9635 = EDGE_CURVE('',#9636,#9638,#9640,.T.);
#9636 = VERTEX_POINT('',#9637);
#9637 = CARTESIAN_POINT('',(0.696203938654,0.725839993281,1.4));
#9638 = VERTEX_POINT('',#9639);
#9639 = CARTESIAN_POINT('',(9.120393865416E-02,0.838079812286,1.4));
#9640 = LINE('',#9641,#9642);
#9641 = CARTESIAN_POINT('',(7.667110367761E-02,0.840775949091,1.4));
#9642 = VECTOR('',#9643,1.);
#9643 = DIRECTION('',(-0.983222948418,0.182407877308,0.));
#9644 = ORIENTED_EDGE('',*,*,#9645,.F.);
#9645 = EDGE_CURVE('',#9646,#9636,#9648,.T.);
#9646 = VERTEX_POINT('',#9647);
#9647 = CARTESIAN_POINT('',(1.105,0.234228519072,1.4));
#9648 = CIRCLE('',#9649,0.5);
#9649 = AXIS2_PLACEMENT_3D('',#9650,#9651,#9652);
#9650 = CARTESIAN_POINT('',(0.605,0.234228519072,1.4));
#9651 = DIRECTION('',(0.,-0.,1.));
#9652 = DIRECTION('',(0.182407877308,0.983222948418,0.));
#9653 = ORIENTED_EDGE('',*,*,#9654,.F.);
#9654 = EDGE_CURVE('',#9655,#9646,#9657,.T.);
#9655 = VERTEX_POINT('',#9656);
#9656 = CARTESIAN_POINT('',(1.105,-0.234228519072,1.4));
#9657 = LINE('',#9658,#9659);
#9658 = CARTESIAN_POINT('',(1.105,0.325,1.4));
#9659 = VECTOR('',#9660,1.);
#9660 = DIRECTION('',(0.,1.,0.));
#9661 = ORIENTED_EDGE('',*,*,#9662,.F.);
#9662 = EDGE_CURVE('',#9663,#9655,#9665,.T.);
#9663 = VERTEX_POINT('',#9664);
#9664 = CARTESIAN_POINT('',(0.696203938654,-0.725839993281,1.4));
#9665 = CIRCLE('',#9666,0.5);
#9666 = AXIS2_PLACEMENT_3D('',#9667,#9668,#9669);
#9667 = CARTESIAN_POINT('',(0.605,-0.234228519072,1.4));
#9668 = DIRECTION('',(0.,0.,1.));
#9669 = DIRECTION('',(1.,0.,-0.));
#9670 = ORIENTED_EDGE('',*,*,#9671,.F.);
#9671 = EDGE_CURVE('',#9672,#9663,#9674,.T.);
#9672 = VERTEX_POINT('',#9673);
#9673 = CARTESIAN_POINT('',(9.120393865416E-02,-0.838079812286,1.4));
#9674 = LINE('',#9675,#9676);
#9675 = CARTESIAN_POINT('',(0.629171103678,-0.738275949091,1.4));
#9676 = VECTOR('',#9677,1.);
#9677 = DIRECTION('',(0.983222948418,0.182407877308,0.));
#9678 = ORIENTED_EDGE('',*,*,#9679,.F.);
#9679 = EDGE_CURVE('',#9680,#9672,#9682,.T.);
#9680 = VERTEX_POINT('',#9681);
#9681 = CARTESIAN_POINT('',(-9.120393865416E-02,-0.838079812286,1.4));
#9682 = CIRCLE('',#9683,0.5);
#9683 = AXIS2_PLACEMENT_3D('',#9684,#9685,#9686);
#9684 = CARTESIAN_POINT('',(0.,-0.346468338077,1.4));
#9685 = DIRECTION('',(-0.,0.,1.));
#9686 = DIRECTION('',(0.182407877308,-0.983222948418,0.));
#9687 = ORIENTED_EDGE('',*,*,#9688,.T.);
#9688 = EDGE_CURVE('',#9680,#9689,#9691,.T.);
#9689 = VERTEX_POINT('',#9690);
#9690 = CARTESIAN_POINT('',(-0.696203938654,-0.725839993281,1.4));
#9691 = LINE('',#9692,#9693);
#9692 = CARTESIAN_POINT('',(-0.629171103678,-0.738275949091,1.4));
#9693 = VECTOR('',#9694,1.);
#9694 = DIRECTION('',(-0.983222948418,0.182407877308,0.));
#9695 = ORIENTED_EDGE('',*,*,#9696,.F.);
#9696 = EDGE_CURVE('',#9697,#9689,#9699,.T.);
#9697 = VERTEX_POINT('',#9698);
#9698 = CARTESIAN_POINT('',(-1.105,-0.234228519072,1.4));
#9699 = CIRCLE('',#9700,0.5);
#9700 = AXIS2_PLACEMENT_3D('',#9701,#9702,#9703);
#9701 = CARTESIAN_POINT('',(-0.605,-0.234228519072,1.4));
#9702 = DIRECTION('',(0.,0.,1.));
#9703 = DIRECTION('',(-1.,0.,0.));
#9704 = ORIENTED_EDGE('',*,*,#9705,.T.);
#9705 = EDGE_CURVE('',#9697,#9706,#9708,.T.);
#9706 = VERTEX_POINT('',#9707);
#9707 = CARTESIAN_POINT('',(-1.105,0.234228519072,1.4));
#9708 = LINE('',#9709,#9710);
#9709 = CARTESIAN_POINT('',(-1.105,0.325,1.4));
#9710 = VECTOR('',#9711,1.);
#9711 = DIRECTION('',(0.,1.,0.));
#9712 = ORIENTED_EDGE('',*,*,#9713,.F.);
#9713 = EDGE_CURVE('',#9714,#9706,#9716,.T.);
#9714 = VERTEX_POINT('',#9715);
#9715 = CARTESIAN_POINT('',(-0.696203938654,0.725839993281,1.4));
#9716 = CIRCLE('',#9717,0.5);
#9717 = AXIS2_PLACEMENT_3D('',#9718,#9719,#9720);
#9718 = CARTESIAN_POINT('',(-0.605,0.234228519072,1.4));
#9719 = DIRECTION('',(0.,0.,1.));
#9720 = DIRECTION('',(-0.182407877308,0.983222948418,0.));
#9721 = ORIENTED_EDGE('',*,*,#9722,.T.);
#9722 = EDGE_CURVE('',#9714,#9723,#9725,.T.);
#9723 = VERTEX_POINT('',#9724);
#9724 = CARTESIAN_POINT('',(-9.120393865416E-02,0.838079812286,1.4));
#9725 = LINE('',#9726,#9727);
#9726 = CARTESIAN_POINT('',(-7.667110367761E-02,0.840775949091,1.4));
#9727 = VECTOR('',#9728,1.);
#9728 = DIRECTION('',(0.983222948418,0.182407877308,0.));
#9729 = ORIENTED_EDGE('',*,*,#9730,.F.);
#9730 = EDGE_CURVE('',#9638,#9723,#9731,.T.);
#9731 = CIRCLE('',#9732,0.5);
#9732 = AXIS2_PLACEMENT_3D('',#9733,#9734,#9735);
#9733 = CARTESIAN_POINT('',(0.,0.346468338077,1.4));
#9734 = DIRECTION('',(0.,-0.,1.));
#9735 = DIRECTION('',(0.182407877308,0.983222948418,0.));
#9736 = PLANE('',#9737);
#9737 = AXIS2_PLACEMENT_3D('',#9738,#9739,#9740);
#9738 = CARTESIAN_POINT('',(0.,0.,1.4));
#9739 = DIRECTION('',(0.,0.,1.));
#9740 = DIRECTION('',(1.,0.,-0.));
#9741 = ADVANCED_FACE('',(#9742),#9753,.T.);
#9742 = FACE_BOUND('',#9743,.T.);
#9743 = EDGE_LOOP('',(#9744,#9745,#9746,#9752));
#9744 = ORIENTED_EDGE('',*,*,#9574,.F.);
#9745 = ORIENTED_EDGE('',*,*,#8837,.T.);
#9746 = ORIENTED_EDGE('',*,*,#9747,.T.);
#9747 = EDGE_CURVE('',#8830,#8394,#9748,.T.);
#9748 = LINE('',#9749,#9750);
#9749 = CARTESIAN_POINT('',(-2.1,-0.4,1.3));
#9750 = VECTOR('',#9751,1.);
#9751 = DIRECTION('',(-1.224646799147E-16,-1.,0.));
#9752 = ORIENTED_EDGE('',*,*,#8393,.F.);
#9753 = CYLINDRICAL_SURFACE('',#9754,0.1);
#9754 = AXIS2_PLACEMENT_3D('',#9755,#9756,#9757);
#9755 = CARTESIAN_POINT('',(-2.,-0.7,1.3));
#9756 = DIRECTION('',(-1.224646799147E-16,-1.,0.));
#9757 = DIRECTION('',(-4.440892098501E-15,5.438524293786E-31,1.));
#9758 = ADVANCED_FACE('',(#9759),#9818,.F.);
#9759 = FACE_BOUND('',#9760,.F.);
#9760 = EDGE_LOOP('',(#9761,#9762,#9771,#9779,#9786,#9787,#9793,#9794,
    #9802,#9810,#9816,#9817));
#9761 = ORIENTED_EDGE('',*,*,#8402,.T.);
#9762 = ORIENTED_EDGE('',*,*,#9763,.T.);
#9763 = EDGE_CURVE('',#8403,#9764,#9766,.T.);
#9764 = VERTEX_POINT('',#9765);
#9765 = CARTESIAN_POINT('',(-2.1,-0.75,0.45));
#9766 = CIRCLE('',#9767,0.25);
#9767 = AXIS2_PLACEMENT_3D('',#9768,#9769,#9770);
#9768 = CARTESIAN_POINT('',(-2.1,-0.75,0.7));
#9769 = DIRECTION('',(1.,-1.224646799147E-16,0.));
#9770 = DIRECTION('',(0.,0.,1.));
#9771 = ORIENTED_EDGE('',*,*,#9772,.F.);
#9772 = EDGE_CURVE('',#9773,#9764,#9775,.T.);
#9773 = VERTEX_POINT('',#9774);
#9774 = CARTESIAN_POINT('',(-2.1,0.75,0.45));
#9775 = LINE('',#9776,#9777);
#9776 = CARTESIAN_POINT('',(-2.1,0.75,0.45));
#9777 = VECTOR('',#9778,1.);
#9778 = DIRECTION('',(-1.224646799147E-16,-1.,0.));
#9779 = ORIENTED_EDGE('',*,*,#9780,.F.);
#9780 = EDGE_CURVE('',#9251,#9773,#9781,.T.);
#9781 = CIRCLE('',#9782,0.25);
#9782 = AXIS2_PLACEMENT_3D('',#9783,#9784,#9785);
#9783 = CARTESIAN_POINT('',(-2.1,0.75,0.7));
#9784 = DIRECTION('',(-1.,1.224646799147E-16,0.));
#9785 = DIRECTION('',(0.,0.,1.));
#9786 = ORIENTED_EDGE('',*,*,#9250,.F.);
#9787 = ORIENTED_EDGE('',*,*,#9788,.F.);
#9788 = EDGE_CURVE('',#9275,#9242,#9789,.T.);
#9789 = LINE('',#9790,#9791);
#9790 = CARTESIAN_POINT('',(-2.1,0.4,1.3));
#9791 = VECTOR('',#9792,1.);
#9792 = DIRECTION('',(1.224646799147E-16,1.,0.));
#9793 = ORIENTED_EDGE('',*,*,#9274,.F.);
#9794 = ORIENTED_EDGE('',*,*,#9795,.F.);
#9795 = EDGE_CURVE('',#9796,#8878,#9798,.T.);
#9796 = VERTEX_POINT('',#9797);
#9797 = CARTESIAN_POINT('',(-2.1,0.4,0.75));
#9798 = LINE('',#9799,#9800);
#9799 = CARTESIAN_POINT('',(-2.1,0.4,0.75));
#9800 = VECTOR('',#9801,1.);
#9801 = DIRECTION('',(0.,0.,1.));
#9802 = ORIENTED_EDGE('',*,*,#9803,.F.);
#9803 = EDGE_CURVE('',#9804,#9796,#9806,.T.);
#9804 = VERTEX_POINT('',#9805);
#9805 = CARTESIAN_POINT('',(-2.1,-0.4,0.75));
#9806 = LINE('',#9807,#9808);
#9807 = CARTESIAN_POINT('',(-2.1,-0.4,0.75));
#9808 = VECTOR('',#9809,1.);
#9809 = DIRECTION('',(1.224646799147E-16,1.,0.));
#9810 = ORIENTED_EDGE('',*,*,#9811,.T.);
#9811 = EDGE_CURVE('',#9804,#8822,#9812,.T.);
#9812 = LINE('',#9813,#9814);
#9813 = CARTESIAN_POINT('',(-2.1,-0.4,0.75));
#9814 = VECTOR('',#9815,1.);
#9815 = DIRECTION('',(0.,0.,1.));
#9816 = ORIENTED_EDGE('',*,*,#8829,.T.);
#9817 = ORIENTED_EDGE('',*,*,#9747,.T.);
#9818 = PLANE('',#9819);
#9819 = AXIS2_PLACEMENT_3D('',#9820,#9821,#9822);
#9820 = CARTESIAN_POINT('',(-2.1,-0.559459459459,0.815540540541));
#9821 = DIRECTION('',(1.,-1.224646799147E-16,0.));
#9822 = DIRECTION('',(0.,0.,-1.));
#9823 = ADVANCED_FACE('',(#9824),#9835,.T.);
#9824 = FACE_BOUND('',#9825,.T.);
#9825 = EDGE_LOOP('',(#9826,#9827,#9828,#9834));
#9826 = ORIENTED_EDGE('',*,*,#8410,.T.);
#9827 = ORIENTED_EDGE('',*,*,#9763,.T.);
#9828 = ORIENTED_EDGE('',*,*,#9829,.F.);
#9829 = EDGE_CURVE('',#8764,#9764,#9830,.T.);
#9830 = LINE('',#9831,#9832);
#9831 = CARTESIAN_POINT('',(-2.,-0.75,0.45));
#9832 = VECTOR('',#9833,1.);
#9833 = DIRECTION('',(-1.,1.224646799147E-16,0.));
#9834 = ORIENTED_EDGE('',*,*,#8763,.F.);
#9835 = CYLINDRICAL_SURFACE('',#9836,0.25);
#9836 = AXIS2_PLACEMENT_3D('',#9837,#9838,#9839);
#9837 = CARTESIAN_POINT('',(-2.,-0.75,0.7));
#9838 = DIRECTION('',(-1.,1.224646799147E-16,0.));
#9839 = DIRECTION('',(-1.224646799147E-16,-1.,0.));
#9840 = ADVANCED_FACE('',(#9841),#9852,.T.);
#9841 = FACE_BOUND('',#9842,.T.);
#9842 = EDGE_LOOP('',(#9843,#9844,#9850,#9851));
#9843 = ORIENTED_EDGE('',*,*,#8707,.T.);
#9844 = ORIENTED_EDGE('',*,*,#9845,.F.);
#9845 = EDGE_CURVE('',#9488,#8708,#9846,.T.);
#9846 = LINE('',#9847,#9848);
#9847 = CARTESIAN_POINT('',(2.1,-0.4,1.3));
#9848 = VECTOR('',#9849,1.);
#9849 = DIRECTION('',(-0.,-1.,-0.));
#9850 = ORIENTED_EDGE('',*,*,#9495,.F.);
#9851 = ORIENTED_EDGE('',*,*,#9593,.T.);
#9852 = CYLINDRICAL_SURFACE('',#9853,0.1);
#9853 = AXIS2_PLACEMENT_3D('',#9854,#9855,#9856);
#9854 = CARTESIAN_POINT('',(2.,-0.7,1.3));
#9855 = DIRECTION('',(-0.,-1.,-0.));
#9856 = DIRECTION('',(4.440892098501E-15,-0.,1.));
#9857 = ADVANCED_FACE('',(#9858),#9917,.F.);
#9858 = FACE_BOUND('',#9859,.F.);
#9859 = EDGE_LOOP('',(#9860,#9861,#9870,#9878,#9885,#9886,#9887,#9888,
    #9896,#9904,#9910,#9911));
#9860 = ORIENTED_EDGE('',*,*,#8943,.T.);
#9861 = ORIENTED_EDGE('',*,*,#9862,.T.);
#9862 = EDGE_CURVE('',#8944,#9863,#9865,.T.);
#9863 = VERTEX_POINT('',#9864);
#9864 = CARTESIAN_POINT('',(2.1,0.75,0.45));
#9865 = CIRCLE('',#9866,0.25);
#9866 = AXIS2_PLACEMENT_3D('',#9867,#9868,#9869);
#9867 = CARTESIAN_POINT('',(2.1,0.75,0.7));
#9868 = DIRECTION('',(-1.,0.,0.));
#9869 = DIRECTION('',(0.,0.,1.));
#9870 = ORIENTED_EDGE('',*,*,#9871,.F.);
#9871 = EDGE_CURVE('',#9872,#9863,#9874,.T.);
#9872 = VERTEX_POINT('',#9873);
#9873 = CARTESIAN_POINT('',(2.1,-0.75,0.45));
#9874 = LINE('',#9875,#9876);
#9875 = CARTESIAN_POINT('',(2.1,-0.75,0.45));
#9876 = VECTOR('',#9877,1.);
#9877 = DIRECTION('',(0.,1.,0.));
#9878 = ORIENTED_EDGE('',*,*,#9879,.F.);
#9879 = EDGE_CURVE('',#8717,#9872,#9880,.T.);
#9880 = CIRCLE('',#9881,0.25);
#9881 = AXIS2_PLACEMENT_3D('',#9882,#9883,#9884);
#9882 = CARTESIAN_POINT('',(2.1,-0.75,0.7));
#9883 = DIRECTION('',(1.,0.,-0.));
#9884 = DIRECTION('',(0.,0.,1.));
#9885 = ORIENTED_EDGE('',*,*,#8716,.F.);
#9886 = ORIENTED_EDGE('',*,*,#9845,.F.);
#9887 = ORIENTED_EDGE('',*,*,#9487,.F.);
#9888 = ORIENTED_EDGE('',*,*,#9889,.F.);
#9889 = EDGE_CURVE('',#9890,#9455,#9892,.T.);
#9890 = VERTEX_POINT('',#9891);
#9891 = CARTESIAN_POINT('',(2.1,-0.4,0.75));
#9892 = LINE('',#9893,#9894);
#9893 = CARTESIAN_POINT('',(2.1,-0.4,0.75));
#9894 = VECTOR('',#9895,1.);
#9895 = DIRECTION('',(0.,0.,1.));
#9896 = ORIENTED_EDGE('',*,*,#9897,.F.);
#9897 = EDGE_CURVE('',#9898,#9890,#9900,.T.);
#9898 = VERTEX_POINT('',#9899);
#9899 = CARTESIAN_POINT('',(2.1,0.4,0.75));
#9900 = LINE('',#9901,#9902);
#9901 = CARTESIAN_POINT('',(2.1,0.4,0.75));
#9902 = VECTOR('',#9903,1.);
#9903 = DIRECTION('',(0.,-1.,0.));
#9904 = ORIENTED_EDGE('',*,*,#9905,.T.);
#9905 = EDGE_CURVE('',#9898,#9399,#9906,.T.);
#9906 = LINE('',#9907,#9908);
#9907 = CARTESIAN_POINT('',(2.1,0.4,0.75));
#9908 = VECTOR('',#9909,1.);
#9909 = DIRECTION('',(0.,0.,1.));
#9910 = ORIENTED_EDGE('',*,*,#9406,.T.);
#9911 = ORIENTED_EDGE('',*,*,#9912,.T.);
#9912 = EDGE_CURVE('',#9407,#8935,#9913,.T.);
#9913 = LINE('',#9914,#9915);
#9914 = CARTESIAN_POINT('',(2.1,0.4,1.3));
#9915 = VECTOR('',#9916,1.);
#9916 = DIRECTION('',(0.,1.,0.));
#9917 = PLANE('',#9918);
#9918 = AXIS2_PLACEMENT_3D('',#9919,#9920,#9921);
#9919 = CARTESIAN_POINT('',(2.1,0.559459459459,0.815540540541));
#9920 = DIRECTION('',(-1.,-0.,-0.));
#9921 = DIRECTION('',(0.,0.,-1.));
#9922 = ADVANCED_FACE('',(#9923),#9934,.T.);
#9923 = FACE_BOUND('',#9924,.T.);
#9924 = EDGE_LOOP('',(#9925,#9926,#9932,#9933));
#9925 = ORIENTED_EDGE('',*,*,#9364,.T.);
#9926 = ORIENTED_EDGE('',*,*,#9927,.T.);
#9927 = EDGE_CURVE('',#9357,#9872,#9928,.T.);
#9928 = LINE('',#9929,#9930);
#9929 = CARTESIAN_POINT('',(2.,-0.75,0.45));
#9930 = VECTOR('',#9931,1.);
#9931 = DIRECTION('',(1.,0.,0.));
#9932 = ORIENTED_EDGE('',*,*,#9879,.F.);
#9933 = ORIENTED_EDGE('',*,*,#8724,.F.);
#9934 = CYLINDRICAL_SURFACE('',#9935,0.25);
#9935 = AXIS2_PLACEMENT_3D('',#9936,#9937,#9938);
#9936 = CARTESIAN_POINT('',(2.,-0.75,0.7));
#9937 = DIRECTION('',(1.,0.,0.));
#9938 = DIRECTION('',(0.,-1.,0.));
#9939 = ADVANCED_FACE('',(#9940),#9951,.T.);
#9940 = FACE_BOUND('',#9941,.T.);
#9941 = EDGE_LOOP('',(#9942,#9943,#9944,#9945));
#9942 = ORIENTED_EDGE('',*,*,#8772,.F.);
#9943 = ORIENTED_EDGE('',*,*,#9829,.T.);
#9944 = ORIENTED_EDGE('',*,*,#9772,.F.);
#9945 = ORIENTED_EDGE('',*,*,#9946,.F.);
#9946 = EDGE_CURVE('',#8773,#9773,#9947,.T.);
#9947 = LINE('',#9948,#9949);
#9948 = CARTESIAN_POINT('',(-2.,0.75,0.45));
#9949 = VECTOR('',#9950,1.);
#9950 = DIRECTION('',(-1.,1.224646799147E-16,0.));
#9951 = PLANE('',#9952);
#9952 = AXIS2_PLACEMENT_3D('',#9953,#9954,#9955);
#9953 = CARTESIAN_POINT('',(-2.,-1.,0.45));
#9954 = DIRECTION('',(6.798155367234E-33,5.551115123126E-17,-1.));
#9955 = DIRECTION('',(1.224646799147E-16,1.,5.551115123126E-17));
#9956 = ADVANCED_FACE('',(#9957),#9963,.T.);
#9957 = FACE_BOUND('',#9958,.T.);
#9958 = EDGE_LOOP('',(#9959,#9960,#9961,#9962));
#9959 = ORIENTED_EDGE('',*,*,#8780,.T.);
#9960 = ORIENTED_EDGE('',*,*,#9946,.T.);
#9961 = ORIENTED_EDGE('',*,*,#9780,.F.);
#9962 = ORIENTED_EDGE('',*,*,#9258,.F.);
#9963 = CYLINDRICAL_SURFACE('',#9964,0.25);
#9964 = AXIS2_PLACEMENT_3D('',#9965,#9966,#9967);
#9965 = CARTESIAN_POINT('',(-2.,0.75,0.7));
#9966 = DIRECTION('',(-1.,1.224646799147E-16,0.));
#9967 = DIRECTION('',(1.224646799147E-16,1.,0.));
#9968 = ADVANCED_FACE('',(#9969),#9996,.T.);
#9969 = FACE_BOUND('',#9970,.T.);
#9970 = EDGE_LOOP('',(#9971,#9972,#9973,#9981,#9989,#9995));
#9971 = ORIENTED_EDGE('',*,*,#8892,.T.);
#9972 = ORIENTED_EDGE('',*,*,#8862,.T.);
#9973 = ORIENTED_EDGE('',*,*,#9974,.F.);
#9974 = EDGE_CURVE('',#9975,#8855,#9977,.T.);
#9975 = VERTEX_POINT('',#9976);
#9976 = CARTESIAN_POINT('',(-1.8,-0.25,1.3));
#9977 = LINE('',#9978,#9979);
#9978 = CARTESIAN_POINT('',(-1.8,-0.25,1.3));
#9979 = VECTOR('',#9980,1.);
#9980 = DIRECTION('',(-0.316227766017,-0.948683298051,-0.));
#9981 = ORIENTED_EDGE('',*,*,#9982,.F.);
#9982 = EDGE_CURVE('',#9983,#9975,#9985,.T.);
#9983 = VERTEX_POINT('',#9984);
#9984 = CARTESIAN_POINT('',(-1.8,0.25,1.3));
#9985 = LINE('',#9986,#9987);
#9986 = CARTESIAN_POINT('',(-1.8,0.25,1.3));
#9987 = VECTOR('',#9988,1.);
#9988 = DIRECTION('',(-0.,-1.,-0.));
#9989 = ORIENTED_EDGE('',*,*,#9990,.F.);
#9990 = EDGE_CURVE('',#9300,#9983,#9991,.T.);
#9991 = LINE('',#9992,#9993);
#9992 = CARTESIAN_POINT('',(-1.85,0.4,1.3));
#9993 = VECTOR('',#9994,1.);
#9994 = DIRECTION('',(0.316227766017,-0.948683298051,0.));
#9995 = ORIENTED_EDGE('',*,*,#9307,.F.);
#9996 = PLANE('',#9997);
#9997 = AXIS2_PLACEMENT_3D('',#9998,#9999,#10000);
#9998 = CARTESIAN_POINT('',(6.728624391668E-17,0.,1.3));
#9999 = DIRECTION('',(0.,0.,1.));
#10000 = DIRECTION('',(1.,0.,-0.));
#10001 = ADVANCED_FACE('',(#10002),#10013,.T.);
#10002 = FACE_BOUND('',#10003,.F.);
#10003 = EDGE_LOOP('',(#10004,#10010,#10011,#10012));
#10004 = ORIENTED_EDGE('',*,*,#10005,.T.);
#10005 = EDGE_CURVE('',#9975,#9560,#10006,.T.);
#10006 = LINE('',#10007,#10008);
#10007 = CARTESIAN_POINT('',(-1.8,-0.25,1.3));
#10008 = VECTOR('',#10009,1.);
#10009 = DIRECTION('',(0.,0.,1.));
#10010 = ORIENTED_EDGE('',*,*,#9567,.T.);
#10011 = ORIENTED_EDGE('',*,*,#8854,.F.);
#10012 = ORIENTED_EDGE('',*,*,#9974,.F.);
#10013 = PLANE('',#10014);
#10014 = AXIS2_PLACEMENT_3D('',#10015,#10016,#10017);
#10015 = CARTESIAN_POINT('',(-1.8,-0.25,1.3));
#10016 = DIRECTION('',(-0.948683298051,0.316227766017,0.));
#10017 = DIRECTION('',(0.316227766017,0.948683298051,0.));
#10018 = ADVANCED_FACE('',(#10019),#10025,.F.);
#10019 = FACE_BOUND('',#10020,.F.);
#10020 = EDGE_LOOP('',(#10021,#10022,#10023,#10024));
#10021 = ORIENTED_EDGE('',*,*,#9803,.T.);
#10022 = ORIENTED_EDGE('',*,*,#9795,.T.);
#10023 = ORIENTED_EDGE('',*,*,#8877,.F.);
#10024 = ORIENTED_EDGE('',*,*,#9811,.F.);
#10025 = PLANE('',#10026);
#10026 = AXIS2_PLACEMENT_3D('',#10027,#10028,#10029);
#10027 = CARTESIAN_POINT('',(-2.1,-0.4,0.75));
#10028 = DIRECTION('',(1.,-1.224646799147E-16,0.));
#10029 = DIRECTION('',(0.,0.,1.));
#10030 = ADVANCED_FACE('',(#10031),#10037,.T.);
#10031 = FACE_BOUND('',#10032,.T.);
#10032 = EDGE_LOOP('',(#10033,#10034,#10035,#10036));
#10033 = ORIENTED_EDGE('',*,*,#9623,.F.);
#10034 = ORIENTED_EDGE('',*,*,#9414,.T.);
#10035 = ORIENTED_EDGE('',*,*,#9912,.T.);
#10036 = ORIENTED_EDGE('',*,*,#8934,.F.);
#10037 = CYLINDRICAL_SURFACE('',#10038,0.1);
#10038 = AXIS2_PLACEMENT_3D('',#10039,#10040,#10041);
#10039 = CARTESIAN_POINT('',(2.,0.7,1.3));
#10040 = DIRECTION('',(0.,1.,0.));
#10041 = DIRECTION('',(4.440892098501E-15,-0.,1.));
#10042 = ADVANCED_FACE('',(#10043),#10054,.T.);
#10043 = FACE_BOUND('',#10044,.T.);
#10044 = EDGE_LOOP('',(#10045,#10046,#10047,#10053));
#10045 = ORIENTED_EDGE('',*,*,#8951,.T.);
#10046 = ORIENTED_EDGE('',*,*,#9862,.T.);
#10047 = ORIENTED_EDGE('',*,*,#10048,.F.);
#10048 = EDGE_CURVE('',#9348,#9863,#10049,.T.);
#10049 = LINE('',#10050,#10051);
#10050 = CARTESIAN_POINT('',(2.,0.75,0.45));
#10051 = VECTOR('',#10052,1.);
#10052 = DIRECTION('',(1.,0.,0.));
#10053 = ORIENTED_EDGE('',*,*,#9347,.F.);
#10054 = CYLINDRICAL_SURFACE('',#10055,0.25);
#10055 = AXIS2_PLACEMENT_3D('',#10056,#10057,#10058);
#10056 = CARTESIAN_POINT('',(2.,0.75,0.7));
#10057 = DIRECTION('',(1.,0.,0.));
#10058 = DIRECTION('',(-0.,1.,0.));
#10059 = ADVANCED_FACE('',(#10060),#10066,.T.);
#10060 = FACE_BOUND('',#10061,.T.);
#10061 = EDGE_LOOP('',(#10062,#10063,#10064,#10065));
#10062 = ORIENTED_EDGE('',*,*,#9241,.T.);
#10063 = ORIENTED_EDGE('',*,*,#9788,.F.);
#10064 = ORIENTED_EDGE('',*,*,#9282,.F.);
#10065 = ORIENTED_EDGE('',*,*,#9544,.T.);
#10066 = CYLINDRICAL_SURFACE('',#10067,0.1);
#10067 = AXIS2_PLACEMENT_3D('',#10068,#10069,#10070);
#10068 = CARTESIAN_POINT('',(-2.,0.7,1.3));
#10069 = DIRECTION('',(1.224646799147E-16,1.,0.));
#10070 = DIRECTION('',(-4.440892098501E-15,5.438524293786E-31,1.));
#10071 = ADVANCED_FACE('',(#10072),#10083,.T.);
#10072 = FACE_BOUND('',#10073,.F.);
#10073 = EDGE_LOOP('',(#10074,#10075,#10076,#10082));
#10074 = ORIENTED_EDGE('',*,*,#9299,.T.);
#10075 = ORIENTED_EDGE('',*,*,#9551,.T.);
#10076 = ORIENTED_EDGE('',*,*,#10077,.F.);
#10077 = EDGE_CURVE('',#9983,#9552,#10078,.T.);
#10078 = LINE('',#10079,#10080);
#10079 = CARTESIAN_POINT('',(-1.8,0.25,1.3));
#10080 = VECTOR('',#10081,1.);
#10081 = DIRECTION('',(0.,0.,1.));
#10082 = ORIENTED_EDGE('',*,*,#9990,.F.);
#10083 = PLANE('',#10084);
#10084 = AXIS2_PLACEMENT_3D('',#10085,#10086,#10087);
#10085 = CARTESIAN_POINT('',(-1.85,0.4,1.3));
#10086 = DIRECTION('',(-0.948683298051,-0.316227766017,-0.));
#10087 = DIRECTION('',(-0.316227766017,0.948683298051,0.));
#10088 = ADVANCED_FACE('',(#10089),#10095,.T.);
#10089 = FACE_BOUND('',#10090,.T.);
#10090 = EDGE_LOOP('',(#10091,#10092,#10093,#10094));
#10091 = ORIENTED_EDGE('',*,*,#9356,.F.);
#10092 = ORIENTED_EDGE('',*,*,#10048,.T.);
#10093 = ORIENTED_EDGE('',*,*,#9871,.F.);
#10094 = ORIENTED_EDGE('',*,*,#9927,.F.);
#10095 = PLANE('',#10096);
#10096 = AXIS2_PLACEMENT_3D('',#10097,#10098,#10099);
#10097 = CARTESIAN_POINT('',(2.,1.,0.45));
#10098 = DIRECTION('',(0.,-5.551115123126E-17,-1.));
#10099 = DIRECTION('',(0.,-1.,5.551115123126E-17));
#10100 = ADVANCED_FACE('',(#10101),#10128,.T.);
#10101 = FACE_BOUND('',#10102,.T.);
#10102 = EDGE_LOOP('',(#10103,#10104,#10105,#10106,#10114,#10122));
#10103 = ORIENTED_EDGE('',*,*,#9520,.F.);
#10104 = ORIENTED_EDGE('',*,*,#9469,.T.);
#10105 = ORIENTED_EDGE('',*,*,#9439,.T.);
#10106 = ORIENTED_EDGE('',*,*,#10107,.T.);
#10107 = EDGE_CURVE('',#9432,#10108,#10110,.T.);
#10108 = VERTEX_POINT('',#10109);
#10109 = CARTESIAN_POINT('',(1.8,0.25,1.3));
#10110 = LINE('',#10111,#10112);
#10111 = CARTESIAN_POINT('',(1.85,0.4,1.3));
#10112 = VECTOR('',#10113,1.);
#10113 = DIRECTION('',(-0.316227766017,-0.948683298051,0.));
#10114 = ORIENTED_EDGE('',*,*,#10115,.T.);
#10115 = EDGE_CURVE('',#10108,#10116,#10118,.T.);
#10116 = VERTEX_POINT('',#10117);
#10117 = CARTESIAN_POINT('',(1.8,-0.25,1.3));
#10118 = LINE('',#10119,#10120);
#10119 = CARTESIAN_POINT('',(1.8,0.25,1.3));
#10120 = VECTOR('',#10121,1.);
#10121 = DIRECTION('',(0.,-1.,0.));
#10122 = ORIENTED_EDGE('',*,*,#10123,.T.);
#10123 = EDGE_CURVE('',#10116,#9513,#10124,.T.);
#10124 = LINE('',#10125,#10126);
#10125 = CARTESIAN_POINT('',(1.8,-0.25,1.3));
#10126 = VECTOR('',#10127,1.);
#10127 = DIRECTION('',(0.316227766017,-0.948683298051,0.));
#10128 = PLANE('',#10129);
#10129 = AXIS2_PLACEMENT_3D('',#10130,#10131,#10132);
#10130 = CARTESIAN_POINT('',(6.728624391668E-17,0.,1.3));
#10131 = DIRECTION('',(0.,0.,1.));
#10132 = DIRECTION('',(1.,0.,-0.));
#10133 = ADVANCED_FACE('',(#10134),#10145,.T.);
#10134 = FACE_BOUND('',#10135,.T.);
#10135 = EDGE_LOOP('',(#10136,#10137,#10138,#10144));
#10136 = ORIENTED_EDGE('',*,*,#9431,.T.);
#10137 = ORIENTED_EDGE('',*,*,#9616,.T.);
#10138 = ORIENTED_EDGE('',*,*,#10139,.F.);
#10139 = EDGE_CURVE('',#10108,#9609,#10140,.T.);
#10140 = LINE('',#10141,#10142);
#10141 = CARTESIAN_POINT('',(1.8,0.25,1.3));
#10142 = VECTOR('',#10143,1.);
#10143 = DIRECTION('',(0.,0.,1.));
#10144 = ORIENTED_EDGE('',*,*,#10107,.F.);
#10145 = PLANE('',#10146);
#10146 = AXIS2_PLACEMENT_3D('',#10147,#10148,#10149);
#10147 = CARTESIAN_POINT('',(1.85,0.4,1.3));
#10148 = DIRECTION('',(0.948683298051,-0.316227766017,0.));
#10149 = DIRECTION('',(-0.316227766017,-0.948683298051,0.));
#10150 = ADVANCED_FACE('',(#10151),#10157,.F.);
#10151 = FACE_BOUND('',#10152,.F.);
#10152 = EDGE_LOOP('',(#10153,#10154,#10155,#10156));
#10153 = ORIENTED_EDGE('',*,*,#9897,.T.);
#10154 = ORIENTED_EDGE('',*,*,#9889,.T.);
#10155 = ORIENTED_EDGE('',*,*,#9454,.F.);
#10156 = ORIENTED_EDGE('',*,*,#9905,.F.);
#10157 = PLANE('',#10158);
#10158 = AXIS2_PLACEMENT_3D('',#10159,#10160,#10161);
#10159 = CARTESIAN_POINT('',(2.1,0.4,0.75));
#10160 = DIRECTION('',(-1.,0.,0.));
#10161 = DIRECTION('',(0.,0.,1.));
#10162 = ADVANCED_FACE('',(#10163),#10174,.T.);
#10163 = FACE_BOUND('',#10164,.T.);
#10164 = EDGE_LOOP('',(#10165,#10171,#10172,#10173));
#10165 = ORIENTED_EDGE('',*,*,#10166,.T.);
#10166 = EDGE_CURVE('',#10116,#9601,#10167,.T.);
#10167 = LINE('',#10168,#10169);
#10168 = CARTESIAN_POINT('',(1.8,-0.25,1.3));
#10169 = VECTOR('',#10170,1.);
#10170 = DIRECTION('',(0.,0.,1.));
#10171 = ORIENTED_EDGE('',*,*,#9600,.T.);
#10172 = ORIENTED_EDGE('',*,*,#9512,.F.);
#10173 = ORIENTED_EDGE('',*,*,#10123,.F.);
#10174 = PLANE('',#10175);
#10175 = AXIS2_PLACEMENT_3D('',#10176,#10177,#10178);
#10176 = CARTESIAN_POINT('',(1.8,-0.25,1.3));
#10177 = DIRECTION('',(0.948683298051,0.316227766017,0.));
#10178 = DIRECTION('',(0.316227766017,-0.948683298051,0.));
#10179 = ADVANCED_FACE('',(#10180),#10186,.T.);
#10180 = FACE_BOUND('',#10181,.F.);
#10181 = EDGE_LOOP('',(#10182,#10183,#10184,#10185));
#10182 = ORIENTED_EDGE('',*,*,#10077,.T.);
#10183 = ORIENTED_EDGE('',*,*,#9559,.T.);
#10184 = ORIENTED_EDGE('',*,*,#10005,.F.);
#10185 = ORIENTED_EDGE('',*,*,#9982,.F.);
#10186 = PLANE('',#10187);
#10187 = AXIS2_PLACEMENT_3D('',#10188,#10189,#10190);
#10188 = CARTESIAN_POINT('',(-1.8,0.25,1.3));
#10189 = DIRECTION('',(-1.,-0.,-0.));
#10190 = DIRECTION('',(0.,1.,0.));
#10191 = ADVANCED_FACE('',(#10192),#10198,.T.);
#10192 = FACE_BOUND('',#10193,.T.);
#10193 = EDGE_LOOP('',(#10194,#10195,#10196,#10197));
#10194 = ORIENTED_EDGE('',*,*,#10139,.T.);
#10195 = ORIENTED_EDGE('',*,*,#9608,.T.);
#10196 = ORIENTED_EDGE('',*,*,#10166,.F.);
#10197 = ORIENTED_EDGE('',*,*,#10115,.F.);
#10198 = PLANE('',#10199);
#10199 = AXIS2_PLACEMENT_3D('',#10200,#10201,#10202);
#10200 = CARTESIAN_POINT('',(1.8,0.25,1.3));
#10201 = DIRECTION('',(1.,0.,0.));
#10202 = DIRECTION('',(0.,-1.,0.));
#10203 = ADVANCED_FACE('',(#10204),#10229,.F.);
#10204 = FACE_BOUND('',#10205,.F.);
#10205 = EDGE_LOOP('',(#10206,#10216,#10222,#10223));
#10206 = ORIENTED_EDGE('',*,*,#10207,.F.);
#10207 = EDGE_CURVE('',#10208,#10210,#10212,.T.);
#10208 = VERTEX_POINT('',#10209);
#10209 = CARTESIAN_POINT('',(9.120393865416E-02,0.838079812286,1.3));
#10210 = VERTEX_POINT('',#10211);
#10211 = CARTESIAN_POINT('',(0.696203938654,0.725839993281,1.3));
#10212 = LINE('',#10213,#10214);
#10213 = CARTESIAN_POINT('',(0.,0.855,1.3));
#10214 = VECTOR('',#10215,1.);
#10215 = DIRECTION('',(0.983222948418,-0.182407877308,0.));
#10216 = ORIENTED_EDGE('',*,*,#10217,.T.);
#10217 = EDGE_CURVE('',#10208,#9638,#10218,.T.);
#10218 = LINE('',#10219,#10220);
#10219 = CARTESIAN_POINT('',(9.120393865416E-02,0.838079812286,1.3));
#10220 = VECTOR('',#10221,1.);
#10221 = DIRECTION('',(0.,0.,1.));
#10222 = ORIENTED_EDGE('',*,*,#9635,.F.);
#10223 = ORIENTED_EDGE('',*,*,#10224,.F.);
#10224 = EDGE_CURVE('',#10210,#9636,#10225,.T.);
#10225 = LINE('',#10226,#10227);
#10226 = CARTESIAN_POINT('',(0.696203938654,0.725839993281,1.3));
#10227 = VECTOR('',#10228,1.);
#10228 = DIRECTION('',(0.,0.,1.));
#10229 = PLANE('',#10230);
#10230 = AXIS2_PLACEMENT_3D('',#10231,#10232,#10233);
#10231 = CARTESIAN_POINT('',(0.,0.855,1.3));
#10232 = DIRECTION('',(0.182407877308,0.983222948418,0.));
#10233 = DIRECTION('',(0.983222948418,-0.182407877308,0.));
#10234 = ADVANCED_FACE('',(#10235),#10254,.F.);
#10235 = FACE_BOUND('',#10236,.F.);
#10236 = EDGE_LOOP('',(#10237,#10238,#10246,#10253));
#10237 = ORIENTED_EDGE('',*,*,#9645,.F.);
#10238 = ORIENTED_EDGE('',*,*,#10239,.F.);
#10239 = EDGE_CURVE('',#10240,#9646,#10242,.T.);
#10240 = VERTEX_POINT('',#10241);
#10241 = CARTESIAN_POINT('',(1.105,0.234228519072,1.3));
#10242 = LINE('',#10243,#10244);
#10243 = CARTESIAN_POINT('',(1.105,0.234228519072,1.3));
#10244 = VECTOR('',#10245,1.);
#10245 = DIRECTION('',(0.,0.,1.));
#10246 = ORIENTED_EDGE('',*,*,#10247,.F.);
#10247 = EDGE_CURVE('',#10210,#10240,#10248,.T.);
#10248 = CIRCLE('',#10249,0.5);
#10249 = AXIS2_PLACEMENT_3D('',#10250,#10251,#10252);
#10250 = CARTESIAN_POINT('',(0.605,0.234228519072,1.3));
#10251 = DIRECTION('',(-0.,-0.,-1.));
#10252 = DIRECTION('',(0.,-1.,0.));
#10253 = ORIENTED_EDGE('',*,*,#10224,.T.);
#10254 = CYLINDRICAL_SURFACE('',#10255,0.5);
#10255 = AXIS2_PLACEMENT_3D('',#10256,#10257,#10258);
#10256 = CARTESIAN_POINT('',(0.605,0.234228519072,1.3));
#10257 = DIRECTION('',(0.,0.,1.));
#10258 = DIRECTION('',(0.182407877308,0.983222948418,-0.));
#10259 = ADVANCED_FACE('',(#10260),#10278,.F.);
#10260 = FACE_BOUND('',#10261,.F.);
#10261 = EDGE_LOOP('',(#10262,#10270,#10271,#10272));
#10262 = ORIENTED_EDGE('',*,*,#10263,.F.);
#10263 = EDGE_CURVE('',#10240,#10264,#10266,.T.);
#10264 = VERTEX_POINT('',#10265);
#10265 = CARTESIAN_POINT('',(1.105,-0.234228519072,1.3));
#10266 = LINE('',#10267,#10268);
#10267 = CARTESIAN_POINT('',(1.105,0.65,1.3));
#10268 = VECTOR('',#10269,1.);
#10269 = DIRECTION('',(0.,-1.,0.));
#10270 = ORIENTED_EDGE('',*,*,#10239,.T.);
#10271 = ORIENTED_EDGE('',*,*,#9654,.F.);
#10272 = ORIENTED_EDGE('',*,*,#10273,.F.);
#10273 = EDGE_CURVE('',#10264,#9655,#10274,.T.);
#10274 = LINE('',#10275,#10276);
#10275 = CARTESIAN_POINT('',(1.105,-0.234228519072,1.3));
#10276 = VECTOR('',#10277,1.);
#10277 = DIRECTION('',(0.,0.,1.));
#10278 = PLANE('',#10279);
#10279 = AXIS2_PLACEMENT_3D('',#10280,#10281,#10282);
#10280 = CARTESIAN_POINT('',(1.105,0.65,1.3));
#10281 = DIRECTION('',(1.,0.,0.));
#10282 = DIRECTION('',(0.,-1.,0.));
#10283 = ADVANCED_FACE('',(#10284),#10303,.F.);
#10284 = FACE_BOUND('',#10285,.F.);
#10285 = EDGE_LOOP('',(#10286,#10287,#10295,#10302));
#10286 = ORIENTED_EDGE('',*,*,#9662,.F.);
#10287 = ORIENTED_EDGE('',*,*,#10288,.F.);
#10288 = EDGE_CURVE('',#10289,#9663,#10291,.T.);
#10289 = VERTEX_POINT('',#10290);
#10290 = CARTESIAN_POINT('',(0.696203938654,-0.725839993281,1.3));
#10291 = LINE('',#10292,#10293);
#10292 = CARTESIAN_POINT('',(0.696203938654,-0.725839993281,1.3));
#10293 = VECTOR('',#10294,1.);
#10294 = DIRECTION('',(0.,0.,1.));
#10295 = ORIENTED_EDGE('',*,*,#10296,.F.);
#10296 = EDGE_CURVE('',#10264,#10289,#10297,.T.);
#10297 = CIRCLE('',#10298,0.5);
#10298 = AXIS2_PLACEMENT_3D('',#10299,#10300,#10301);
#10299 = CARTESIAN_POINT('',(0.605,-0.234228519072,1.3));
#10300 = DIRECTION('',(-0.,-0.,-1.));
#10301 = DIRECTION('',(0.,-1.,0.));
#10302 = ORIENTED_EDGE('',*,*,#10273,.T.);
#10303 = CYLINDRICAL_SURFACE('',#10304,0.5);
#10304 = AXIS2_PLACEMENT_3D('',#10305,#10306,#10307);
#10305 = CARTESIAN_POINT('',(0.605,-0.234228519072,1.3));
#10306 = DIRECTION('',(0.,0.,1.));
#10307 = DIRECTION('',(1.,0.,-0.));
#10308 = ADVANCED_FACE('',(#10309),#10327,.F.);
#10309 = FACE_BOUND('',#10310,.F.);
#10310 = EDGE_LOOP('',(#10311,#10319,#10320,#10321));
#10311 = ORIENTED_EDGE('',*,*,#10312,.F.);
#10312 = EDGE_CURVE('',#10289,#10313,#10315,.T.);
#10313 = VERTEX_POINT('',#10314);
#10314 = CARTESIAN_POINT('',(9.120393865416E-02,-0.838079812286,1.3));
#10315 = LINE('',#10316,#10317);
#10316 = CARTESIAN_POINT('',(1.105,-0.65,1.3));
#10317 = VECTOR('',#10318,1.);
#10318 = DIRECTION('',(-0.983222948418,-0.182407877308,0.));
#10319 = ORIENTED_EDGE('',*,*,#10288,.T.);
#10320 = ORIENTED_EDGE('',*,*,#9671,.F.);
#10321 = ORIENTED_EDGE('',*,*,#10322,.F.);
#10322 = EDGE_CURVE('',#10313,#9672,#10323,.T.);
#10323 = LINE('',#10324,#10325);
#10324 = CARTESIAN_POINT('',(9.120393865416E-02,-0.838079812286,1.3));
#10325 = VECTOR('',#10326,1.);
#10326 = DIRECTION('',(0.,0.,1.));
#10327 = PLANE('',#10328);
#10328 = AXIS2_PLACEMENT_3D('',#10329,#10330,#10331);
#10329 = CARTESIAN_POINT('',(1.105,-0.65,1.3));
#10330 = DIRECTION('',(0.182407877308,-0.983222948418,0.));
#10331 = DIRECTION('',(-0.983222948418,-0.182407877308,0.));
#10332 = ADVANCED_FACE('',(#10333),#10352,.F.);
#10333 = FACE_BOUND('',#10334,.F.);
#10334 = EDGE_LOOP('',(#10335,#10336,#10344,#10351));
#10335 = ORIENTED_EDGE('',*,*,#9679,.F.);
#10336 = ORIENTED_EDGE('',*,*,#10337,.F.);
#10337 = EDGE_CURVE('',#10338,#9680,#10340,.T.);
#10338 = VERTEX_POINT('',#10339);
#10339 = CARTESIAN_POINT('',(-9.120393865416E-02,-0.838079812286,1.3));
#10340 = LINE('',#10341,#10342);
#10341 = CARTESIAN_POINT('',(-9.120393865416E-02,-0.838079812286,1.3));
#10342 = VECTOR('',#10343,1.);
#10343 = DIRECTION('',(0.,0.,1.));
#10344 = ORIENTED_EDGE('',*,*,#10345,.F.);
#10345 = EDGE_CURVE('',#10313,#10338,#10346,.T.);
#10346 = CIRCLE('',#10347,0.5);
#10347 = AXIS2_PLACEMENT_3D('',#10348,#10349,#10350);
#10348 = CARTESIAN_POINT('',(0.,-0.346468338077,1.3));
#10349 = DIRECTION('',(-0.,-0.,-1.));
#10350 = DIRECTION('',(0.,-1.,0.));
#10351 = ORIENTED_EDGE('',*,*,#10322,.T.);
#10352 = CYLINDRICAL_SURFACE('',#10353,0.5);
#10353 = AXIS2_PLACEMENT_3D('',#10354,#10355,#10356);
#10354 = CARTESIAN_POINT('',(0.,-0.346468338077,1.3));
#10355 = DIRECTION('',(0.,0.,1.));
#10356 = DIRECTION('',(0.182407877308,-0.983222948418,0.));
#10357 = ADVANCED_FACE('',(#10358),#10376,.F.);
#10358 = FACE_BOUND('',#10359,.T.);
#10359 = EDGE_LOOP('',(#10360,#10368,#10374,#10375));
#10360 = ORIENTED_EDGE('',*,*,#10361,.F.);
#10361 = EDGE_CURVE('',#10362,#10338,#10364,.T.);
#10362 = VERTEX_POINT('',#10363);
#10363 = CARTESIAN_POINT('',(-0.696203938654,-0.725839993281,1.3));
#10364 = LINE('',#10365,#10366);
#10365 = CARTESIAN_POINT('',(-1.105,-0.65,1.3));
#10366 = VECTOR('',#10367,1.);
#10367 = DIRECTION('',(0.983222948418,-0.182407877308,0.));
#10368 = ORIENTED_EDGE('',*,*,#10369,.T.);
#10369 = EDGE_CURVE('',#10362,#9689,#10370,.T.);
#10370 = LINE('',#10371,#10372);
#10371 = CARTESIAN_POINT('',(-0.696203938654,-0.725839993281,1.3));
#10372 = VECTOR('',#10373,1.);
#10373 = DIRECTION('',(0.,0.,1.));
#10374 = ORIENTED_EDGE('',*,*,#9688,.F.);
#10375 = ORIENTED_EDGE('',*,*,#10337,.F.);
#10376 = PLANE('',#10377);
#10377 = AXIS2_PLACEMENT_3D('',#10378,#10379,#10380);
#10378 = CARTESIAN_POINT('',(-1.105,-0.65,1.3));
#10379 = DIRECTION('',(-0.182407877308,-0.983222948418,-0.));
#10380 = DIRECTION('',(-0.983222948418,0.182407877308,0.));
#10381 = ADVANCED_FACE('',(#10382),#10401,.F.);
#10382 = FACE_BOUND('',#10383,.F.);
#10383 = EDGE_LOOP('',(#10384,#10392,#10399,#10400));
#10384 = ORIENTED_EDGE('',*,*,#10385,.F.);
#10385 = EDGE_CURVE('',#10386,#9697,#10388,.T.);
#10386 = VERTEX_POINT('',#10387);
#10387 = CARTESIAN_POINT('',(-1.105,-0.234228519072,1.3));
#10388 = LINE('',#10389,#10390);
#10389 = CARTESIAN_POINT('',(-1.105,-0.234228519072,1.3));
#10390 = VECTOR('',#10391,1.);
#10391 = DIRECTION('',(0.,0.,1.));
#10392 = ORIENTED_EDGE('',*,*,#10393,.T.);
#10393 = EDGE_CURVE('',#10386,#10362,#10394,.T.);
#10394 = CIRCLE('',#10395,0.5);
#10395 = AXIS2_PLACEMENT_3D('',#10396,#10397,#10398);
#10396 = CARTESIAN_POINT('',(-0.605,-0.234228519072,1.3));
#10397 = DIRECTION('',(-0.,0.,1.));
#10398 = DIRECTION('',(0.,-1.,0.));
#10399 = ORIENTED_EDGE('',*,*,#10369,.T.);
#10400 = ORIENTED_EDGE('',*,*,#9696,.F.);
#10401 = CYLINDRICAL_SURFACE('',#10402,0.5);
#10402 = AXIS2_PLACEMENT_3D('',#10403,#10404,#10405);
#10403 = CARTESIAN_POINT('',(-0.605,-0.234228519072,1.3));
#10404 = DIRECTION('',(0.,0.,1.));
#10405 = DIRECTION('',(-1.,0.,0.));
#10406 = ADVANCED_FACE('',(#10407),#10425,.F.);
#10407 = FACE_BOUND('',#10408,.T.);
#10408 = EDGE_LOOP('',(#10409,#10417,#10423,#10424));
#10409 = ORIENTED_EDGE('',*,*,#10410,.F.);
#10410 = EDGE_CURVE('',#10411,#10386,#10413,.T.);
#10411 = VERTEX_POINT('',#10412);
#10412 = CARTESIAN_POINT('',(-1.105,0.234228519072,1.3));
#10413 = LINE('',#10414,#10415);
#10414 = CARTESIAN_POINT('',(-1.105,0.65,1.3));
#10415 = VECTOR('',#10416,1.);
#10416 = DIRECTION('',(-0.,-1.,-0.));
#10417 = ORIENTED_EDGE('',*,*,#10418,.T.);
#10418 = EDGE_CURVE('',#10411,#9706,#10419,.T.);
#10419 = LINE('',#10420,#10421);
#10420 = CARTESIAN_POINT('',(-1.105,0.234228519072,1.3));
#10421 = VECTOR('',#10422,1.);
#10422 = DIRECTION('',(0.,0.,1.));
#10423 = ORIENTED_EDGE('',*,*,#9705,.F.);
#10424 = ORIENTED_EDGE('',*,*,#10385,.F.);
#10425 = PLANE('',#10426);
#10426 = AXIS2_PLACEMENT_3D('',#10427,#10428,#10429);
#10427 = CARTESIAN_POINT('',(-1.105,0.65,1.3));
#10428 = DIRECTION('',(-1.,-0.,-0.));
#10429 = DIRECTION('',(0.,1.,0.));
#10430 = ADVANCED_FACE('',(#10431),#10450,.F.);
#10431 = FACE_BOUND('',#10432,.F.);
#10432 = EDGE_LOOP('',(#10433,#10441,#10448,#10449));
#10433 = ORIENTED_EDGE('',*,*,#10434,.F.);
#10434 = EDGE_CURVE('',#10435,#9714,#10437,.T.);
#10435 = VERTEX_POINT('',#10436);
#10436 = CARTESIAN_POINT('',(-0.696203938654,0.725839993281,1.3));
#10437 = LINE('',#10438,#10439);
#10438 = CARTESIAN_POINT('',(-0.696203938654,0.725839993281,1.3));
#10439 = VECTOR('',#10440,1.);
#10440 = DIRECTION('',(0.,0.,1.));
#10441 = ORIENTED_EDGE('',*,*,#10442,.T.);
#10442 = EDGE_CURVE('',#10435,#10411,#10443,.T.);
#10443 = CIRCLE('',#10444,0.5);
#10444 = AXIS2_PLACEMENT_3D('',#10445,#10446,#10447);
#10445 = CARTESIAN_POINT('',(-0.605,0.234228519072,1.3));
#10446 = DIRECTION('',(-0.,0.,1.));
#10447 = DIRECTION('',(0.,-1.,0.));
#10448 = ORIENTED_EDGE('',*,*,#10418,.T.);
#10449 = ORIENTED_EDGE('',*,*,#9713,.F.);
#10450 = CYLINDRICAL_SURFACE('',#10451,0.5);
#10451 = AXIS2_PLACEMENT_3D('',#10452,#10453,#10454);
#10452 = CARTESIAN_POINT('',(-0.605,0.234228519072,1.3));
#10453 = DIRECTION('',(0.,0.,1.));
#10454 = DIRECTION('',(-0.182407877308,0.983222948418,0.));
#10455 = ADVANCED_FACE('',(#10456),#10474,.F.);
#10456 = FACE_BOUND('',#10457,.T.);
#10457 = EDGE_LOOP('',(#10458,#10466,#10472,#10473));
#10458 = ORIENTED_EDGE('',*,*,#10459,.F.);
#10459 = EDGE_CURVE('',#10460,#10435,#10462,.T.);
#10460 = VERTEX_POINT('',#10461);
#10461 = CARTESIAN_POINT('',(-9.120393865416E-02,0.838079812286,1.3));
#10462 = LINE('',#10463,#10464);
#10463 = CARTESIAN_POINT('',(0.,0.855,1.3));
#10464 = VECTOR('',#10465,1.);
#10465 = DIRECTION('',(-0.983222948418,-0.182407877308,-0.));
#10466 = ORIENTED_EDGE('',*,*,#10467,.T.);
#10467 = EDGE_CURVE('',#10460,#9723,#10468,.T.);
#10468 = LINE('',#10469,#10470);
#10469 = CARTESIAN_POINT('',(-9.120393865416E-02,0.838079812286,1.3));
#10470 = VECTOR('',#10471,1.);
#10471 = DIRECTION('',(0.,0.,1.));
#10472 = ORIENTED_EDGE('',*,*,#9722,.F.);
#10473 = ORIENTED_EDGE('',*,*,#10434,.F.);
#10474 = PLANE('',#10475);
#10475 = AXIS2_PLACEMENT_3D('',#10476,#10477,#10478);
#10476 = CARTESIAN_POINT('',(0.,0.855,1.3));
#10477 = DIRECTION('',(-0.182407877308,0.983222948418,0.));
#10478 = DIRECTION('',(0.983222948418,0.182407877308,0.));
#10479 = ADVANCED_FACE('',(#10480),#10492,.F.);
#10480 = FACE_BOUND('',#10481,.F.);
#10481 = EDGE_LOOP('',(#10482,#10483,#10490,#10491));
#10482 = ORIENTED_EDGE('',*,*,#10217,.F.);
#10483 = ORIENTED_EDGE('',*,*,#10484,.T.);
#10484 = EDGE_CURVE('',#10208,#10460,#10485,.T.);
#10485 = CIRCLE('',#10486,0.5);
#10486 = AXIS2_PLACEMENT_3D('',#10487,#10488,#10489);
#10487 = CARTESIAN_POINT('',(0.,0.346468338077,1.3));
#10488 = DIRECTION('',(-0.,0.,1.));
#10489 = DIRECTION('',(0.,-1.,0.));
#10490 = ORIENTED_EDGE('',*,*,#10467,.T.);
#10491 = ORIENTED_EDGE('',*,*,#9730,.F.);
#10492 = CYLINDRICAL_SURFACE('',#10493,0.5);
#10493 = AXIS2_PLACEMENT_3D('',#10494,#10495,#10496);
#10494 = CARTESIAN_POINT('',(0.,0.346468338077,1.3));
#10495 = DIRECTION('',(0.,0.,1.));
#10496 = DIRECTION('',(0.182407877308,0.983222948418,-0.));
#10497 = ADVANCED_FACE('',(#10498,#10512),#10616,.T.);
#10498 = FACE_BOUND('',#10499,.T.);
#10499 = EDGE_LOOP('',(#10500,#10501,#10502,#10503,#10504,#10505,#10506,
    #10507,#10508,#10509,#10510,#10511));
#10500 = ORIENTED_EDGE('',*,*,#10207,.F.);
#10501 = ORIENTED_EDGE('',*,*,#10484,.T.);
#10502 = ORIENTED_EDGE('',*,*,#10459,.T.);
#10503 = ORIENTED_EDGE('',*,*,#10442,.T.);
#10504 = ORIENTED_EDGE('',*,*,#10410,.T.);
#10505 = ORIENTED_EDGE('',*,*,#10393,.T.);
#10506 = ORIENTED_EDGE('',*,*,#10361,.T.);
#10507 = ORIENTED_EDGE('',*,*,#10345,.F.);
#10508 = ORIENTED_EDGE('',*,*,#10312,.F.);
#10509 = ORIENTED_EDGE('',*,*,#10296,.F.);
#10510 = ORIENTED_EDGE('',*,*,#10263,.F.);
#10511 = ORIENTED_EDGE('',*,*,#10247,.F.);
#10512 = FACE_BOUND('',#10513,.T.);
#10513 = EDGE_LOOP('',(#10514,#10525,#10533,#10542,#10550,#10559,#10567,
    #10576,#10584,#10593,#10601,#10610));
#10514 = ORIENTED_EDGE('',*,*,#10515,.F.);
#10515 = EDGE_CURVE('',#10516,#10518,#10520,.T.);
#10516 = VERTEX_POINT('',#10517);
#10517 = CARTESIAN_POINT('',(9.53725672469E-02,0.786467889777,1.3));
#10518 = VERTEX_POINT('',#10519);
#10519 = CARTESIAN_POINT('',(-9.53725672469E-02,0.786467889777,1.3));
#10520 = CIRCLE('',#10521,0.5);
#10521 = AXIS2_PLACEMENT_3D('',#10522,#10523,#10524);
#10522 = CARTESIAN_POINT('',(0.,0.295648092482,1.3));
#10523 = DIRECTION('',(-0.,0.,1.));
#10524 = DIRECTION('',(0.,-1.,0.));
#10525 = ORIENTED_EDGE('',*,*,#10526,.T.);
#10526 = EDGE_CURVE('',#10516,#10527,#10529,.T.);
#10527 = VERTEX_POINT('',#10528);
#10528 = CARTESIAN_POINT('',(0.650372567247,0.678624287881,1.3));
#10529 = LINE('',#10530,#10531);
#10530 = CARTESIAN_POINT('',(0.,0.805,1.3));
#10531 = VECTOR('',#10532,1.);
#10532 = DIRECTION('',(0.98163959459,-0.190745134494,0.));
#10533 = ORIENTED_EDGE('',*,*,#10534,.T.);
#10534 = EDGE_CURVE('',#10527,#10535,#10537,.T.);
#10535 = VERTEX_POINT('',#10536);
#10536 = CARTESIAN_POINT('',(1.055,0.187804490586,1.3));
#10537 = CIRCLE('',#10538,0.5);
#10538 = AXIS2_PLACEMENT_3D('',#10539,#10540,#10541);
#10539 = CARTESIAN_POINT('',(0.555,0.187804490586,1.3));
#10540 = DIRECTION('',(-0.,-0.,-1.));
#10541 = DIRECTION('',(0.,-1.,0.));
#10542 = ORIENTED_EDGE('',*,*,#10543,.T.);
#10543 = EDGE_CURVE('',#10535,#10544,#10546,.T.);
#10544 = VERTEX_POINT('',#10545);
#10545 = CARTESIAN_POINT('',(1.055,-0.187804490586,1.3));
#10546 = LINE('',#10547,#10548);
#10547 = CARTESIAN_POINT('',(1.055,0.6,1.3));
#10548 = VECTOR('',#10549,1.);
#10549 = DIRECTION('',(0.,-1.,0.));
#10550 = ORIENTED_EDGE('',*,*,#10551,.T.);
#10551 = EDGE_CURVE('',#10544,#10552,#10554,.T.);
#10552 = VERTEX_POINT('',#10553);
#10553 = CARTESIAN_POINT('',(0.650372567247,-0.678624287881,1.3));
#10554 = CIRCLE('',#10555,0.5);
#10555 = AXIS2_PLACEMENT_3D('',#10556,#10557,#10558);
#10556 = CARTESIAN_POINT('',(0.555,-0.187804490586,1.3));
#10557 = DIRECTION('',(-0.,-0.,-1.));
#10558 = DIRECTION('',(0.,-1.,0.));
#10559 = ORIENTED_EDGE('',*,*,#10560,.T.);
#10560 = EDGE_CURVE('',#10552,#10561,#10563,.T.);
#10561 = VERTEX_POINT('',#10562);
#10562 = CARTESIAN_POINT('',(9.53725672469E-02,-0.786467889777,1.3));
#10563 = LINE('',#10564,#10565);
#10564 = CARTESIAN_POINT('',(1.055,-0.6,1.3));
#10565 = VECTOR('',#10566,1.);
#10566 = DIRECTION('',(-0.98163959459,-0.190745134494,0.));
#10567 = ORIENTED_EDGE('',*,*,#10568,.T.);
#10568 = EDGE_CURVE('',#10561,#10569,#10571,.T.);
#10569 = VERTEX_POINT('',#10570);
#10570 = CARTESIAN_POINT('',(-9.53725672469E-02,-0.786467889777,1.3));
#10571 = CIRCLE('',#10572,0.5);
#10572 = AXIS2_PLACEMENT_3D('',#10573,#10574,#10575);
#10573 = CARTESIAN_POINT('',(0.,-0.295648092482,1.3));
#10574 = DIRECTION('',(-0.,-0.,-1.));
#10575 = DIRECTION('',(0.,-1.,0.));
#10576 = ORIENTED_EDGE('',*,*,#10577,.F.);
#10577 = EDGE_CURVE('',#10578,#10569,#10580,.T.);
#10578 = VERTEX_POINT('',#10579);
#10579 = CARTESIAN_POINT('',(-0.650372567247,-0.678624287881,1.3));
#10580 = LINE('',#10581,#10582);
#10581 = CARTESIAN_POINT('',(-1.055,-0.6,1.3));
#10582 = VECTOR('',#10583,1.);
#10583 = DIRECTION('',(0.98163959459,-0.190745134494,0.));
#10584 = ORIENTED_EDGE('',*,*,#10585,.F.);
#10585 = EDGE_CURVE('',#10586,#10578,#10588,.T.);
#10586 = VERTEX_POINT('',#10587);
#10587 = CARTESIAN_POINT('',(-1.055,-0.187804490586,1.3));
#10588 = CIRCLE('',#10589,0.5);
#10589 = AXIS2_PLACEMENT_3D('',#10590,#10591,#10592);
#10590 = CARTESIAN_POINT('',(-0.555,-0.187804490586,1.3));
#10591 = DIRECTION('',(-0.,0.,1.));
#10592 = DIRECTION('',(0.,-1.,0.));
#10593 = ORIENTED_EDGE('',*,*,#10594,.F.);
#10594 = EDGE_CURVE('',#10595,#10586,#10597,.T.);
#10595 = VERTEX_POINT('',#10596);
#10596 = CARTESIAN_POINT('',(-1.055,0.187804490586,1.3));
#10597 = LINE('',#10598,#10599);
#10598 = CARTESIAN_POINT('',(-1.055,0.6,1.3));
#10599 = VECTOR('',#10600,1.);
#10600 = DIRECTION('',(-0.,-1.,-0.));
#10601 = ORIENTED_EDGE('',*,*,#10602,.F.);
#10602 = EDGE_CURVE('',#10603,#10595,#10605,.T.);
#10603 = VERTEX_POINT('',#10604);
#10604 = CARTESIAN_POINT('',(-0.650372567247,0.678624287881,1.3));
#10605 = CIRCLE('',#10606,0.5);
#10606 = AXIS2_PLACEMENT_3D('',#10607,#10608,#10609);
#10607 = CARTESIAN_POINT('',(-0.555,0.187804490586,1.3));
#10608 = DIRECTION('',(-0.,0.,1.));
#10609 = DIRECTION('',(0.,-1.,0.));
#10610 = ORIENTED_EDGE('',*,*,#10611,.F.);
#10611 = EDGE_CURVE('',#10518,#10603,#10612,.T.);
#10612 = LINE('',#10613,#10614);
#10613 = CARTESIAN_POINT('',(0.,0.805,1.3));
#10614 = VECTOR('',#10615,1.);
#10615 = DIRECTION('',(-0.98163959459,-0.190745134494,-0.));
#10616 = PLANE('',#10617);
#10617 = AXIS2_PLACEMENT_3D('',#10618,#10619,#10620);
#10618 = CARTESIAN_POINT('',(6.728624391668E-17,0.,1.3));
#10619 = DIRECTION('',(0.,0.,1.));
#10620 = DIRECTION('',(1.,0.,-0.));
#10621 = ADVANCED_FACE('',(#10622),#10648,.T.);
#10622 = FACE_BOUND('',#10623,.T.);
#10623 = EDGE_LOOP('',(#10624,#10632,#10633,#10641));
#10624 = ORIENTED_EDGE('',*,*,#10625,.F.);
#10625 = EDGE_CURVE('',#10516,#10626,#10628,.T.);
#10626 = VERTEX_POINT('',#10627);
#10627 = CARTESIAN_POINT('',(9.53725672469E-02,0.786467889777,1.775));
#10628 = LINE('',#10629,#10630);
#10629 = CARTESIAN_POINT('',(9.53725672469E-02,0.786467889777,1.3));
#10630 = VECTOR('',#10631,1.);
#10631 = DIRECTION('',(0.,0.,1.));
#10632 = ORIENTED_EDGE('',*,*,#10515,.T.);
#10633 = ORIENTED_EDGE('',*,*,#10634,.T.);
#10634 = EDGE_CURVE('',#10518,#10635,#10637,.T.);
#10635 = VERTEX_POINT('',#10636);
#10636 = CARTESIAN_POINT('',(-9.53725672469E-02,0.786467889777,1.775));
#10637 = LINE('',#10638,#10639);
#10638 = CARTESIAN_POINT('',(-9.53725672469E-02,0.786467889777,1.3));
#10639 = VECTOR('',#10640,1.);
#10640 = DIRECTION('',(0.,0.,1.));
#10641 = ORIENTED_EDGE('',*,*,#10642,.F.);
#10642 = EDGE_CURVE('',#10626,#10635,#10643,.T.);
#10643 = CIRCLE('',#10644,0.5);
#10644 = AXIS2_PLACEMENT_3D('',#10645,#10646,#10647);
#10645 = CARTESIAN_POINT('',(0.,0.295648092482,1.775));
#10646 = DIRECTION('',(0.,-0.,1.));
#10647 = DIRECTION('',(0.190745134494,0.98163959459,0.));
#10648 = CYLINDRICAL_SURFACE('',#10649,0.5);
#10649 = AXIS2_PLACEMENT_3D('',#10650,#10651,#10652);
#10650 = CARTESIAN_POINT('',(0.,0.295648092482,1.3));
#10651 = DIRECTION('',(0.,0.,1.));
#10652 = DIRECTION('',(0.190745134494,0.98163959459,-0.));
#10653 = ADVANCED_FACE('',(#10654),#10672,.T.);
#10654 = FACE_BOUND('',#10655,.F.);
#10655 = EDGE_LOOP('',(#10656,#10657,#10665,#10671));
#10656 = ORIENTED_EDGE('',*,*,#10634,.T.);
#10657 = ORIENTED_EDGE('',*,*,#10658,.T.);
#10658 = EDGE_CURVE('',#10635,#10659,#10661,.T.);
#10659 = VERTEX_POINT('',#10660);
#10660 = CARTESIAN_POINT('',(-0.650372567247,0.678624287881,1.775));
#10661 = LINE('',#10662,#10663);
#10662 = CARTESIAN_POINT('',(-9.53725672469E-02,0.786467889777,1.775));
#10663 = VECTOR('',#10664,1.);
#10664 = DIRECTION('',(-0.98163959459,-0.190745134494,-0.));
#10665 = ORIENTED_EDGE('',*,*,#10666,.F.);
#10666 = EDGE_CURVE('',#10603,#10659,#10667,.T.);
#10667 = LINE('',#10668,#10669);
#10668 = CARTESIAN_POINT('',(-0.650372567247,0.678624287881,1.3));
#10669 = VECTOR('',#10670,1.);
#10670 = DIRECTION('',(0.,0.,1.));
#10671 = ORIENTED_EDGE('',*,*,#10611,.F.);
#10672 = PLANE('',#10673);
#10673 = AXIS2_PLACEMENT_3D('',#10674,#10675,#10676);
#10674 = CARTESIAN_POINT('',(0.,0.805,1.3));
#10675 = DIRECTION('',(-0.190745134494,0.98163959459,0.));
#10676 = DIRECTION('',(0.98163959459,0.190745134494,0.));
#10677 = ADVANCED_FACE('',(#10678),#10697,.T.);
#10678 = FACE_BOUND('',#10679,.T.);
#10679 = EDGE_LOOP('',(#10680,#10681,#10682,#10690));
#10680 = ORIENTED_EDGE('',*,*,#10666,.F.);
#10681 = ORIENTED_EDGE('',*,*,#10602,.T.);
#10682 = ORIENTED_EDGE('',*,*,#10683,.T.);
#10683 = EDGE_CURVE('',#10595,#10684,#10686,.T.);
#10684 = VERTEX_POINT('',#10685);
#10685 = CARTESIAN_POINT('',(-1.055,0.187804490586,1.775));
#10686 = LINE('',#10687,#10688);
#10687 = CARTESIAN_POINT('',(-1.055,0.187804490586,1.3));
#10688 = VECTOR('',#10689,1.);
#10689 = DIRECTION('',(0.,0.,1.));
#10690 = ORIENTED_EDGE('',*,*,#10691,.F.);
#10691 = EDGE_CURVE('',#10659,#10684,#10692,.T.);
#10692 = CIRCLE('',#10693,0.5);
#10693 = AXIS2_PLACEMENT_3D('',#10694,#10695,#10696);
#10694 = CARTESIAN_POINT('',(-0.555,0.187804490586,1.775));
#10695 = DIRECTION('',(0.,0.,1.));
#10696 = DIRECTION('',(-0.190745134494,0.98163959459,0.));
#10697 = CYLINDRICAL_SURFACE('',#10698,0.5);
#10698 = AXIS2_PLACEMENT_3D('',#10699,#10700,#10701);
#10699 = CARTESIAN_POINT('',(-0.555,0.187804490586,1.3));
#10700 = DIRECTION('',(0.,0.,1.));
#10701 = DIRECTION('',(-0.190745134494,0.98163959459,0.));
#10702 = ADVANCED_FACE('',(#10703),#10721,.T.);
#10703 = FACE_BOUND('',#10704,.F.);
#10704 = EDGE_LOOP('',(#10705,#10706,#10714,#10720));
#10705 = ORIENTED_EDGE('',*,*,#10683,.T.);
#10706 = ORIENTED_EDGE('',*,*,#10707,.T.);
#10707 = EDGE_CURVE('',#10684,#10708,#10710,.T.);
#10708 = VERTEX_POINT('',#10709);
#10709 = CARTESIAN_POINT('',(-1.055,-0.187804490586,1.775));
#10710 = LINE('',#10711,#10712);
#10711 = CARTESIAN_POINT('',(-1.055,0.187804490586,1.775));
#10712 = VECTOR('',#10713,1.);
#10713 = DIRECTION('',(-0.,-1.,-0.));
#10714 = ORIENTED_EDGE('',*,*,#10715,.F.);
#10715 = EDGE_CURVE('',#10586,#10708,#10716,.T.);
#10716 = LINE('',#10717,#10718);
#10717 = CARTESIAN_POINT('',(-1.055,-0.187804490586,1.3));
#10718 = VECTOR('',#10719,1.);
#10719 = DIRECTION('',(0.,0.,1.));
#10720 = ORIENTED_EDGE('',*,*,#10594,.F.);
#10721 = PLANE('',#10722);
#10722 = AXIS2_PLACEMENT_3D('',#10723,#10724,#10725);
#10723 = CARTESIAN_POINT('',(-1.055,0.6,1.3));
#10724 = DIRECTION('',(-1.,-0.,-0.));
#10725 = DIRECTION('',(0.,1.,0.));
#10726 = ADVANCED_FACE('',(#10727),#10746,.T.);
#10727 = FACE_BOUND('',#10728,.T.);
#10728 = EDGE_LOOP('',(#10729,#10730,#10731,#10739));
#10729 = ORIENTED_EDGE('',*,*,#10715,.F.);
#10730 = ORIENTED_EDGE('',*,*,#10585,.T.);
#10731 = ORIENTED_EDGE('',*,*,#10732,.T.);
#10732 = EDGE_CURVE('',#10578,#10733,#10735,.T.);
#10733 = VERTEX_POINT('',#10734);
#10734 = CARTESIAN_POINT('',(-0.650372567247,-0.678624287881,1.775));
#10735 = LINE('',#10736,#10737);
#10736 = CARTESIAN_POINT('',(-0.650372567247,-0.678624287881,1.3));
#10737 = VECTOR('',#10738,1.);
#10738 = DIRECTION('',(0.,0.,1.));
#10739 = ORIENTED_EDGE('',*,*,#10740,.F.);
#10740 = EDGE_CURVE('',#10708,#10733,#10741,.T.);
#10741 = CIRCLE('',#10742,0.5);
#10742 = AXIS2_PLACEMENT_3D('',#10743,#10744,#10745);
#10743 = CARTESIAN_POINT('',(-0.555,-0.187804490586,1.775));
#10744 = DIRECTION('',(0.,0.,1.));
#10745 = DIRECTION('',(-1.,0.,0.));
#10746 = CYLINDRICAL_SURFACE('',#10747,0.5);
#10747 = AXIS2_PLACEMENT_3D('',#10748,#10749,#10750);
#10748 = CARTESIAN_POINT('',(-0.555,-0.187804490586,1.3));
#10749 = DIRECTION('',(0.,0.,1.));
#10750 = DIRECTION('',(-1.,0.,0.));
#10751 = ADVANCED_FACE('',(#10752),#10770,.T.);
#10752 = FACE_BOUND('',#10753,.F.);
#10753 = EDGE_LOOP('',(#10754,#10755,#10763,#10769));
#10754 = ORIENTED_EDGE('',*,*,#10732,.T.);
#10755 = ORIENTED_EDGE('',*,*,#10756,.T.);
#10756 = EDGE_CURVE('',#10733,#10757,#10759,.T.);
#10757 = VERTEX_POINT('',#10758);
#10758 = CARTESIAN_POINT('',(-9.53725672469E-02,-0.786467889777,1.775));
#10759 = LINE('',#10760,#10761);
#10760 = CARTESIAN_POINT('',(-0.650372567247,-0.678624287881,1.775));
#10761 = VECTOR('',#10762,1.);
#10762 = DIRECTION('',(0.98163959459,-0.190745134494,0.));
#10763 = ORIENTED_EDGE('',*,*,#10764,.F.);
#10764 = EDGE_CURVE('',#10569,#10757,#10765,.T.);
#10765 = LINE('',#10766,#10767);
#10766 = CARTESIAN_POINT('',(-9.53725672469E-02,-0.786467889777,1.3));
#10767 = VECTOR('',#10768,1.);
#10768 = DIRECTION('',(0.,0.,1.));
#10769 = ORIENTED_EDGE('',*,*,#10577,.F.);
#10770 = PLANE('',#10771);
#10771 = AXIS2_PLACEMENT_3D('',#10772,#10773,#10774);
#10772 = CARTESIAN_POINT('',(-1.055,-0.6,1.3));
#10773 = DIRECTION('',(-0.190745134494,-0.98163959459,-0.));
#10774 = DIRECTION('',(-0.98163959459,0.190745134494,0.));
#10775 = ADVANCED_FACE('',(#10776),#10795,.T.);
#10776 = FACE_BOUND('',#10777,.T.);
#10777 = EDGE_LOOP('',(#10778,#10787,#10788,#10789));
#10778 = ORIENTED_EDGE('',*,*,#10779,.F.);
#10779 = EDGE_CURVE('',#10757,#10780,#10782,.T.);
#10780 = VERTEX_POINT('',#10781);
#10781 = CARTESIAN_POINT('',(9.53725672469E-02,-0.786467889777,1.775));
#10782 = CIRCLE('',#10783,0.5);
#10783 = AXIS2_PLACEMENT_3D('',#10784,#10785,#10786);
#10784 = CARTESIAN_POINT('',(0.,-0.295648092482,1.775));
#10785 = DIRECTION('',(0.,0.,1.));
#10786 = DIRECTION('',(-0.190745134494,-0.98163959459,0.));
#10787 = ORIENTED_EDGE('',*,*,#10764,.F.);
#10788 = ORIENTED_EDGE('',*,*,#10568,.F.);
#10789 = ORIENTED_EDGE('',*,*,#10790,.T.);
#10790 = EDGE_CURVE('',#10561,#10780,#10791,.T.);
#10791 = LINE('',#10792,#10793);
#10792 = CARTESIAN_POINT('',(9.53725672469E-02,-0.786467889777,1.3));
#10793 = VECTOR('',#10794,1.);
#10794 = DIRECTION('',(0.,0.,1.));
#10795 = CYLINDRICAL_SURFACE('',#10796,0.5);
#10796 = AXIS2_PLACEMENT_3D('',#10797,#10798,#10799);
#10797 = CARTESIAN_POINT('',(0.,-0.295648092482,1.3));
#10798 = DIRECTION('',(0.,0.,1.));
#10799 = DIRECTION('',(0.190745134494,-0.98163959459,0.));
#10800 = ADVANCED_FACE('',(#10801),#10819,.T.);
#10801 = FACE_BOUND('',#10802,.T.);
#10802 = EDGE_LOOP('',(#10803,#10811,#10817,#10818));
#10803 = ORIENTED_EDGE('',*,*,#10804,.T.);
#10804 = EDGE_CURVE('',#10552,#10805,#10807,.T.);
#10805 = VERTEX_POINT('',#10806);
#10806 = CARTESIAN_POINT('',(0.650372567247,-0.678624287881,1.775));
#10807 = LINE('',#10808,#10809);
#10808 = CARTESIAN_POINT('',(0.650372567247,-0.678624287881,1.3));
#10809 = VECTOR('',#10810,1.);
#10810 = DIRECTION('',(0.,0.,1.));
#10811 = ORIENTED_EDGE('',*,*,#10812,.F.);
#10812 = EDGE_CURVE('',#10780,#10805,#10813,.T.);
#10813 = LINE('',#10814,#10815);
#10814 = CARTESIAN_POINT('',(9.53725672469E-02,-0.786467889777,1.775));
#10815 = VECTOR('',#10816,1.);
#10816 = DIRECTION('',(0.98163959459,0.190745134494,0.));
#10817 = ORIENTED_EDGE('',*,*,#10790,.F.);
#10818 = ORIENTED_EDGE('',*,*,#10560,.F.);
#10819 = PLANE('',#10820);
#10820 = AXIS2_PLACEMENT_3D('',#10821,#10822,#10823);
#10821 = CARTESIAN_POINT('',(1.055,-0.6,1.3));
#10822 = DIRECTION('',(0.190745134494,-0.98163959459,0.));
#10823 = DIRECTION('',(-0.98163959459,-0.190745134494,0.));
#10824 = ADVANCED_FACE('',(#10825),#10844,.T.);
#10825 = FACE_BOUND('',#10826,.T.);
#10826 = EDGE_LOOP('',(#10827,#10836,#10837,#10838));
#10827 = ORIENTED_EDGE('',*,*,#10828,.F.);
#10828 = EDGE_CURVE('',#10805,#10829,#10831,.T.);
#10829 = VERTEX_POINT('',#10830);
#10830 = CARTESIAN_POINT('',(1.055,-0.187804490586,1.775));
#10831 = CIRCLE('',#10832,0.5);
#10832 = AXIS2_PLACEMENT_3D('',#10833,#10834,#10835);
#10833 = CARTESIAN_POINT('',(0.555,-0.187804490586,1.775));
#10834 = DIRECTION('',(-0.,0.,1.));
#10835 = DIRECTION('',(0.190745134494,-0.98163959459,0.));
#10836 = ORIENTED_EDGE('',*,*,#10804,.F.);
#10837 = ORIENTED_EDGE('',*,*,#10551,.F.);
#10838 = ORIENTED_EDGE('',*,*,#10839,.T.);
#10839 = EDGE_CURVE('',#10544,#10829,#10840,.T.);
#10840 = LINE('',#10841,#10842);
#10841 = CARTESIAN_POINT('',(1.055,-0.187804490586,1.3));
#10842 = VECTOR('',#10843,1.);
#10843 = DIRECTION('',(0.,0.,1.));
#10844 = CYLINDRICAL_SURFACE('',#10845,0.5);
#10845 = AXIS2_PLACEMENT_3D('',#10846,#10847,#10848);
#10846 = CARTESIAN_POINT('',(0.555,-0.187804490586,1.3));
#10847 = DIRECTION('',(0.,0.,1.));
#10848 = DIRECTION('',(1.,0.,-0.));
#10849 = ADVANCED_FACE('',(#10850),#10868,.T.);
#10850 = FACE_BOUND('',#10851,.T.);
#10851 = EDGE_LOOP('',(#10852,#10860,#10866,#10867));
#10852 = ORIENTED_EDGE('',*,*,#10853,.T.);
#10853 = EDGE_CURVE('',#10535,#10854,#10856,.T.);
#10854 = VERTEX_POINT('',#10855);
#10855 = CARTESIAN_POINT('',(1.055,0.187804490586,1.775));
#10856 = LINE('',#10857,#10858);
#10857 = CARTESIAN_POINT('',(1.055,0.187804490586,1.3));
#10858 = VECTOR('',#10859,1.);
#10859 = DIRECTION('',(0.,0.,1.));
#10860 = ORIENTED_EDGE('',*,*,#10861,.F.);
#10861 = EDGE_CURVE('',#10829,#10854,#10862,.T.);
#10862 = LINE('',#10863,#10864);
#10863 = CARTESIAN_POINT('',(1.055,-0.187804490586,1.775));
#10864 = VECTOR('',#10865,1.);
#10865 = DIRECTION('',(0.,1.,0.));
#10866 = ORIENTED_EDGE('',*,*,#10839,.F.);
#10867 = ORIENTED_EDGE('',*,*,#10543,.F.);
#10868 = PLANE('',#10869);
#10869 = AXIS2_PLACEMENT_3D('',#10870,#10871,#10872);
#10870 = CARTESIAN_POINT('',(1.055,0.6,1.3));
#10871 = DIRECTION('',(1.,0.,0.));
#10872 = DIRECTION('',(0.,-1.,0.));
#10873 = ADVANCED_FACE('',(#10874),#10893,.T.);
#10874 = FACE_BOUND('',#10875,.T.);
#10875 = EDGE_LOOP('',(#10876,#10885,#10886,#10887));
#10876 = ORIENTED_EDGE('',*,*,#10877,.F.);
#10877 = EDGE_CURVE('',#10854,#10878,#10880,.T.);
#10878 = VERTEX_POINT('',#10879);
#10879 = CARTESIAN_POINT('',(0.650372567247,0.678624287881,1.775));
#10880 = CIRCLE('',#10881,0.5);
#10881 = AXIS2_PLACEMENT_3D('',#10882,#10883,#10884);
#10882 = CARTESIAN_POINT('',(0.555,0.187804490586,1.775));
#10883 = DIRECTION('',(0.,-0.,1.));
#10884 = DIRECTION('',(1.,1.665334536938E-16,0.));
#10885 = ORIENTED_EDGE('',*,*,#10853,.F.);
#10886 = ORIENTED_EDGE('',*,*,#10534,.F.);
#10887 = ORIENTED_EDGE('',*,*,#10888,.T.);
#10888 = EDGE_CURVE('',#10527,#10878,#10889,.T.);
#10889 = LINE('',#10890,#10891);
#10890 = CARTESIAN_POINT('',(0.650372567247,0.678624287881,1.3));
#10891 = VECTOR('',#10892,1.);
#10892 = DIRECTION('',(0.,0.,1.));
#10893 = CYLINDRICAL_SURFACE('',#10894,0.5);
#10894 = AXIS2_PLACEMENT_3D('',#10895,#10896,#10897);
#10895 = CARTESIAN_POINT('',(0.555,0.187804490586,1.3));
#10896 = DIRECTION('',(0.,0.,1.));
#10897 = DIRECTION('',(0.190745134494,0.98163959459,-0.));
#10898 = ADVANCED_FACE('',(#10899),#10910,.T.);
#10899 = FACE_BOUND('',#10900,.T.);
#10900 = EDGE_LOOP('',(#10901,#10902,#10908,#10909));
#10901 = ORIENTED_EDGE('',*,*,#10625,.T.);
#10902 = ORIENTED_EDGE('',*,*,#10903,.F.);
#10903 = EDGE_CURVE('',#10878,#10626,#10904,.T.);
#10904 = LINE('',#10905,#10906);
#10905 = CARTESIAN_POINT('',(0.650372567247,0.678624287881,1.775));
#10906 = VECTOR('',#10907,1.);
#10907 = DIRECTION('',(-0.98163959459,0.190745134494,0.));
#10908 = ORIENTED_EDGE('',*,*,#10888,.F.);
#10909 = ORIENTED_EDGE('',*,*,#10526,.F.);
#10910 = PLANE('',#10911);
#10911 = AXIS2_PLACEMENT_3D('',#10912,#10913,#10914);
#10912 = CARTESIAN_POINT('',(0.,0.805,1.3));
#10913 = DIRECTION('',(0.190745134494,0.98163959459,0.));
#10914 = DIRECTION('',(0.98163959459,-0.190745134494,0.));
#10915 = ADVANCED_FACE('',(#10916),#10944,.T.);
#10916 = FACE_BOUND('',#10917,.T.);
#10917 = EDGE_LOOP('',(#10918,#10919,#10928,#10937));
#10918 = ORIENTED_EDGE('',*,*,#10642,.T.);
#10919 = ORIENTED_EDGE('',*,*,#10920,.F.);
#10920 = EDGE_CURVE('',#10921,#10635,#10923,.T.);
#10921 = VERTEX_POINT('',#10922);
#10922 = CARTESIAN_POINT('',(-7.152942543518E-02,0.663762940453,1.9));
#10923 = CIRCLE('',#10924,0.125);
#10924 = AXIS2_PLACEMENT_3D('',#10925,#10926,#10927);
#10925 = CARTESIAN_POINT('',(-7.152942543518E-02,0.663762940453,1.775));
#10926 = DIRECTION('',(-0.98163959459,-0.190745134494,0.));
#10927 = DIRECTION('',(0.,0.,1.));
#10928 = ORIENTED_EDGE('',*,*,#10929,.F.);
#10929 = EDGE_CURVE('',#10930,#10921,#10932,.T.);
#10930 = VERTEX_POINT('',#10931);
#10931 = CARTESIAN_POINT('',(7.152942543518E-02,0.663762940453,1.9));
#10932 = CIRCLE('',#10933,0.375);
#10933 = AXIS2_PLACEMENT_3D('',#10934,#10935,#10936);
#10934 = CARTESIAN_POINT('',(0.,0.295648092482,1.9));
#10935 = DIRECTION('',(0.,-0.,1.));
#10936 = DIRECTION('',(0.190745134494,0.98163959459,0.));
#10937 = ORIENTED_EDGE('',*,*,#10938,.T.);
#10938 = EDGE_CURVE('',#10930,#10626,#10939,.T.);
#10939 = CIRCLE('',#10940,0.125);
#10940 = AXIS2_PLACEMENT_3D('',#10941,#10942,#10943);
#10941 = CARTESIAN_POINT('',(7.152942543518E-02,0.663762940453,1.775));
#10942 = DIRECTION('',(-0.98163959459,0.190745134494,0.));
#10943 = DIRECTION('',(0.,0.,1.));
#10944 = TOROIDAL_SURFACE('',#10945,0.375,0.125);
#10945 = AXIS2_PLACEMENT_3D('',#10946,#10947,#10948);
#10946 = CARTESIAN_POINT('',(0.,0.295648092482,1.775));
#10947 = DIRECTION('',(0.,0.,-1.));
#10948 = DIRECTION('',(0.190745134494,0.98163959459,0.));
#10949 = ADVANCED_FACE('',(#10950),#10969,.T.);
#10950 = FACE_BOUND('',#10951,.T.);
#10951 = EDGE_LOOP('',(#10952,#10953,#10954,#10963));
#10952 = ORIENTED_EDGE('',*,*,#10920,.T.);
#10953 = ORIENTED_EDGE('',*,*,#10658,.T.);
#10954 = ORIENTED_EDGE('',*,*,#10955,.F.);
#10955 = EDGE_CURVE('',#10956,#10659,#10958,.T.);
#10956 = VERTEX_POINT('',#10957);
#10957 = CARTESIAN_POINT('',(-0.626529425435,0.555919338557,1.9));
#10958 = CIRCLE('',#10959,0.125);
#10959 = AXIS2_PLACEMENT_3D('',#10960,#10961,#10962);
#10960 = CARTESIAN_POINT('',(-0.626529425435,0.555919338557,1.775));
#10961 = DIRECTION('',(-0.98163959459,-0.190745134494,0.));
#10962 = DIRECTION('',(0.,0.,1.));
#10963 = ORIENTED_EDGE('',*,*,#10964,.F.);
#10964 = EDGE_CURVE('',#10921,#10956,#10965,.T.);
#10965 = LINE('',#10966,#10967);
#10966 = CARTESIAN_POINT('',(-7.152942543518E-02,0.663762940453,1.9));
#10967 = VECTOR('',#10968,1.);
#10968 = DIRECTION('',(-0.98163959459,-0.190745134494,-0.));
#10969 = CYLINDRICAL_SURFACE('',#10970,0.125);
#10970 = AXIS2_PLACEMENT_3D('',#10971,#10972,#10973);
#10971 = CARTESIAN_POINT('',(-7.152942543518E-02,0.663762940453,1.775));
#10972 = DIRECTION('',(-0.98163959459,-0.190745134494,-0.));
#10973 = DIRECTION('',(-0.,0.,1.));
#10974 = ADVANCED_FACE('',(#10975),#10995,.T.);
#10975 = FACE_BOUND('',#10976,.T.);
#10976 = EDGE_LOOP('',(#10977,#10978,#10987,#10994));
#10977 = ORIENTED_EDGE('',*,*,#10691,.T.);
#10978 = ORIENTED_EDGE('',*,*,#10979,.F.);
#10979 = EDGE_CURVE('',#10980,#10684,#10982,.T.);
#10980 = VERTEX_POINT('',#10981);
#10981 = CARTESIAN_POINT('',(-0.93,0.187804490586,1.9));
#10982 = CIRCLE('',#10983,0.125);
#10983 = AXIS2_PLACEMENT_3D('',#10984,#10985,#10986);
#10984 = CARTESIAN_POINT('',(-0.93,0.187804490586,1.775));
#10985 = DIRECTION('',(1.942890293094E-16,-1.,0.));
#10986 = DIRECTION('',(-1.,-1.942890293094E-16,0.));
#10987 = ORIENTED_EDGE('',*,*,#10988,.F.);
#10988 = EDGE_CURVE('',#10956,#10980,#10989,.T.);
#10989 = CIRCLE('',#10990,0.375);
#10990 = AXIS2_PLACEMENT_3D('',#10991,#10992,#10993);
#10991 = CARTESIAN_POINT('',(-0.555,0.187804490586,1.9));
#10992 = DIRECTION('',(0.,0.,1.));
#10993 = DIRECTION('',(-0.190745134494,0.98163959459,0.));
#10994 = ORIENTED_EDGE('',*,*,#10955,.T.);
#10995 = TOROIDAL_SURFACE('',#10996,0.375,0.125);
#10996 = AXIS2_PLACEMENT_3D('',#10997,#10998,#10999);
#10997 = CARTESIAN_POINT('',(-0.555,0.187804490586,1.775));
#10998 = DIRECTION('',(0.,0.,-1.));
#10999 = DIRECTION('',(-0.190745134494,0.98163959459,0.));
#11000 = ADVANCED_FACE('',(#11001),#11020,.T.);
#11001 = FACE_BOUND('',#11002,.T.);
#11002 = EDGE_LOOP('',(#11003,#11004,#11005,#11014));
#11003 = ORIENTED_EDGE('',*,*,#10979,.T.);
#11004 = ORIENTED_EDGE('',*,*,#10707,.T.);
#11005 = ORIENTED_EDGE('',*,*,#11006,.F.);
#11006 = EDGE_CURVE('',#11007,#10708,#11009,.T.);
#11007 = VERTEX_POINT('',#11008);
#11008 = CARTESIAN_POINT('',(-0.93,-0.187804490586,1.9));
#11009 = CIRCLE('',#11010,0.125);
#11010 = AXIS2_PLACEMENT_3D('',#11011,#11012,#11013);
#11011 = CARTESIAN_POINT('',(-0.93,-0.187804490586,1.775));
#11012 = DIRECTION('',(0.,-1.,0.));
#11013 = DIRECTION('',(0.,0.,1.));
#11014 = ORIENTED_EDGE('',*,*,#11015,.F.);
#11015 = EDGE_CURVE('',#10980,#11007,#11016,.T.);
#11016 = LINE('',#11017,#11018);
#11017 = CARTESIAN_POINT('',(-0.93,0.187804490586,1.9));
#11018 = VECTOR('',#11019,1.);
#11019 = DIRECTION('',(-0.,-1.,-0.));
#11020 = CYLINDRICAL_SURFACE('',#11021,0.125);
#11021 = AXIS2_PLACEMENT_3D('',#11022,#11023,#11024);
#11022 = CARTESIAN_POINT('',(-0.93,0.187804490586,1.775));
#11023 = DIRECTION('',(-0.,-1.,-0.));
#11024 = DIRECTION('',(0.,0.,1.));
#11025 = ADVANCED_FACE('',(#11026),#11046,.T.);
#11026 = FACE_BOUND('',#11027,.T.);
#11027 = EDGE_LOOP('',(#11028,#11029,#11038,#11045));
#11028 = ORIENTED_EDGE('',*,*,#10740,.T.);
#11029 = ORIENTED_EDGE('',*,*,#11030,.F.);
#11030 = EDGE_CURVE('',#11031,#10733,#11033,.T.);
#11031 = VERTEX_POINT('',#11032);
#11032 = CARTESIAN_POINT('',(-0.626529425435,-0.555919338557,1.9));
#11033 = CIRCLE('',#11034,0.125);
#11034 = AXIS2_PLACEMENT_3D('',#11035,#11036,#11037);
#11035 = CARTESIAN_POINT('',(-0.626529425435,-0.555919338557,1.775));
#11036 = DIRECTION('',(0.98163959459,-0.190745134494,0.));
#11037 = DIRECTION('',(-0.190745134494,-0.98163959459,0.));
#11038 = ORIENTED_EDGE('',*,*,#11039,.F.);
#11039 = EDGE_CURVE('',#11007,#11031,#11040,.T.);
#11040 = CIRCLE('',#11041,0.375);
#11041 = AXIS2_PLACEMENT_3D('',#11042,#11043,#11044);
#11042 = CARTESIAN_POINT('',(-0.555,-0.187804490586,1.9));
#11043 = DIRECTION('',(0.,0.,1.));
#11044 = DIRECTION('',(-1.,0.,0.));
#11045 = ORIENTED_EDGE('',*,*,#11006,.T.);
#11046 = TOROIDAL_SURFACE('',#11047,0.375,0.125);
#11047 = AXIS2_PLACEMENT_3D('',#11048,#11049,#11050);
#11048 = CARTESIAN_POINT('',(-0.555,-0.187804490586,1.775));
#11049 = DIRECTION('',(0.,0.,-1.));
#11050 = DIRECTION('',(-1.,0.,0.));
#11051 = ADVANCED_FACE('',(#11052),#11071,.T.);
#11052 = FACE_BOUND('',#11053,.T.);
#11053 = EDGE_LOOP('',(#11054,#11055,#11056,#11065));
#11054 = ORIENTED_EDGE('',*,*,#11030,.T.);
#11055 = ORIENTED_EDGE('',*,*,#10756,.T.);
#11056 = ORIENTED_EDGE('',*,*,#11057,.F.);
#11057 = EDGE_CURVE('',#11058,#10757,#11060,.T.);
#11058 = VERTEX_POINT('',#11059);
#11059 = CARTESIAN_POINT('',(-7.152942543518E-02,-0.663762940453,1.9));
#11060 = CIRCLE('',#11061,0.125);
#11061 = AXIS2_PLACEMENT_3D('',#11062,#11063,#11064);
#11062 = CARTESIAN_POINT('',(-7.152942543518E-02,-0.663762940453,1.775)
  );
#11063 = DIRECTION('',(0.98163959459,-0.190745134494,0.));
#11064 = DIRECTION('',(0.,0.,1.));
#11065 = ORIENTED_EDGE('',*,*,#11066,.F.);
#11066 = EDGE_CURVE('',#11031,#11058,#11067,.T.);
#11067 = LINE('',#11068,#11069);
#11068 = CARTESIAN_POINT('',(-0.626529425435,-0.555919338557,1.9));
#11069 = VECTOR('',#11070,1.);
#11070 = DIRECTION('',(0.98163959459,-0.190745134494,0.));
#11071 = CYLINDRICAL_SURFACE('',#11072,0.125);
#11072 = AXIS2_PLACEMENT_3D('',#11073,#11074,#11075);
#11073 = CARTESIAN_POINT('',(-0.626529425435,-0.555919338557,1.775));
#11074 = DIRECTION('',(0.98163959459,-0.190745134494,0.));
#11075 = DIRECTION('',(0.,0.,1.));
#11076 = ADVANCED_FACE('',(#11077),#11097,.T.);
#11077 = FACE_BOUND('',#11078,.T.);
#11078 = EDGE_LOOP('',(#11079,#11080,#11089,#11096));
#11079 = ORIENTED_EDGE('',*,*,#10779,.T.);
#11080 = ORIENTED_EDGE('',*,*,#11081,.F.);
#11081 = EDGE_CURVE('',#11082,#10780,#11084,.T.);
#11082 = VERTEX_POINT('',#11083);
#11083 = CARTESIAN_POINT('',(7.152942543518E-02,-0.663762940453,1.9));
#11084 = CIRCLE('',#11085,0.125);
#11085 = AXIS2_PLACEMENT_3D('',#11086,#11087,#11088);
#11086 = CARTESIAN_POINT('',(7.152942543518E-02,-0.663762940453,1.775));
#11087 = DIRECTION('',(0.98163959459,0.190745134494,0.));
#11088 = DIRECTION('',(0.190745134494,-0.98163959459,0.));
#11089 = ORIENTED_EDGE('',*,*,#11090,.F.);
#11090 = EDGE_CURVE('',#11058,#11082,#11091,.T.);
#11091 = CIRCLE('',#11092,0.375);
#11092 = AXIS2_PLACEMENT_3D('',#11093,#11094,#11095);
#11093 = CARTESIAN_POINT('',(0.,-0.295648092482,1.9));
#11094 = DIRECTION('',(0.,0.,1.));
#11095 = DIRECTION('',(-0.190745134494,-0.98163959459,0.));
#11096 = ORIENTED_EDGE('',*,*,#11057,.T.);
#11097 = TOROIDAL_SURFACE('',#11098,0.375,0.125);
#11098 = AXIS2_PLACEMENT_3D('',#11099,#11100,#11101);
#11099 = CARTESIAN_POINT('',(0.,-0.295648092482,1.775));
#11100 = DIRECTION('',(0.,0.,-1.));
#11101 = DIRECTION('',(-0.190745134494,-0.98163959459,-0.));
#11102 = ADVANCED_FACE('',(#11103),#11122,.T.);
#11103 = FACE_BOUND('',#11104,.T.);
#11104 = EDGE_LOOP('',(#11105,#11106,#11107,#11116));
#11105 = ORIENTED_EDGE('',*,*,#11081,.T.);
#11106 = ORIENTED_EDGE('',*,*,#10812,.T.);
#11107 = ORIENTED_EDGE('',*,*,#11108,.F.);
#11108 = EDGE_CURVE('',#11109,#10805,#11111,.T.);
#11109 = VERTEX_POINT('',#11110);
#11110 = CARTESIAN_POINT('',(0.626529425435,-0.555919338557,1.9));
#11111 = CIRCLE('',#11112,0.125);
#11112 = AXIS2_PLACEMENT_3D('',#11113,#11114,#11115);
#11113 = CARTESIAN_POINT('',(0.626529425435,-0.555919338557,1.775));
#11114 = DIRECTION('',(0.98163959459,0.190745134494,-0.));
#11115 = DIRECTION('',(0.,0.,1.));
#11116 = ORIENTED_EDGE('',*,*,#11117,.F.);
#11117 = EDGE_CURVE('',#11082,#11109,#11118,.T.);
#11118 = LINE('',#11119,#11120);
#11119 = CARTESIAN_POINT('',(7.152942543518E-02,-0.663762940453,1.9));
#11120 = VECTOR('',#11121,1.);
#11121 = DIRECTION('',(0.98163959459,0.190745134494,0.));
#11122 = CYLINDRICAL_SURFACE('',#11123,0.125);
#11123 = AXIS2_PLACEMENT_3D('',#11124,#11125,#11126);
#11124 = CARTESIAN_POINT('',(7.152942543518E-02,-0.663762940453,1.775));
#11125 = DIRECTION('',(0.98163959459,0.190745134494,0.));
#11126 = DIRECTION('',(0.,-0.,1.));
#11127 = ADVANCED_FACE('',(#11128),#11148,.T.);
#11128 = FACE_BOUND('',#11129,.T.);
#11129 = EDGE_LOOP('',(#11130,#11131,#11140,#11147));
#11130 = ORIENTED_EDGE('',*,*,#10828,.T.);
#11131 = ORIENTED_EDGE('',*,*,#11132,.F.);
#11132 = EDGE_CURVE('',#11133,#10829,#11135,.T.);
#11133 = VERTEX_POINT('',#11134);
#11134 = CARTESIAN_POINT('',(0.93,-0.187804490586,1.9));
#11135 = CIRCLE('',#11136,0.125);
#11136 = AXIS2_PLACEMENT_3D('',#11137,#11138,#11139);
#11137 = CARTESIAN_POINT('',(0.93,-0.187804490586,1.775));
#11138 = DIRECTION('',(-2.775557561563E-17,1.,0.));
#11139 = DIRECTION('',(1.,2.775557561563E-17,0.));
#11140 = ORIENTED_EDGE('',*,*,#11141,.F.);
#11141 = EDGE_CURVE('',#11109,#11133,#11142,.T.);
#11142 = CIRCLE('',#11143,0.375);
#11143 = AXIS2_PLACEMENT_3D('',#11144,#11145,#11146);
#11144 = CARTESIAN_POINT('',(0.555,-0.187804490586,1.9));
#11145 = DIRECTION('',(-0.,0.,1.));
#11146 = DIRECTION('',(0.190745134494,-0.98163959459,0.));
#11147 = ORIENTED_EDGE('',*,*,#11108,.T.);
#11148 = TOROIDAL_SURFACE('',#11149,0.375,0.125);
#11149 = AXIS2_PLACEMENT_3D('',#11150,#11151,#11152);
#11150 = CARTESIAN_POINT('',(0.555,-0.187804490586,1.775));
#11151 = DIRECTION('',(0.,0.,-1.));
#11152 = DIRECTION('',(0.190745134494,-0.98163959459,0.));
#11153 = ADVANCED_FACE('',(#11154),#11173,.T.);
#11154 = FACE_BOUND('',#11155,.T.);
#11155 = EDGE_LOOP('',(#11156,#11157,#11158,#11167));
#11156 = ORIENTED_EDGE('',*,*,#11132,.T.);
#11157 = ORIENTED_EDGE('',*,*,#10861,.T.);
#11158 = ORIENTED_EDGE('',*,*,#11159,.F.);
#11159 = EDGE_CURVE('',#11160,#10854,#11162,.T.);
#11160 = VERTEX_POINT('',#11161);
#11161 = CARTESIAN_POINT('',(0.93,0.187804490586,1.9));
#11162 = CIRCLE('',#11163,0.125);
#11163 = AXIS2_PLACEMENT_3D('',#11164,#11165,#11166);
#11164 = CARTESIAN_POINT('',(0.93,0.187804490586,1.775));
#11165 = DIRECTION('',(0.,1.,0.));
#11166 = DIRECTION('',(0.,-0.,1.));
#11167 = ORIENTED_EDGE('',*,*,#11168,.F.);
#11168 = EDGE_CURVE('',#11133,#11160,#11169,.T.);
#11169 = LINE('',#11170,#11171);
#11170 = CARTESIAN_POINT('',(0.93,-0.187804490586,1.9));
#11171 = VECTOR('',#11172,1.);
#11172 = DIRECTION('',(0.,1.,0.));
#11173 = CYLINDRICAL_SURFACE('',#11174,0.125);
#11174 = AXIS2_PLACEMENT_3D('',#11175,#11176,#11177);
#11175 = CARTESIAN_POINT('',(0.93,-0.187804490586,1.775));
#11176 = DIRECTION('',(0.,1.,0.));
#11177 = DIRECTION('',(0.,-0.,1.));
#11178 = ADVANCED_FACE('',(#11179),#11199,.T.);
#11179 = FACE_BOUND('',#11180,.T.);
#11180 = EDGE_LOOP('',(#11181,#11182,#11191,#11198));
#11181 = ORIENTED_EDGE('',*,*,#10877,.T.);
#11182 = ORIENTED_EDGE('',*,*,#11183,.F.);
#11183 = EDGE_CURVE('',#11184,#10878,#11186,.T.);
#11184 = VERTEX_POINT('',#11185);
#11185 = CARTESIAN_POINT('',(0.626529425435,0.555919338557,1.9));
#11186 = CIRCLE('',#11187,0.125);
#11187 = AXIS2_PLACEMENT_3D('',#11188,#11189,#11190);
#11188 = CARTESIAN_POINT('',(0.626529425435,0.555919338557,1.775));
#11189 = DIRECTION('',(-0.98163959459,0.190745134494,0.));
#11190 = DIRECTION('',(0.190745134494,0.98163959459,0.));
#11191 = ORIENTED_EDGE('',*,*,#11192,.F.);
#11192 = EDGE_CURVE('',#11160,#11184,#11193,.T.);
#11193 = CIRCLE('',#11194,0.375);
#11194 = AXIS2_PLACEMENT_3D('',#11195,#11196,#11197);
#11195 = CARTESIAN_POINT('',(0.555,0.187804490586,1.9));
#11196 = DIRECTION('',(0.,-0.,1.));
#11197 = DIRECTION('',(1.,1.665334536938E-16,0.));
#11198 = ORIENTED_EDGE('',*,*,#11159,.T.);
#11199 = TOROIDAL_SURFACE('',#11200,0.375,0.125);
#11200 = AXIS2_PLACEMENT_3D('',#11201,#11202,#11203);
#11201 = CARTESIAN_POINT('',(0.555,0.187804490586,1.775));
#11202 = DIRECTION('',(0.,0.,-1.));
#11203 = DIRECTION('',(1.,1.665334536938E-16,0.));
#11204 = ADVANCED_FACE('',(#11205),#11216,.T.);
#11205 = FACE_BOUND('',#11206,.T.);
#11206 = EDGE_LOOP('',(#11207,#11208,#11209,#11210));
#11207 = ORIENTED_EDGE('',*,*,#11183,.T.);
#11208 = ORIENTED_EDGE('',*,*,#10903,.T.);
#11209 = ORIENTED_EDGE('',*,*,#10938,.F.);
#11210 = ORIENTED_EDGE('',*,*,#11211,.F.);
#11211 = EDGE_CURVE('',#11184,#10930,#11212,.T.);
#11212 = LINE('',#11213,#11214);
#11213 = CARTESIAN_POINT('',(0.626529425435,0.555919338557,1.9));
#11214 = VECTOR('',#11215,1.);
#11215 = DIRECTION('',(-0.98163959459,0.190745134494,0.));
#11216 = CYLINDRICAL_SURFACE('',#11217,0.125);
#11217 = AXIS2_PLACEMENT_3D('',#11218,#11219,#11220);
#11218 = CARTESIAN_POINT('',(0.626529425435,0.555919338557,1.775));
#11219 = DIRECTION('',(-0.98163959459,0.190745134494,0.));
#11220 = DIRECTION('',(0.,0.,1.));
#11221 = ADVANCED_FACE('',(#11222),#11236,.F.);
#11222 = FACE_BOUND('',#11223,.F.);
#11223 = EDGE_LOOP('',(#11224,#11225,#11226,#11227,#11228,#11229,#11230,
    #11231,#11232,#11233,#11234,#11235));
#11224 = ORIENTED_EDGE('',*,*,#10964,.F.);
#11225 = ORIENTED_EDGE('',*,*,#10929,.F.);
#11226 = ORIENTED_EDGE('',*,*,#11211,.F.);
#11227 = ORIENTED_EDGE('',*,*,#11192,.F.);
#11228 = ORIENTED_EDGE('',*,*,#11168,.F.);
#11229 = ORIENTED_EDGE('',*,*,#11141,.F.);
#11230 = ORIENTED_EDGE('',*,*,#11117,.F.);
#11231 = ORIENTED_EDGE('',*,*,#11090,.F.);
#11232 = ORIENTED_EDGE('',*,*,#11066,.F.);
#11233 = ORIENTED_EDGE('',*,*,#11039,.F.);
#11234 = ORIENTED_EDGE('',*,*,#11015,.F.);
#11235 = ORIENTED_EDGE('',*,*,#10988,.F.);
#11236 = PLANE('',#11237);
#11237 = AXIS2_PLACEMENT_3D('',#11238,#11239,#11240);
#11238 = CARTESIAN_POINT('',(0.483891466049,-4.477188622132E-17,1.9));
#11239 = DIRECTION('',(-0.,-0.,-1.));
#11240 = DIRECTION('',(-1.,0.,0.));
#11241 = ( GEOMETRIC_REPRESENTATION_CONTEXT(3) 
GLOBAL_UNCERTAINTY_ASSIGNED_CONTEXT((#11245)) 
GLOBAL_UNIT_ASSIGNED_CONTEXT((#11242,#11243,#11244)) 
REPRESENTATION_CONTEXT('Context #1',
  '3D Context with UNIT and UNCERTAINTY') );
#11242 = ( LENGTH_UNIT() NAMED_UNIT(*) SI_UNIT(.MILLI.,.METRE.) );
#11243 = ( NAMED_UNIT(*) PLANE_ANGLE_UNIT() SI_UNIT($,.RADIAN.) );
#11244 = ( NAMED_UNIT(*) SI_UNIT($,.STERADIAN.) SOLID_ANGLE_UNIT() );
#11245 = UNCERTAINTY_MEASURE_WITH_UNIT(LENGTH_MEASURE(1.E-07),#11242,
  'distance_accuracy_value','confusion accuracy');
#11246 = CONTEXT_DEPENDENT_SHAPE_REPRESENTATION(#11247,#11249);
#11247 = ( REPRESENTATION_RELATIONSHIP('','',#7008,#6985) 
REPRESENTATION_RELATIONSHIP_WITH_TRANSFORMATION(#11248) 
SHAPE_REPRESENTATION_RELATIONSHIP() );
#11248 = ITEM_DEFINED_TRANSFORMATION('','',#11,#6986);
#11249 = PRODUCT_DEFINITION_SHAPE('Placement','Placement of an item',
  #11250);
#11250 = NEXT_ASSEMBLY_USAGE_OCCURRENCE('15','=>[0:1:1:13]','',#6980,
  #7003,$);
#11251 = PRODUCT_RELATED_PRODUCT_CATEGORY('part',$,(#7005));
#11252 = SHAPE_DEFINITION_REPRESENTATION(#11253,#11259);
#11253 = PRODUCT_DEFINITION_SHAPE('','',#11254);
#11254 = PRODUCT_DEFINITION('design','',#11255,#11258);
#11255 = PRODUCT_DEFINITION_FORMATION('','',#11256);
#11256 = PRODUCT('OpenTallyESP32_PCB','OpenTallyESP32_PCB','',(#11257));
#11257 = PRODUCT_CONTEXT('',#2,'mechanical');
#11258 = PRODUCT_DEFINITION_CONTEXT('part definition',#2,'design');
#11259 = ADVANCED_BREP_SHAPE_REPRESENTATION('',(#11,#11260),#11686);
#11260 = MANIFOLD_SOLID_BREP('',#11261);
#11261 = CLOSED_SHELL('',(#11262,#11304,#11335,#11368,#11399,#11432,
    #11463,#11496,#11527,#11560,#11591,#11624,#11646,#11666));
#11262 = ADVANCED_FACE('',(#11263),#11299,.T.);
#11263 = FACE_BOUND('',#11264,.T.);
#11264 = EDGE_LOOP('',(#11265,#11275,#11284,#11292));
#11265 = ORIENTED_EDGE('',*,*,#11266,.T.);
#11266 = EDGE_CURVE('',#11267,#11269,#11271,.T.);
#11267 = VERTEX_POINT('',#11268);
#11268 = CARTESIAN_POINT('',(89.,-46.,0.));
#11269 = VERTEX_POINT('',#11270);
#11270 = CARTESIAN_POINT('',(89.,-46.,1.51));
#11271 = LINE('',#11272,#11273);
#11272 = CARTESIAN_POINT('',(89.,-46.,0.));
#11273 = VECTOR('',#11274,1.);
#11274 = DIRECTION('',(0.,0.,1.));
#11275 = ORIENTED_EDGE('',*,*,#11276,.T.);
#11276 = EDGE_CURVE('',#11269,#11277,#11279,.T.);
#11277 = VERTEX_POINT('',#11278);
#11278 = CARTESIAN_POINT('',(92.,-49.,1.51));
#11279 = CIRCLE('',#11280,3.000001172987);
#11280 = AXIS2_PLACEMENT_3D('',#11281,#11282,#11283);
#11281 = CARTESIAN_POINT('',(88.999998827013,-49.00000117298,1.51));
#11282 = DIRECTION('',(0.,0.,-1.));
#11283 = DIRECTION('',(3.909953663434E-07,1.,0.));
#11284 = ORIENTED_EDGE('',*,*,#11285,.F.);
#11285 = EDGE_CURVE('',#11286,#11277,#11288,.T.);
#11286 = VERTEX_POINT('',#11287);
#11287 = CARTESIAN_POINT('',(92.,-49.,0.));
#11288 = LINE('',#11289,#11290);
#11289 = CARTESIAN_POINT('',(92.,-49.,0.));
#11290 = VECTOR('',#11291,1.);
#11291 = DIRECTION('',(0.,0.,1.));
#11292 = ORIENTED_EDGE('',*,*,#11293,.F.);
#11293 = EDGE_CURVE('',#11267,#11286,#11294,.T.);
#11294 = CIRCLE('',#11295,3.000001172987);
#11295 = AXIS2_PLACEMENT_3D('',#11296,#11297,#11298);
#11296 = CARTESIAN_POINT('',(88.999998827013,-49.00000117298,0.));
#11297 = DIRECTION('',(0.,0.,-1.));
#11298 = DIRECTION('',(3.909953663434E-07,1.,0.));
#11299 = CYLINDRICAL_SURFACE('',#11300,3.000001172987);
#11300 = AXIS2_PLACEMENT_3D('',#11301,#11302,#11303);
#11301 = CARTESIAN_POINT('',(88.999998827013,-49.00000117298,0.));
#11302 = DIRECTION('',(0.,0.,-1.));
#11303 = DIRECTION('',(3.909953663434E-07,1.,0.));
#11304 = ADVANCED_FACE('',(#11305),#11330,.T.);
#11305 = FACE_BOUND('',#11306,.T.);
#11306 = EDGE_LOOP('',(#11307,#11308,#11316,#11324));
#11307 = ORIENTED_EDGE('',*,*,#11285,.T.);
#11308 = ORIENTED_EDGE('',*,*,#11309,.T.);
#11309 = EDGE_CURVE('',#11277,#11310,#11312,.T.);
#11310 = VERTEX_POINT('',#11311);
#11311 = CARTESIAN_POINT('',(92.,-63.757359,1.51));
#11312 = LINE('',#11313,#11314);
#11313 = CARTESIAN_POINT('',(92.,-49.,1.51));
#11314 = VECTOR('',#11315,1.);
#11315 = DIRECTION('',(0.,-1.,0.));
#11316 = ORIENTED_EDGE('',*,*,#11317,.F.);
#11317 = EDGE_CURVE('',#11318,#11310,#11320,.T.);
#11318 = VERTEX_POINT('',#11319);
#11319 = CARTESIAN_POINT('',(92.,-63.757359,0.));
#11320 = LINE('',#11321,#11322);
#11321 = CARTESIAN_POINT('',(92.,-63.757359,0.));
#11322 = VECTOR('',#11323,1.);
#11323 = DIRECTION('',(0.,0.,1.));
#11324 = ORIENTED_EDGE('',*,*,#11325,.F.);
#11325 = EDGE_CURVE('',#11286,#11318,#11326,.T.);
#11326 = LINE('',#11327,#11328);
#11327 = CARTESIAN_POINT('',(92.,-49.,0.));
#11328 = VECTOR('',#11329,1.);
#11329 = DIRECTION('',(0.,-1.,0.));
#11330 = PLANE('',#11331);
#11331 = AXIS2_PLACEMENT_3D('',#11332,#11333,#11334);
#11332 = CARTESIAN_POINT('',(92.,-49.,0.));
#11333 = DIRECTION('',(1.,0.,-0.));
#11334 = DIRECTION('',(0.,-1.,0.));
#11335 = ADVANCED_FACE('',(#11336),#11363,.T.);
#11336 = FACE_BOUND('',#11337,.T.);
#11337 = EDGE_LOOP('',(#11338,#11339,#11348,#11356));
#11338 = ORIENTED_EDGE('',*,*,#11317,.T.);
#11339 = ORIENTED_EDGE('',*,*,#11340,.T.);
#11340 = EDGE_CURVE('',#11310,#11341,#11343,.T.);
#11341 = VERTEX_POINT('',#11342);
#11342 = CARTESIAN_POINT('',(91.121321,-65.878679,1.51));
#11343 = CIRCLE('',#11344,2.999998320199);
#11344 = AXIS2_PLACEMENT_3D('',#11345,#11346,#11347);
#11345 = CARTESIAN_POINT('',(89.000001679801,-63.75736000867,1.51));
#11346 = DIRECTION('',(0.,0.,-1.));
#11347 = DIRECTION('',(1.,3.362258418053E-07,0.));
#11348 = ORIENTED_EDGE('',*,*,#11349,.F.);
#11349 = EDGE_CURVE('',#11350,#11341,#11352,.T.);
#11350 = VERTEX_POINT('',#11351);
#11351 = CARTESIAN_POINT('',(91.121321,-65.878679,0.));
#11352 = LINE('',#11353,#11354);
#11353 = CARTESIAN_POINT('',(91.121321,-65.878679,0.));
#11354 = VECTOR('',#11355,1.);
#11355 = DIRECTION('',(0.,0.,1.));
#11356 = ORIENTED_EDGE('',*,*,#11357,.F.);
#11357 = EDGE_CURVE('',#11318,#11350,#11358,.T.);
#11358 = CIRCLE('',#11359,2.999998320199);
#11359 = AXIS2_PLACEMENT_3D('',#11360,#11361,#11362);
#11360 = CARTESIAN_POINT('',(89.000001679801,-63.75736000867,0.));
#11361 = DIRECTION('',(0.,0.,-1.));
#11362 = DIRECTION('',(1.,3.362258418053E-07,0.));
#11363 = CYLINDRICAL_SURFACE('',#11364,2.999998320199);
#11364 = AXIS2_PLACEMENT_3D('',#11365,#11366,#11367);
#11365 = CARTESIAN_POINT('',(89.000001679801,-63.75736000867,0.));
#11366 = DIRECTION('',(0.,0.,-1.));
#11367 = DIRECTION('',(1.,3.362258418053E-07,0.));
#11368 = ADVANCED_FACE('',(#11369),#11394,.T.);
#11369 = FACE_BOUND('',#11370,.T.);
#11370 = EDGE_LOOP('',(#11371,#11372,#11380,#11388));
#11371 = ORIENTED_EDGE('',*,*,#11349,.T.);
#11372 = ORIENTED_EDGE('',*,*,#11373,.T.);
#11373 = EDGE_CURVE('',#11341,#11374,#11376,.T.);
#11374 = VERTEX_POINT('',#11375);
#11375 = CARTESIAN_POINT('',(82.87868,-74.12132,1.51));
#11376 = LINE('',#11377,#11378);
#11377 = CARTESIAN_POINT('',(91.121321,-65.878679,1.51));
#11378 = VECTOR('',#11379,1.);
#11379 = DIRECTION('',(-0.707106781187,-0.707106781187,0.));
#11380 = ORIENTED_EDGE('',*,*,#11381,.F.);
#11381 = EDGE_CURVE('',#11382,#11374,#11384,.T.);
#11382 = VERTEX_POINT('',#11383);
#11383 = CARTESIAN_POINT('',(82.87868,-74.12132,0.));
#11384 = LINE('',#11385,#11386);
#11385 = CARTESIAN_POINT('',(82.87868,-74.12132,0.));
#11386 = VECTOR('',#11387,1.);
#11387 = DIRECTION('',(0.,0.,1.));
#11388 = ORIENTED_EDGE('',*,*,#11389,.F.);
#11389 = EDGE_CURVE('',#11350,#11382,#11390,.T.);
#11390 = LINE('',#11391,#11392);
#11391 = CARTESIAN_POINT('',(91.121321,-65.878679,0.));
#11392 = VECTOR('',#11393,1.);
#11393 = DIRECTION('',(-0.707106781187,-0.707106781187,0.));
#11394 = PLANE('',#11395);
#11395 = AXIS2_PLACEMENT_3D('',#11396,#11397,#11398);
#11396 = CARTESIAN_POINT('',(91.121321,-65.878679,0.));
#11397 = DIRECTION('',(0.707106781187,-0.707106781187,0.));
#11398 = DIRECTION('',(-0.707106781187,-0.707106781187,0.));
#11399 = ADVANCED_FACE('',(#11400),#11427,.T.);
#11400 = FACE_BOUND('',#11401,.T.);
#11401 = EDGE_LOOP('',(#11402,#11403,#11412,#11420));
#11402 = ORIENTED_EDGE('',*,*,#11381,.T.);
#11403 = ORIENTED_EDGE('',*,*,#11404,.T.);
#11404 = EDGE_CURVE('',#11374,#11405,#11407,.T.);
#11405 = VERTEX_POINT('',#11406);
#11406 = CARTESIAN_POINT('',(80.757359,-75.,1.51));
#11407 = CIRCLE('',#11408,3.000164604237);
#11408 = AXIS2_PLACEMENT_3D('',#11409,#11410,#11411);
#11409 = CARTESIAN_POINT('',(80.757291131886,-71.99983539653,1.51));
#11410 = DIRECTION('',(0.,0.,-1.));
#11411 = DIRECTION('',(0.707090825989,-0.707122736024,0.));
#11412 = ORIENTED_EDGE('',*,*,#11413,.F.);
#11413 = EDGE_CURVE('',#11414,#11405,#11416,.T.);
#11414 = VERTEX_POINT('',#11415);
#11415 = CARTESIAN_POINT('',(80.757359,-75.,0.));
#11416 = LINE('',#11417,#11418);
#11417 = CARTESIAN_POINT('',(80.757359,-75.,0.));
#11418 = VECTOR('',#11419,1.);
#11419 = DIRECTION('',(0.,0.,1.));
#11420 = ORIENTED_EDGE('',*,*,#11421,.F.);
#11421 = EDGE_CURVE('',#11382,#11414,#11422,.T.);
#11422 = CIRCLE('',#11423,3.000164604237);
#11423 = AXIS2_PLACEMENT_3D('',#11424,#11425,#11426);
#11424 = CARTESIAN_POINT('',(80.757291131886,-71.99983539653,0.));
#11425 = DIRECTION('',(0.,0.,-1.));
#11426 = DIRECTION('',(0.707090825989,-0.707122736024,0.));
#11427 = CYLINDRICAL_SURFACE('',#11428,3.000164604237);
#11428 = AXIS2_PLACEMENT_3D('',#11429,#11430,#11431);
#11429 = CARTESIAN_POINT('',(80.757291131886,-71.99983539653,0.));
#11430 = DIRECTION('',(0.,0.,-1.));
#11431 = DIRECTION('',(0.707090825989,-0.707122736024,0.));
#11432 = ADVANCED_FACE('',(#11433),#11458,.T.);
#11433 = FACE_BOUND('',#11434,.T.);
#11434 = EDGE_LOOP('',(#11435,#11436,#11444,#11452));
#11435 = ORIENTED_EDGE('',*,*,#11413,.T.);
#11436 = ORIENTED_EDGE('',*,*,#11437,.T.);
#11437 = EDGE_CURVE('',#11405,#11438,#11440,.T.);
#11438 = VERTEX_POINT('',#11439);
#11439 = CARTESIAN_POINT('',(63.242641,-75.,1.51));
#11440 = LINE('',#11441,#11442);
#11441 = CARTESIAN_POINT('',(80.757359,-75.,1.51));
#11442 = VECTOR('',#11443,1.);
#11443 = DIRECTION('',(-1.,0.,0.));
#11444 = ORIENTED_EDGE('',*,*,#11445,.F.);
#11445 = EDGE_CURVE('',#11446,#11438,#11448,.T.);
#11446 = VERTEX_POINT('',#11447);
#11447 = CARTESIAN_POINT('',(63.242641,-75.,0.));
#11448 = LINE('',#11449,#11450);
#11449 = CARTESIAN_POINT('',(63.242641,-75.,0.));
#11450 = VECTOR('',#11451,1.);
#11451 = DIRECTION('',(0.,0.,1.));
#11452 = ORIENTED_EDGE('',*,*,#11453,.F.);
#11453 = EDGE_CURVE('',#11414,#11446,#11454,.T.);
#11454 = LINE('',#11455,#11456);
#11455 = CARTESIAN_POINT('',(80.757359,-75.,0.));
#11456 = VECTOR('',#11457,1.);
#11457 = DIRECTION('',(-1.,0.,0.));
#11458 = PLANE('',#11459);
#11459 = AXIS2_PLACEMENT_3D('',#11460,#11461,#11462);
#11460 = CARTESIAN_POINT('',(80.757359,-75.,0.));
#11461 = DIRECTION('',(0.,-1.,0.));
#11462 = DIRECTION('',(-1.,0.,0.));
#11463 = ADVANCED_FACE('',(#11464),#11491,.T.);
#11464 = FACE_BOUND('',#11465,.T.);
#11465 = EDGE_LOOP('',(#11466,#11467,#11476,#11484));
#11466 = ORIENTED_EDGE('',*,*,#11445,.T.);
#11467 = ORIENTED_EDGE('',*,*,#11468,.T.);
#11468 = EDGE_CURVE('',#11438,#11469,#11471,.T.);
#11469 = VERTEX_POINT('',#11470);
#11470 = CARTESIAN_POINT('',(61.121321,-74.121321,1.51));
#11471 = CIRCLE('',#11472,2.999810760138);
#11472 = AXIS2_PLACEMENT_3D('',#11473,#11474,#11475);
#11473 = CARTESIAN_POINT('',(63.24256230102,-72.00018924089,1.51));
#11474 = DIRECTION('',(0.,0.,-1.));
#11475 = DIRECTION('',(2.623464818928E-05,-0.999999999656,0.));
#11476 = ORIENTED_EDGE('',*,*,#11477,.F.);
#11477 = EDGE_CURVE('',#11478,#11469,#11480,.T.);
#11478 = VERTEX_POINT('',#11479);
#11479 = CARTESIAN_POINT('',(61.121321,-74.121321,0.));
#11480 = LINE('',#11481,#11482);
#11481 = CARTESIAN_POINT('',(61.121321,-74.121321,0.));
#11482 = VECTOR('',#11483,1.);
#11483 = DIRECTION('',(0.,0.,1.));
#11484 = ORIENTED_EDGE('',*,*,#11485,.F.);
#11485 = EDGE_CURVE('',#11446,#11478,#11486,.T.);
#11486 = CIRCLE('',#11487,2.999810760138);
#11487 = AXIS2_PLACEMENT_3D('',#11488,#11489,#11490);
#11488 = CARTESIAN_POINT('',(63.24256230102,-72.00018924089,0.));
#11489 = DIRECTION('',(0.,0.,-1.));
#11490 = DIRECTION('',(2.623464818928E-05,-0.999999999656,0.));
#11491 = CYLINDRICAL_SURFACE('',#11492,2.999810760138);
#11492 = AXIS2_PLACEMENT_3D('',#11493,#11494,#11495);
#11493 = CARTESIAN_POINT('',(63.24256230102,-72.00018924089,0.));
#11494 = DIRECTION('',(0.,0.,-1.));
#11495 = DIRECTION('',(2.623464818928E-05,-0.999999999656,0.));
#11496 = ADVANCED_FACE('',(#11497),#11522,.T.);
#11497 = FACE_BOUND('',#11498,.T.);
#11498 = EDGE_LOOP('',(#11499,#11500,#11508,#11516));
#11499 = ORIENTED_EDGE('',*,*,#11477,.T.);
#11500 = ORIENTED_EDGE('',*,*,#11501,.T.);
#11501 = EDGE_CURVE('',#11469,#11502,#11504,.T.);
#11502 = VERTEX_POINT('',#11503);
#11503 = CARTESIAN_POINT('',(50.87868,-63.87868,1.51));
#11504 = LINE('',#11505,#11506);
#11505 = CARTESIAN_POINT('',(61.121321,-74.121321,1.51));
#11506 = VECTOR('',#11507,1.);
#11507 = DIRECTION('',(-0.707106781187,0.707106781187,0.));
#11508 = ORIENTED_EDGE('',*,*,#11509,.F.);
#11509 = EDGE_CURVE('',#11510,#11502,#11512,.T.);
#11510 = VERTEX_POINT('',#11511);
#11511 = CARTESIAN_POINT('',(50.87868,-63.87868,0.));
#11512 = LINE('',#11513,#11514);
#11513 = CARTESIAN_POINT('',(50.87868,-63.87868,0.));
#11514 = VECTOR('',#11515,1.);
#11515 = DIRECTION('',(0.,0.,1.));
#11516 = ORIENTED_EDGE('',*,*,#11517,.F.);
#11517 = EDGE_CURVE('',#11478,#11510,#11518,.T.);
#11518 = LINE('',#11519,#11520);
#11519 = CARTESIAN_POINT('',(61.121321,-74.121321,0.));
#11520 = VECTOR('',#11521,1.);
#11521 = DIRECTION('',(-0.707106781187,0.707106781187,0.));
#11522 = PLANE('',#11523);
#11523 = AXIS2_PLACEMENT_3D('',#11524,#11525,#11526);
#11524 = CARTESIAN_POINT('',(61.121321,-74.121321,0.));
#11525 = DIRECTION('',(-0.707106781187,-0.707106781187,0.));
#11526 = DIRECTION('',(-0.707106781187,0.707106781187,0.));
#11527 = ADVANCED_FACE('',(#11528),#11555,.T.);
#11528 = FACE_BOUND('',#11529,.T.);
#11529 = EDGE_LOOP('',(#11530,#11531,#11540,#11548));
#11530 = ORIENTED_EDGE('',*,*,#11509,.T.);
#11531 = ORIENTED_EDGE('',*,*,#11532,.T.);
#11532 = EDGE_CURVE('',#11502,#11533,#11535,.T.);
#11533 = VERTEX_POINT('',#11534);
#11534 = CARTESIAN_POINT('',(50.,-61.757359,1.51));
#11535 = CIRCLE('',#11536,3.000164604237);
#11536 = AXIS2_PLACEMENT_3D('',#11537,#11538,#11539);
#11537 = CARTESIAN_POINT('',(53.000164603469,-61.75729113188,1.51));
#11538 = DIRECTION('',(0.,0.,-1.));
#11539 = DIRECTION('',(-0.707122736024,-0.707090825989,-0.));
#11540 = ORIENTED_EDGE('',*,*,#11541,.F.);
#11541 = EDGE_CURVE('',#11542,#11533,#11544,.T.);
#11542 = VERTEX_POINT('',#11543);
#11543 = CARTESIAN_POINT('',(50.,-61.757359,0.));
#11544 = LINE('',#11545,#11546);
#11545 = CARTESIAN_POINT('',(50.,-61.757359,0.));
#11546 = VECTOR('',#11547,1.);
#11547 = DIRECTION('',(0.,0.,1.));
#11548 = ORIENTED_EDGE('',*,*,#11549,.F.);
#11549 = EDGE_CURVE('',#11510,#11542,#11550,.T.);
#11550 = CIRCLE('',#11551,3.000164604237);
#11551 = AXIS2_PLACEMENT_3D('',#11552,#11553,#11554);
#11552 = CARTESIAN_POINT('',(53.000164603469,-61.75729113188,0.));
#11553 = DIRECTION('',(0.,0.,-1.));
#11554 = DIRECTION('',(-0.707122736024,-0.707090825989,-0.));
#11555 = CYLINDRICAL_SURFACE('',#11556,3.000164604237);
#11556 = AXIS2_PLACEMENT_3D('',#11557,#11558,#11559);
#11557 = CARTESIAN_POINT('',(53.000164603469,-61.75729113188,0.));
#11558 = DIRECTION('',(0.,0.,-1.));
#11559 = DIRECTION('',(-0.707122736024,-0.707090825989,-0.));
#11560 = ADVANCED_FACE('',(#11561),#11586,.T.);
#11561 = FACE_BOUND('',#11562,.T.);
#11562 = EDGE_LOOP('',(#11563,#11564,#11572,#11580));
#11563 = ORIENTED_EDGE('',*,*,#11541,.T.);
#11564 = ORIENTED_EDGE('',*,*,#11565,.T.);
#11565 = EDGE_CURVE('',#11533,#11566,#11568,.T.);
#11566 = VERTEX_POINT('',#11567);
#11567 = CARTESIAN_POINT('',(50.,-49.,1.51));
#11568 = LINE('',#11569,#11570);
#11569 = CARTESIAN_POINT('',(50.,-61.757359,1.51));
#11570 = VECTOR('',#11571,1.);
#11571 = DIRECTION('',(0.,1.,0.));
#11572 = ORIENTED_EDGE('',*,*,#11573,.F.);
#11573 = EDGE_CURVE('',#11574,#11566,#11576,.T.);
#11574 = VERTEX_POINT('',#11575);
#11575 = CARTESIAN_POINT('',(50.,-49.,0.));
#11576 = LINE('',#11577,#11578);
#11577 = CARTESIAN_POINT('',(50.,-49.,0.));
#11578 = VECTOR('',#11579,1.);
#11579 = DIRECTION('',(0.,0.,1.));
#11580 = ORIENTED_EDGE('',*,*,#11581,.F.);
#11581 = EDGE_CURVE('',#11542,#11574,#11582,.T.);
#11582 = LINE('',#11583,#11584);
#11583 = CARTESIAN_POINT('',(50.,-61.757359,0.));
#11584 = VECTOR('',#11585,1.);
#11585 = DIRECTION('',(0.,1.,0.));
#11586 = PLANE('',#11587);
#11587 = AXIS2_PLACEMENT_3D('',#11588,#11589,#11590);
#11588 = CARTESIAN_POINT('',(50.,-61.757359,0.));
#11589 = DIRECTION('',(-1.,0.,0.));
#11590 = DIRECTION('',(0.,1.,0.));
#11591 = ADVANCED_FACE('',(#11592),#11619,.T.);
#11592 = FACE_BOUND('',#11593,.T.);
#11593 = EDGE_LOOP('',(#11594,#11595,#11604,#11612));
#11594 = ORIENTED_EDGE('',*,*,#11573,.T.);
#11595 = ORIENTED_EDGE('',*,*,#11596,.T.);
#11596 = EDGE_CURVE('',#11566,#11597,#11599,.T.);
#11597 = VERTEX_POINT('',#11598);
#11598 = CARTESIAN_POINT('',(53.,-46.,1.51));
#11599 = CIRCLE('',#11600,3.000001172987);
#11600 = AXIS2_PLACEMENT_3D('',#11601,#11602,#11603);
#11601 = CARTESIAN_POINT('',(53.000001172987,-49.00000117298,1.51));
#11602 = DIRECTION('',(0.,0.,-1.));
#11603 = DIRECTION('',(-1.,3.909953663434E-07,0.));
#11604 = ORIENTED_EDGE('',*,*,#11605,.F.);
#11605 = EDGE_CURVE('',#11606,#11597,#11608,.T.);
#11606 = VERTEX_POINT('',#11607);
#11607 = CARTESIAN_POINT('',(53.,-46.,0.));
#11608 = LINE('',#11609,#11610);
#11609 = CARTESIAN_POINT('',(53.,-46.,0.));
#11610 = VECTOR('',#11611,1.);
#11611 = DIRECTION('',(0.,0.,1.));
#11612 = ORIENTED_EDGE('',*,*,#11613,.F.);
#11613 = EDGE_CURVE('',#11574,#11606,#11614,.T.);
#11614 = CIRCLE('',#11615,3.000001172987);
#11615 = AXIS2_PLACEMENT_3D('',#11616,#11617,#11618);
#11616 = CARTESIAN_POINT('',(53.000001172987,-49.00000117298,0.));
#11617 = DIRECTION('',(0.,0.,-1.));
#11618 = DIRECTION('',(-1.,3.909953663434E-07,0.));
#11619 = CYLINDRICAL_SURFACE('',#11620,3.000001172987);
#11620 = AXIS2_PLACEMENT_3D('',#11621,#11622,#11623);
#11621 = CARTESIAN_POINT('',(53.000001172987,-49.00000117298,0.));
#11622 = DIRECTION('',(0.,0.,-1.));
#11623 = DIRECTION('',(-1.,3.909953663434E-07,0.));
#11624 = ADVANCED_FACE('',(#11625),#11641,.T.);
#11625 = FACE_BOUND('',#11626,.T.);
#11626 = EDGE_LOOP('',(#11627,#11628,#11634,#11635));
#11627 = ORIENTED_EDGE('',*,*,#11605,.T.);
#11628 = ORIENTED_EDGE('',*,*,#11629,.T.);
#11629 = EDGE_CURVE('',#11597,#11269,#11630,.T.);
#11630 = LINE('',#11631,#11632);
#11631 = CARTESIAN_POINT('',(53.,-46.,1.51));
#11632 = VECTOR('',#11633,1.);
#11633 = DIRECTION('',(1.,0.,0.));
#11634 = ORIENTED_EDGE('',*,*,#11266,.F.);
#11635 = ORIENTED_EDGE('',*,*,#11636,.F.);
#11636 = EDGE_CURVE('',#11606,#11267,#11637,.T.);
#11637 = LINE('',#11638,#11639);
#11638 = CARTESIAN_POINT('',(53.,-46.,0.));
#11639 = VECTOR('',#11640,1.);
#11640 = DIRECTION('',(1.,0.,0.));
#11641 = PLANE('',#11642);
#11642 = AXIS2_PLACEMENT_3D('',#11643,#11644,#11645);
#11643 = CARTESIAN_POINT('',(53.,-46.,0.));
#11644 = DIRECTION('',(0.,1.,0.));
#11645 = DIRECTION('',(1.,0.,0.));
#11646 = ADVANCED_FACE('',(#11647),#11661,.F.);
#11647 = FACE_BOUND('',#11648,.T.);
#11648 = EDGE_LOOP('',(#11649,#11650,#11651,#11652,#11653,#11654,#11655,
    #11656,#11657,#11658,#11659,#11660));
#11649 = ORIENTED_EDGE('',*,*,#11293,.T.);
#11650 = ORIENTED_EDGE('',*,*,#11325,.T.);
#11651 = ORIENTED_EDGE('',*,*,#11357,.T.);
#11652 = ORIENTED_EDGE('',*,*,#11389,.T.);
#11653 = ORIENTED_EDGE('',*,*,#11421,.T.);
#11654 = ORIENTED_EDGE('',*,*,#11453,.T.);
#11655 = ORIENTED_EDGE('',*,*,#11485,.T.);
#11656 = ORIENTED_EDGE('',*,*,#11517,.T.);
#11657 = ORIENTED_EDGE('',*,*,#11549,.T.);
#11658 = ORIENTED_EDGE('',*,*,#11581,.T.);
#11659 = ORIENTED_EDGE('',*,*,#11613,.T.);
#11660 = ORIENTED_EDGE('',*,*,#11636,.T.);
#11661 = PLANE('',#11662);
#11662 = AXIS2_PLACEMENT_3D('',#11663,#11664,#11665);
#11663 = CARTESIAN_POINT('',(0.,0.,0.));
#11664 = DIRECTION('',(0.,0.,1.));
#11665 = DIRECTION('',(1.,0.,-0.));
#11666 = ADVANCED_FACE('',(#11667),#11681,.T.);
#11667 = FACE_BOUND('',#11668,.F.);
#11668 = EDGE_LOOP('',(#11669,#11670,#11671,#11672,#11673,#11674,#11675,
    #11676,#11677,#11678,#11679,#11680));
#11669 = ORIENTED_EDGE('',*,*,#11276,.T.);
#11670 = ORIENTED_EDGE('',*,*,#11309,.T.);
#11671 = ORIENTED_EDGE('',*,*,#11340,.T.);
#11672 = ORIENTED_EDGE('',*,*,#11373,.T.);
#11673 = ORIENTED_EDGE('',*,*,#11404,.T.);
#11674 = ORIENTED_EDGE('',*,*,#11437,.T.);
#11675 = ORIENTED_EDGE('',*,*,#11468,.T.);
#11676 = ORIENTED_EDGE('',*,*,#11501,.T.);
#11677 = ORIENTED_EDGE('',*,*,#11532,.T.);
#11678 = ORIENTED_EDGE('',*,*,#11565,.T.);
#11679 = ORIENTED_EDGE('',*,*,#11596,.T.);
#11680 = ORIENTED_EDGE('',*,*,#11629,.T.);
#11681 = PLANE('',#11682);
#11682 = AXIS2_PLACEMENT_3D('',#11683,#11684,#11685);
#11683 = CARTESIAN_POINT('',(0.,0.,1.51));
#11684 = DIRECTION('',(0.,0.,1.));
#11685 = DIRECTION('',(1.,0.,-0.));
#11686 = ( GEOMETRIC_REPRESENTATION_CONTEXT(3) 
GLOBAL_UNCERTAINTY_ASSIGNED_CONTEXT((#11690)) 
GLOBAL_UNIT_ASSIGNED_CONTEXT((#11687,#11688,#11689)) 
REPRESENTATION_CONTEXT('Context #1',
  '3D Context with UNIT and UNCERTAINTY') );
#11687 = ( LENGTH_UNIT() NAMED_UNIT(*) SI_UNIT(.MILLI.,.METRE.) );
#11688 = ( NAMED_UNIT(*) PLANE_ANGLE_UNIT() SI_UNIT($,.RADIAN.) );
#11689 = ( NAMED_UNIT(*) SI_UNIT($,.STERADIAN.) SOLID_ANGLE_UNIT() );
#11690 = UNCERTAINTY_MEASURE_WITH_UNIT(LENGTH_MEASURE(1.E-07),#11687,
  'distance_accuracy_value','confusion accuracy');
#11691 = CONTEXT_DEPENDENT_SHAPE_REPRESENTATION(#11692,#11694);
#11692 = ( REPRESENTATION_RELATIONSHIP('','',#11259,#10) 
REPRESENTATION_RELATIONSHIP_WITH_TRANSFORMATION(#11693) 
SHAPE_REPRESENTATION_RELATIONSHIP() );
#11693 = ITEM_DEFINED_TRANSFORMATION('','',#11,#55);
#11694 = PRODUCT_DEFINITION_SHAPE('Placement','Placement of an item',
  #11695);
#11695 = NEXT_ASSEMBLY_USAGE_OCCURRENCE('17','=>[0:1:1:14]','',#5,#11254
  ,$);
#11696 = PRODUCT_RELATED_PRODUCT_CATEGORY('part',$,(#11256));
#11697 = MECHANICAL_DESIGN_GEOMETRIC_PRESENTATION_REPRESENTATION('',(
    #11698,#11706,#11713,#11720,#11727,#11734,#11741,#11748,#11756,
    #11763,#11770,#11777,#11784,#11791,#11799,#11806,#11813,#11820,
    #11827,#11834,#11841,#11848,#11855,#11862,#11869,#11876),#6967);
#11698 = STYLED_ITEM('color',(#11699),#6179);
#11699 = PRESENTATION_STYLE_ASSIGNMENT((#11700));
#11700 = SURFACE_STYLE_USAGE(.BOTH.,#11701);
#11701 = SURFACE_SIDE_STYLE('',(#11702));
#11702 = SURFACE_STYLE_FILL_AREA(#11703);
#11703 = FILL_AREA_STYLE('',(#11704));
#11704 = FILL_AREA_STYLE_COLOUR('',#11705);
#11705 = COLOUR_RGB('',0.823999987314,0.819999987296,0.781000009244);
#11706 = STYLED_ITEM('color',(#11707),#6219);
#11707 = PRESENTATION_STYLE_ASSIGNMENT((#11708));
#11708 = SURFACE_STYLE_USAGE(.BOTH.,#11709);
#11709 = SURFACE_SIDE_STYLE('',(#11710));
#11710 = SURFACE_STYLE_FILL_AREA(#11711);
#11711 = FILL_AREA_STYLE('',(#11712));
#11712 = FILL_AREA_STYLE_COLOUR('',#11705);
#11713 = STYLED_ITEM('color',(#11714),#6302);
#11714 = PRESENTATION_STYLE_ASSIGNMENT((#11715));
#11715 = SURFACE_STYLE_USAGE(.BOTH.,#11716);
#11716 = SURFACE_SIDE_STYLE('',(#11717));
#11717 = SURFACE_STYLE_FILL_AREA(#11718);
#11718 = FILL_AREA_STYLE('',(#11719));
#11719 = FILL_AREA_STYLE_COLOUR('',#11705);
#11720 = STYLED_ITEM('color',(#11721),#6327);
#11721 = PRESENTATION_STYLE_ASSIGNMENT((#11722));
#11722 = SURFACE_STYLE_USAGE(.BOTH.,#11723);
#11723 = SURFACE_SIDE_STYLE('',(#11724));
#11724 = SURFACE_STYLE_FILL_AREA(#11725);
#11725 = FILL_AREA_STYLE('',(#11726));
#11726 = FILL_AREA_STYLE_COLOUR('',#11705);
#11727 = STYLED_ITEM('color',(#11728),#6352);
#11728 = PRESENTATION_STYLE_ASSIGNMENT((#11729));
#11729 = SURFACE_STYLE_USAGE(.BOTH.,#11730);
#11730 = SURFACE_SIDE_STYLE('',(#11731));
#11731 = SURFACE_STYLE_FILL_AREA(#11732);
#11732 = FILL_AREA_STYLE('',(#11733));
#11733 = FILL_AREA_STYLE_COLOUR('',#11705);
#11734 = STYLED_ITEM('color',(#11735),#6419);
#11735 = PRESENTATION_STYLE_ASSIGNMENT((#11736));
#11736 = SURFACE_STYLE_USAGE(.BOTH.,#11737);
#11737 = SURFACE_SIDE_STYLE('',(#11738));
#11738 = SURFACE_STYLE_FILL_AREA(#11739);
#11739 = FILL_AREA_STYLE('',(#11740));
#11740 = FILL_AREA_STYLE_COLOUR('',#11705);
#11741 = STYLED_ITEM('color',(#11742),#6436);
#11742 = PRESENTATION_STYLE_ASSIGNMENT((#11743));
#11743 = SURFACE_STYLE_USAGE(.BOTH.,#11744);
#11744 = SURFACE_SIDE_STYLE('',(#11745));
#11745 = SURFACE_STYLE_FILL_AREA(#11746);
#11746 = FILL_AREA_STYLE('',(#11747));
#11747 = FILL_AREA_STYLE_COLOUR('',#11705);
#11748 = STYLED_ITEM('color',(#11749),#6453);
#11749 = PRESENTATION_STYLE_ASSIGNMENT((#11750));
#11750 = SURFACE_STYLE_USAGE(.BOTH.,#11751);
#11751 = SURFACE_SIDE_STYLE('',(#11752));
#11752 = SURFACE_STYLE_FILL_AREA(#11753);
#11753 = FILL_AREA_STYLE('',(#11754));
#11754 = FILL_AREA_STYLE_COLOUR('',#11755);
#11755 = COLOUR_RGB('',0.894999966383,0.890999961016,0.813000030345);
#11756 = STYLED_ITEM('color',(#11757),#6502);
#11757 = PRESENTATION_STYLE_ASSIGNMENT((#11758));
#11758 = SURFACE_STYLE_USAGE(.BOTH.,#11759);
#11759 = SURFACE_SIDE_STYLE('',(#11760));
#11760 = SURFACE_STYLE_FILL_AREA(#11761);
#11761 = FILL_AREA_STYLE('',(#11762));
#11762 = FILL_AREA_STYLE_COLOUR('',#11705);
#11763 = STYLED_ITEM('color',(#11764),#6519);
#11764 = PRESENTATION_STYLE_ASSIGNMENT((#11765));
#11765 = SURFACE_STYLE_USAGE(.BOTH.,#11766);
#11766 = SURFACE_SIDE_STYLE('',(#11767));
#11767 = SURFACE_STYLE_FILL_AREA(#11768);
#11768 = FILL_AREA_STYLE('',(#11769));
#11769 = FILL_AREA_STYLE_COLOUR('',#11705);
#11770 = STYLED_ITEM('color',(#11771),#6536);
#11771 = PRESENTATION_STYLE_ASSIGNMENT((#11772));
#11772 = SURFACE_STYLE_USAGE(.BOTH.,#11773);
#11773 = SURFACE_SIDE_STYLE('',(#11774));
#11774 = SURFACE_STYLE_FILL_AREA(#11775);
#11775 = FILL_AREA_STYLE('',(#11776));
#11776 = FILL_AREA_STYLE_COLOUR('',#11755);
#11777 = STYLED_ITEM('color',(#11778),#6585);
#11778 = PRESENTATION_STYLE_ASSIGNMENT((#11779));
#11779 = SURFACE_STYLE_USAGE(.BOTH.,#11780);
#11780 = SURFACE_SIDE_STYLE('',(#11781));
#11781 = SURFACE_STYLE_FILL_AREA(#11782);
#11782 = FILL_AREA_STYLE('',(#11783));
#11783 = FILL_AREA_STYLE_COLOUR('',#11755);
#11784 = STYLED_ITEM('color',(#11785),#6602);
#11785 = PRESENTATION_STYLE_ASSIGNMENT((#11786));
#11786 = SURFACE_STYLE_USAGE(.BOTH.,#11787);
#11787 = SURFACE_SIDE_STYLE('',(#11788));
#11788 = SURFACE_STYLE_FILL_AREA(#11789);
#11789 = FILL_AREA_STYLE('',(#11790));
#11790 = FILL_AREA_STYLE_COLOUR('',#11705);
#11791 = STYLED_ITEM('color',(#11792),#6671);
#11792 = PRESENTATION_STYLE_ASSIGNMENT((#11793));
#11793 = SURFACE_STYLE_USAGE(.BOTH.,#11794);
#11794 = SURFACE_SIDE_STYLE('',(#11795));
#11795 = SURFACE_STYLE_FILL_AREA(#11796);
#11796 = FILL_AREA_STYLE('',(#11797));
#11797 = FILL_AREA_STYLE_COLOUR('',#11798);
#11798 = COLOUR_RGB('',8.200000279077E-02,8.600000121357E-02,
  9.399999706163E-02);
#11799 = STYLED_ITEM('color',(#11800),#6702);
#11800 = PRESENTATION_STYLE_ASSIGNMENT((#11801));
#11801 = SURFACE_STYLE_USAGE(.BOTH.,#11802);
#11802 = SURFACE_SIDE_STYLE('',(#11803));
#11803 = SURFACE_STYLE_FILL_AREA(#11804);
#11804 = FILL_AREA_STYLE('',(#11805));
#11805 = FILL_AREA_STYLE_COLOUR('',#11798);
#11806 = STYLED_ITEM('color',(#11807),#6726);
#11807 = PRESENTATION_STYLE_ASSIGNMENT((#11808));
#11808 = SURFACE_STYLE_USAGE(.BOTH.,#11809);
#11809 = SURFACE_SIDE_STYLE('',(#11810));
#11810 = SURFACE_STYLE_FILL_AREA(#11811);
#11811 = FILL_AREA_STYLE('',(#11812));
#11812 = FILL_AREA_STYLE_COLOUR('',#11705);
#11813 = STYLED_ITEM('color',(#11814),#6795);
#11814 = PRESENTATION_STYLE_ASSIGNMENT((#11815));
#11815 = SURFACE_STYLE_USAGE(.BOTH.,#11816);
#11816 = SURFACE_SIDE_STYLE('',(#11817));
#11817 = SURFACE_STYLE_FILL_AREA(#11818);
#11818 = FILL_AREA_STYLE('',(#11819));
#11819 = FILL_AREA_STYLE_COLOUR('',#11798);
#11820 = STYLED_ITEM('color',(#11821),#6819);
#11821 = PRESENTATION_STYLE_ASSIGNMENT((#11822));
#11822 = SURFACE_STYLE_USAGE(.BOTH.,#11823);
#11823 = SURFACE_SIDE_STYLE('',(#11824));
#11824 = SURFACE_STYLE_FILL_AREA(#11825);
#11825 = FILL_AREA_STYLE('',(#11826));
#11826 = FILL_AREA_STYLE_COLOUR('',#11705);
#11827 = STYLED_ITEM('color',(#11828),#6836);
#11828 = PRESENTATION_STYLE_ASSIGNMENT((#11829));
#11829 = SURFACE_STYLE_USAGE(.BOTH.,#11830);
#11830 = SURFACE_SIDE_STYLE('',(#11831));
#11831 = SURFACE_STYLE_FILL_AREA(#11832);
#11832 = FILL_AREA_STYLE('',(#11833));
#11833 = FILL_AREA_STYLE_COLOUR('',#11705);
#11834 = STYLED_ITEM('color',(#11835),#6853);
#11835 = PRESENTATION_STYLE_ASSIGNMENT((#11836));
#11836 = SURFACE_STYLE_USAGE(.BOTH.,#11837);
#11837 = SURFACE_SIDE_STYLE('',(#11838));
#11838 = SURFACE_STYLE_FILL_AREA(#11839);
#11839 = FILL_AREA_STYLE('',(#11840));
#11840 = FILL_AREA_STYLE_COLOUR('',#11705);
#11841 = STYLED_ITEM('color',(#11842),#6870);
#11842 = PRESENTATION_STYLE_ASSIGNMENT((#11843));
#11843 = SURFACE_STYLE_USAGE(.BOTH.,#11844);
#11844 = SURFACE_SIDE_STYLE('',(#11845));
#11845 = SURFACE_STYLE_FILL_AREA(#11846);
#11846 = FILL_AREA_STYLE('',(#11847));
#11847 = FILL_AREA_STYLE_COLOUR('',#11705);
#11848 = STYLED_ITEM('color',(#11849),#6887);
#11849 = PRESENTATION_STYLE_ASSIGNMENT((#11850));
#11850 = SURFACE_STYLE_USAGE(.BOTH.,#11851);
#11851 = SURFACE_SIDE_STYLE('',(#11852));
#11852 = SURFACE_STYLE_FILL_AREA(#11853);
#11853 = FILL_AREA_STYLE('',(#11854));
#11854 = FILL_AREA_STYLE_COLOUR('',#11705);
#11855 = STYLED_ITEM('color',(#11856),#6904);
#11856 = PRESENTATION_STYLE_ASSIGNMENT((#11857));
#11857 = SURFACE_STYLE_USAGE(.BOTH.,#11858);
#11858 = SURFACE_SIDE_STYLE('',(#11859));
#11859 = SURFACE_STYLE_FILL_AREA(#11860);
#11860 = FILL_AREA_STYLE('',(#11861));
#11861 = FILL_AREA_STYLE_COLOUR('',#11705);
#11862 = STYLED_ITEM('color',(#11863),#6921);
#11863 = PRESENTATION_STYLE_ASSIGNMENT((#11864));
#11864 = SURFACE_STYLE_USAGE(.BOTH.,#11865);
#11865 = SURFACE_SIDE_STYLE('',(#11866));
#11866 = SURFACE_STYLE_FILL_AREA(#11867);
#11867 = FILL_AREA_STYLE('',(#11868));
#11868 = FILL_AREA_STYLE_COLOUR('',#11705);
#11869 = STYLED_ITEM('color',(#11870),#6938);
#11870 = PRESENTATION_STYLE_ASSIGNMENT((#11871));
#11871 = SURFACE_STYLE_USAGE(.BOTH.,#11872);
#11872 = SURFACE_SIDE_STYLE('',(#11873));
#11873 = SURFACE_STYLE_FILL_AREA(#11874);
#11874 = FILL_AREA_STYLE('',(#11875));
#11875 = FILL_AREA_STYLE_COLOUR('',#11798);
#11876 = STYLED_ITEM('color',(#11877),#6955);
#11877 = PRESENTATION_STYLE_ASSIGNMENT((#11878));
#11878 = SURFACE_STYLE_USAGE(.BOTH.,#11879);
#11879 = SURFACE_SIDE_STYLE('',(#11880));
#11880 = SURFACE_STYLE_FILL_AREA(#11881);
#11881 = FILL_AREA_STYLE('',(#11882));
#11882 = FILL_AREA_STYLE_COLOUR('',#11798);
#11883 = MECHANICAL_DESIGN_GEOMETRIC_PRESENTATION_REPRESENTATION('',(
    #11884),#11686);
#11884 = STYLED_ITEM('color',(#11885),#11260);
#11885 = PRESENTATION_STYLE_ASSIGNMENT((#11886));
#11886 = SURFACE_STYLE_USAGE(.BOTH.,#11887);
#11887 = SURFACE_SIDE_STYLE('',(#11888));
#11888 = SURFACE_STYLE_FILL_AREA(#11889);
#11889 = FILL_AREA_STYLE('',(#11890));
#11890 = FILL_AREA_STYLE_COLOUR('',#11891);
#11891 = COLOUR_RGB('',0.313304153717,0.484529207832,0.410020903123);
#11892 = MECHANICAL_DESIGN_GEOMETRIC_PRESENTATION_REPRESENTATION('',(
    #11893,#11900,#11907,#11914,#11921,#11928,#11935,#11942,#11949,
    #11956,#11963,#11970,#11977,#11984,#11991,#11998,#12005,#12012,
    #12019,#12026,#12033,#12040,#12047,#12054,#12061,#12068),#4091);
#11893 = STYLED_ITEM('color',(#11894),#3303);
#11894 = PRESENTATION_STYLE_ASSIGNMENT((#11895));
#11895 = SURFACE_STYLE_USAGE(.BOTH.,#11896);
#11896 = SURFACE_SIDE_STYLE('',(#11897));
#11897 = SURFACE_STYLE_FILL_AREA(#11898);
#11898 = FILL_AREA_STYLE('',(#11899));
#11899 = FILL_AREA_STYLE_COLOUR('',#11705);
#11900 = STYLED_ITEM('color',(#11901),#3343);
#11901 = PRESENTATION_STYLE_ASSIGNMENT((#11902));
#11902 = SURFACE_STYLE_USAGE(.BOTH.,#11903);
#11903 = SURFACE_SIDE_STYLE('',(#11904));
#11904 = SURFACE_STYLE_FILL_AREA(#11905);
#11905 = FILL_AREA_STYLE('',(#11906));
#11906 = FILL_AREA_STYLE_COLOUR('',#11705);
#11907 = STYLED_ITEM('color',(#11908),#3426);
#11908 = PRESENTATION_STYLE_ASSIGNMENT((#11909));
#11909 = SURFACE_STYLE_USAGE(.BOTH.,#11910);
#11910 = SURFACE_SIDE_STYLE('',(#11911));
#11911 = SURFACE_STYLE_FILL_AREA(#11912);
#11912 = FILL_AREA_STYLE('',(#11913));
#11913 = FILL_AREA_STYLE_COLOUR('',#11705);
#11914 = STYLED_ITEM('color',(#11915),#3451);
#11915 = PRESENTATION_STYLE_ASSIGNMENT((#11916));
#11916 = SURFACE_STYLE_USAGE(.BOTH.,#11917);
#11917 = SURFACE_SIDE_STYLE('',(#11918));
#11918 = SURFACE_STYLE_FILL_AREA(#11919);
#11919 = FILL_AREA_STYLE('',(#11920));
#11920 = FILL_AREA_STYLE_COLOUR('',#11705);
#11921 = STYLED_ITEM('color',(#11922),#3476);
#11922 = PRESENTATION_STYLE_ASSIGNMENT((#11923));
#11923 = SURFACE_STYLE_USAGE(.BOTH.,#11924);
#11924 = SURFACE_SIDE_STYLE('',(#11925));
#11925 = SURFACE_STYLE_FILL_AREA(#11926);
#11926 = FILL_AREA_STYLE('',(#11927));
#11927 = FILL_AREA_STYLE_COLOUR('',#11705);
#11928 = STYLED_ITEM('color',(#11929),#3543);
#11929 = PRESENTATION_STYLE_ASSIGNMENT((#11930));
#11930 = SURFACE_STYLE_USAGE(.BOTH.,#11931);
#11931 = SURFACE_SIDE_STYLE('',(#11932));
#11932 = SURFACE_STYLE_FILL_AREA(#11933);
#11933 = FILL_AREA_STYLE('',(#11934));
#11934 = FILL_AREA_STYLE_COLOUR('',#11705);
#11935 = STYLED_ITEM('color',(#11936),#3560);
#11936 = PRESENTATION_STYLE_ASSIGNMENT((#11937));
#11937 = SURFACE_STYLE_USAGE(.BOTH.,#11938);
#11938 = SURFACE_SIDE_STYLE('',(#11939));
#11939 = SURFACE_STYLE_FILL_AREA(#11940);
#11940 = FILL_AREA_STYLE('',(#11941));
#11941 = FILL_AREA_STYLE_COLOUR('',#11705);
#11942 = STYLED_ITEM('color',(#11943),#3577);
#11943 = PRESENTATION_STYLE_ASSIGNMENT((#11944));
#11944 = SURFACE_STYLE_USAGE(.BOTH.,#11945);
#11945 = SURFACE_SIDE_STYLE('',(#11946));
#11946 = SURFACE_STYLE_FILL_AREA(#11947);
#11947 = FILL_AREA_STYLE('',(#11948));
#11948 = FILL_AREA_STYLE_COLOUR('',#11755);
#11949 = STYLED_ITEM('color',(#11950),#3626);
#11950 = PRESENTATION_STYLE_ASSIGNMENT((#11951));
#11951 = SURFACE_STYLE_USAGE(.BOTH.,#11952);
#11952 = SURFACE_SIDE_STYLE('',(#11953));
#11953 = SURFACE_STYLE_FILL_AREA(#11954);
#11954 = FILL_AREA_STYLE('',(#11955));
#11955 = FILL_AREA_STYLE_COLOUR('',#11705);
#11956 = STYLED_ITEM('color',(#11957),#3643);
#11957 = PRESENTATION_STYLE_ASSIGNMENT((#11958));
#11958 = SURFACE_STYLE_USAGE(.BOTH.,#11959);
#11959 = SURFACE_SIDE_STYLE('',(#11960));
#11960 = SURFACE_STYLE_FILL_AREA(#11961);
#11961 = FILL_AREA_STYLE('',(#11962));
#11962 = FILL_AREA_STYLE_COLOUR('',#11705);
#11963 = STYLED_ITEM('color',(#11964),#3660);
#11964 = PRESENTATION_STYLE_ASSIGNMENT((#11965));
#11965 = SURFACE_STYLE_USAGE(.BOTH.,#11966);
#11966 = SURFACE_SIDE_STYLE('',(#11967));
#11967 = SURFACE_STYLE_FILL_AREA(#11968);
#11968 = FILL_AREA_STYLE('',(#11969));
#11969 = FILL_AREA_STYLE_COLOUR('',#11755);
#11970 = STYLED_ITEM('color',(#11971),#3709);
#11971 = PRESENTATION_STYLE_ASSIGNMENT((#11972));
#11972 = SURFACE_STYLE_USAGE(.BOTH.,#11973);
#11973 = SURFACE_SIDE_STYLE('',(#11974));
#11974 = SURFACE_STYLE_FILL_AREA(#11975);
#11975 = FILL_AREA_STYLE('',(#11976));
#11976 = FILL_AREA_STYLE_COLOUR('',#11755);
#11977 = STYLED_ITEM('color',(#11978),#3726);
#11978 = PRESENTATION_STYLE_ASSIGNMENT((#11979));
#11979 = SURFACE_STYLE_USAGE(.BOTH.,#11980);
#11980 = SURFACE_SIDE_STYLE('',(#11981));
#11981 = SURFACE_STYLE_FILL_AREA(#11982);
#11982 = FILL_AREA_STYLE('',(#11983));
#11983 = FILL_AREA_STYLE_COLOUR('',#11705);
#11984 = STYLED_ITEM('color',(#11985),#3795);
#11985 = PRESENTATION_STYLE_ASSIGNMENT((#11986));
#11986 = SURFACE_STYLE_USAGE(.BOTH.,#11987);
#11987 = SURFACE_SIDE_STYLE('',(#11988));
#11988 = SURFACE_STYLE_FILL_AREA(#11989);
#11989 = FILL_AREA_STYLE('',(#11990));
#11990 = FILL_AREA_STYLE_COLOUR('',#11798);
#11991 = STYLED_ITEM('color',(#11992),#3826);
#11992 = PRESENTATION_STYLE_ASSIGNMENT((#11993));
#11993 = SURFACE_STYLE_USAGE(.BOTH.,#11994);
#11994 = SURFACE_SIDE_STYLE('',(#11995));
#11995 = SURFACE_STYLE_FILL_AREA(#11996);
#11996 = FILL_AREA_STYLE('',(#11997));
#11997 = FILL_AREA_STYLE_COLOUR('',#11798);
#11998 = STYLED_ITEM('color',(#11999),#3850);
#11999 = PRESENTATION_STYLE_ASSIGNMENT((#12000));
#12000 = SURFACE_STYLE_USAGE(.BOTH.,#12001);
#12001 = SURFACE_SIDE_STYLE('',(#12002));
#12002 = SURFACE_STYLE_FILL_AREA(#12003);
#12003 = FILL_AREA_STYLE('',(#12004));
#12004 = FILL_AREA_STYLE_COLOUR('',#11705);
#12005 = STYLED_ITEM('color',(#12006),#3919);
#12006 = PRESENTATION_STYLE_ASSIGNMENT((#12007));
#12007 = SURFACE_STYLE_USAGE(.BOTH.,#12008);
#12008 = SURFACE_SIDE_STYLE('',(#12009));
#12009 = SURFACE_STYLE_FILL_AREA(#12010);
#12010 = FILL_AREA_STYLE('',(#12011));
#12011 = FILL_AREA_STYLE_COLOUR('',#11798);
#12012 = STYLED_ITEM('color',(#12013),#3943);
#12013 = PRESENTATION_STYLE_ASSIGNMENT((#12014));
#12014 = SURFACE_STYLE_USAGE(.BOTH.,#12015);
#12015 = SURFACE_SIDE_STYLE('',(#12016));
#12016 = SURFACE_STYLE_FILL_AREA(#12017);
#12017 = FILL_AREA_STYLE('',(#12018));
#12018 = FILL_AREA_STYLE_COLOUR('',#11705);
#12019 = STYLED_ITEM('color',(#12020),#3960);
#12020 = PRESENTATION_STYLE_ASSIGNMENT((#12021));
#12021 = SURFACE_STYLE_USAGE(.BOTH.,#12022);
#12022 = SURFACE_SIDE_STYLE('',(#12023));
#12023 = SURFACE_STYLE_FILL_AREA(#12024);
#12024 = FILL_AREA_STYLE('',(#12025));
#12025 = FILL_AREA_STYLE_COLOUR('',#11705);
#12026 = STYLED_ITEM('color',(#12027),#3977);
#12027 = PRESENTATION_STYLE_ASSIGNMENT((#12028));
#12028 = SURFACE_STYLE_USAGE(.BOTH.,#12029);
#12029 = SURFACE_SIDE_STYLE('',(#12030));
#12030 = SURFACE_STYLE_FILL_AREA(#12031);
#12031 = FILL_AREA_STYLE('',(#12032));
#12032 = FILL_AREA_STYLE_COLOUR('',#11705);
#12033 = STYLED_ITEM('color',(#12034),#3994);
#12034 = PRESENTATION_STYLE_ASSIGNMENT((#12035));
#12035 = SURFACE_STYLE_USAGE(.BOTH.,#12036);
#12036 = SURFACE_SIDE_STYLE('',(#12037));
#12037 = SURFACE_STYLE_FILL_AREA(#12038);
#12038 = FILL_AREA_STYLE('',(#12039));
#12039 = FILL_AREA_STYLE_COLOUR('',#11705);
#12040 = STYLED_ITEM('color',(#12041),#4011);
#12041 = PRESENTATION_STYLE_ASSIGNMENT((#12042));
#12042 = SURFACE_STYLE_USAGE(.BOTH.,#12043);
#12043 = SURFACE_SIDE_STYLE('',(#12044));
#12044 = SURFACE_STYLE_FILL_AREA(#12045);
#12045 = FILL_AREA_STYLE('',(#12046));
#12046 = FILL_AREA_STYLE_COLOUR('',#11705);
#12047 = STYLED_ITEM('color',(#12048),#4028);
#12048 = PRESENTATION_STYLE_ASSIGNMENT((#12049));
#12049 = SURFACE_STYLE_USAGE(.BOTH.,#12050);
#12050 = SURFACE_SIDE_STYLE('',(#12051));
#12051 = SURFACE_STYLE_FILL_AREA(#12052);
#12052 = FILL_AREA_STYLE('',(#12053));
#12053 = FILL_AREA_STYLE_COLOUR('',#11705);
#12054 = STYLED_ITEM('color',(#12055),#4045);
#12055 = PRESENTATION_STYLE_ASSIGNMENT((#12056));
#12056 = SURFACE_STYLE_USAGE(.BOTH.,#12057);
#12057 = SURFACE_SIDE_STYLE('',(#12058));
#12058 = SURFACE_STYLE_FILL_AREA(#12059);
#12059 = FILL_AREA_STYLE('',(#12060));
#12060 = FILL_AREA_STYLE_COLOUR('',#11705);
#12061 = STYLED_ITEM('color',(#12062),#4062);
#12062 = PRESENTATION_STYLE_ASSIGNMENT((#12063));
#12063 = SURFACE_STYLE_USAGE(.BOTH.,#12064);
#12064 = SURFACE_SIDE_STYLE('',(#12065));
#12065 = SURFACE_STYLE_FILL_AREA(#12066);
#12066 = FILL_AREA_STYLE('',(#12067));
#12067 = FILL_AREA_STYLE_COLOUR('',#11798);
#12068 = STYLED_ITEM('color',(#12069),#4079);
#12069 = PRESENTATION_STYLE_ASSIGNMENT((#12070));
#12070 = SURFACE_STYLE_USAGE(.BOTH.,#12071);
#12071 = SURFACE_SIDE_STYLE('',(#12072));
#12072 = SURFACE_STYLE_FILL_AREA(#12073);
#12073 = FILL_AREA_STYLE('',(#12074));
#12074 = FILL_AREA_STYLE_COLOUR('',#11798);
#12075 = MECHANICAL_DESIGN_GEOMETRIC_PRESENTATION_REPRESENTATION('',(
    #12076,#12086,#12095,#12104,#12113,#12122,#12131,#12140,#12149,
    #12158,#12167,#12176,#12185,#12194,#12203,#12212,#12221,#12230,
    #12239,#12248,#12257,#12266,#12275,#12284,#12293,#12302,#12311,
    #12320,#12329,#12338,#12347,#12356,#12365,#12374,#12383,#12392,
    #12401,#12410,#12419,#12428,#12437,#12446,#12455,#12464,#12473,
    #12482,#12491,#12500,#12509,#12518,#12527,#12536,#12545,#12554,
    #12563,#12572,#12581,#12590,#12599,#12608,#12617,#12626,#12635,
    #12644,#12653,#12662,#12671,#12680,#12689),#6130);
#12076 = STYLED_ITEM('color',(#12077),#4150);
#12077 = PRESENTATION_STYLE_ASSIGNMENT((#12078,#12084));
#12078 = SURFACE_STYLE_USAGE(.BOTH.,#12079);
#12079 = SURFACE_SIDE_STYLE('',(#12080));
#12080 = SURFACE_STYLE_FILL_AREA(#12081);
#12081 = FILL_AREA_STYLE('',(#12082));
#12082 = FILL_AREA_STYLE_COLOUR('',#12083);
#12083 = COLOUR_RGB('',0.147999998088,0.145000001626,0.145000001626);
#12084 = CURVE_STYLE('',#12085,POSITIVE_LENGTH_MEASURE(0.1),#12083);
#12085 = DRAUGHTING_PRE_DEFINED_CURVE_FONT('continuous');
#12086 = STYLED_ITEM('color',(#12087),#4188);
#12087 = PRESENTATION_STYLE_ASSIGNMENT((#12088,#12093));
#12088 = SURFACE_STYLE_USAGE(.BOTH.,#12089);
#12089 = SURFACE_SIDE_STYLE('',(#12090));
#12090 = SURFACE_STYLE_FILL_AREA(#12091);
#12091 = FILL_AREA_STYLE('',(#12092));
#12092 = FILL_AREA_STYLE_COLOUR('',#12083);
#12093 = CURVE_STYLE('',#12094,POSITIVE_LENGTH_MEASURE(0.1),#12083);
#12094 = DRAUGHTING_PRE_DEFINED_CURVE_FONT('continuous');
#12095 = STYLED_ITEM('color',(#12096),#4251);
#12096 = PRESENTATION_STYLE_ASSIGNMENT((#12097,#12102));
#12097 = SURFACE_STYLE_USAGE(.BOTH.,#12098);
#12098 = SURFACE_SIDE_STYLE('',(#12099));
#12099 = SURFACE_STYLE_FILL_AREA(#12100);
#12100 = FILL_AREA_STYLE('',(#12101));
#12101 = FILL_AREA_STYLE_COLOUR('',#12083);
#12102 = CURVE_STYLE('',#12103,POSITIVE_LENGTH_MEASURE(0.1),#12083);
#12103 = DRAUGHTING_PRE_DEFINED_CURVE_FONT('continuous');
#12104 = STYLED_ITEM('color',(#12105),#4274);
#12105 = PRESENTATION_STYLE_ASSIGNMENT((#12106,#12111));
#12106 = SURFACE_STYLE_USAGE(.BOTH.,#12107);
#12107 = SURFACE_SIDE_STYLE('',(#12108));
#12108 = SURFACE_STYLE_FILL_AREA(#12109);
#12109 = FILL_AREA_STYLE('',(#12110));
#12110 = FILL_AREA_STYLE_COLOUR('',#12083);
#12111 = CURVE_STYLE('',#12112,POSITIVE_LENGTH_MEASURE(0.1),#12083);
#12112 = DRAUGHTING_PRE_DEFINED_CURVE_FONT('continuous');
#12113 = STYLED_ITEM('color',(#12114),#4303);
#12114 = PRESENTATION_STYLE_ASSIGNMENT((#12115,#12120));
#12115 = SURFACE_STYLE_USAGE(.BOTH.,#12116);
#12116 = SURFACE_SIDE_STYLE('',(#12117));
#12117 = SURFACE_STYLE_FILL_AREA(#12118);
#12118 = FILL_AREA_STYLE('',(#12119));
#12119 = FILL_AREA_STYLE_COLOUR('',#12083);
#12120 = CURVE_STYLE('',#12121,POSITIVE_LENGTH_MEASURE(0.1),#12083);
#12121 = DRAUGHTING_PRE_DEFINED_CURVE_FONT('continuous');
#12122 = STYLED_ITEM('color',(#12123),#4326);
#12123 = PRESENTATION_STYLE_ASSIGNMENT((#12124,#12129));
#12124 = SURFACE_STYLE_USAGE(.BOTH.,#12125);
#12125 = SURFACE_SIDE_STYLE('',(#12126));
#12126 = SURFACE_STYLE_FILL_AREA(#12127);
#12127 = FILL_AREA_STYLE('',(#12128));
#12128 = FILL_AREA_STYLE_COLOUR('',#12083);
#12129 = CURVE_STYLE('',#12130,POSITIVE_LENGTH_MEASURE(0.1),#12083);
#12130 = DRAUGHTING_PRE_DEFINED_CURVE_FONT('continuous');
#12131 = STYLED_ITEM('color',(#12132),#4381);
#12132 = PRESENTATION_STYLE_ASSIGNMENT((#12133,#12138));
#12133 = SURFACE_STYLE_USAGE(.BOTH.,#12134);
#12134 = SURFACE_SIDE_STYLE('',(#12135));
#12135 = SURFACE_STYLE_FILL_AREA(#12136);
#12136 = FILL_AREA_STYLE('',(#12137));
#12137 = FILL_AREA_STYLE_COLOUR('',#12083);
#12138 = CURVE_STYLE('',#12139,POSITIVE_LENGTH_MEASURE(0.1),#12083);
#12139 = DRAUGHTING_PRE_DEFINED_CURVE_FONT('continuous');
#12140 = STYLED_ITEM('color',(#12141),#4420);
#12141 = PRESENTATION_STYLE_ASSIGNMENT((#12142,#12147));
#12142 = SURFACE_STYLE_USAGE(.BOTH.,#12143);
#12143 = SURFACE_SIDE_STYLE('',(#12144));
#12144 = SURFACE_STYLE_FILL_AREA(#12145);
#12145 = FILL_AREA_STYLE('',(#12146));
#12146 = FILL_AREA_STYLE_COLOUR('',#12083);
#12147 = CURVE_STYLE('',#12148,POSITIVE_LENGTH_MEASURE(0.1),#12083);
#12148 = DRAUGHTING_PRE_DEFINED_CURVE_FONT('continuous');
#12149 = STYLED_ITEM('color',(#12150),#4443);
#12150 = PRESENTATION_STYLE_ASSIGNMENT((#12151,#12156));
#12151 = SURFACE_STYLE_USAGE(.BOTH.,#12152);
#12152 = SURFACE_SIDE_STYLE('',(#12153));
#12153 = SURFACE_STYLE_FILL_AREA(#12154);
#12154 = FILL_AREA_STYLE('',(#12155));
#12155 = FILL_AREA_STYLE_COLOUR('',#12083);
#12156 = CURVE_STYLE('',#12157,POSITIVE_LENGTH_MEASURE(0.1),#12083);
#12157 = DRAUGHTING_PRE_DEFINED_CURVE_FONT('continuous');
#12158 = STYLED_ITEM('color',(#12159),#4466);
#12159 = PRESENTATION_STYLE_ASSIGNMENT((#12160,#12165));
#12160 = SURFACE_STYLE_USAGE(.BOTH.,#12161);
#12161 = SURFACE_SIDE_STYLE('',(#12162));
#12162 = SURFACE_STYLE_FILL_AREA(#12163);
#12163 = FILL_AREA_STYLE('',(#12164));
#12164 = FILL_AREA_STYLE_COLOUR('',#12083);
#12165 = CURVE_STYLE('',#12166,POSITIVE_LENGTH_MEASURE(0.1),#12083);
#12166 = DRAUGHTING_PRE_DEFINED_CURVE_FONT('continuous');
#12167 = STYLED_ITEM('color',(#12168),#4483);
#12168 = PRESENTATION_STYLE_ASSIGNMENT((#12169,#12174));
#12169 = SURFACE_STYLE_USAGE(.BOTH.,#12170);
#12170 = SURFACE_SIDE_STYLE('',(#12171));
#12171 = SURFACE_STYLE_FILL_AREA(#12172);
#12172 = FILL_AREA_STYLE('',(#12173));
#12173 = FILL_AREA_STYLE_COLOUR('',#12083);
#12174 = CURVE_STYLE('',#12175,POSITIVE_LENGTH_MEASURE(0.1),#12083);
#12175 = DRAUGHTING_PRE_DEFINED_CURVE_FONT('continuous');
#12176 = STYLED_ITEM('color',(#12177),#4506);
#12177 = PRESENTATION_STYLE_ASSIGNMENT((#12178,#12183));
#12178 = SURFACE_STYLE_USAGE(.BOTH.,#12179);
#12179 = SURFACE_SIDE_STYLE('',(#12180));
#12180 = SURFACE_STYLE_FILL_AREA(#12181);
#12181 = FILL_AREA_STYLE('',(#12182));
#12182 = FILL_AREA_STYLE_COLOUR('',#12083);
#12183 = CURVE_STYLE('',#12184,POSITIVE_LENGTH_MEASURE(0.1),#12083);
#12184 = DRAUGHTING_PRE_DEFINED_CURVE_FONT('continuous');
#12185 = STYLED_ITEM('color',(#12186),#4594);
#12186 = PRESENTATION_STYLE_ASSIGNMENT((#12187,#12192));
#12187 = SURFACE_STYLE_USAGE(.BOTH.,#12188);
#12188 = SURFACE_SIDE_STYLE('',(#12189));
#12189 = SURFACE_STYLE_FILL_AREA(#12190);
#12190 = FILL_AREA_STYLE('',(#12191));
#12191 = FILL_AREA_STYLE_COLOUR('',#12083);
#12192 = CURVE_STYLE('',#12193,POSITIVE_LENGTH_MEASURE(0.1),#12083);
#12193 = DRAUGHTING_PRE_DEFINED_CURVE_FONT('continuous');
#12194 = STYLED_ITEM('color',(#12195),#4610);
#12195 = PRESENTATION_STYLE_ASSIGNMENT((#12196,#12201));
#12196 = SURFACE_STYLE_USAGE(.BOTH.,#12197);
#12197 = SURFACE_SIDE_STYLE('',(#12198));
#12198 = SURFACE_STYLE_FILL_AREA(#12199);
#12199 = FILL_AREA_STYLE('',(#12200));
#12200 = FILL_AREA_STYLE_COLOUR('',#12083);
#12201 = CURVE_STYLE('',#12202,POSITIVE_LENGTH_MEASURE(0.1),#12083);
#12202 = DRAUGHTING_PRE_DEFINED_CURVE_FONT('continuous');
#12203 = STYLED_ITEM('color',(#12204),#4640);
#12204 = PRESENTATION_STYLE_ASSIGNMENT((#12205,#12210));
#12205 = SURFACE_STYLE_USAGE(.BOTH.,#12206);
#12206 = SURFACE_SIDE_STYLE('',(#12207));
#12207 = SURFACE_STYLE_FILL_AREA(#12208);
#12208 = FILL_AREA_STYLE('',(#12209));
#12209 = FILL_AREA_STYLE_COLOUR('',#11705);
#12210 = CURVE_STYLE('',#12211,POSITIVE_LENGTH_MEASURE(0.1),#11705);
#12211 = DRAUGHTING_PRE_DEFINED_CURVE_FONT('continuous');
#12212 = STYLED_ITEM('color',(#12213),#4673);
#12213 = PRESENTATION_STYLE_ASSIGNMENT((#12214,#12219));
#12214 = SURFACE_STYLE_USAGE(.BOTH.,#12215);
#12215 = SURFACE_SIDE_STYLE('',(#12216));
#12216 = SURFACE_STYLE_FILL_AREA(#12217);
#12217 = FILL_AREA_STYLE('',(#12218));
#12218 = FILL_AREA_STYLE_COLOUR('',#12083);
#12219 = CURVE_STYLE('',#12220,POSITIVE_LENGTH_MEASURE(0.1),#12083);
#12220 = DRAUGHTING_PRE_DEFINED_CURVE_FONT('continuous');
#12221 = STYLED_ITEM('color',(#12222),#4704);
#12222 = PRESENTATION_STYLE_ASSIGNMENT((#12223,#12228));
#12223 = SURFACE_STYLE_USAGE(.BOTH.,#12224);
#12224 = SURFACE_SIDE_STYLE('',(#12225));
#12225 = SURFACE_STYLE_FILL_AREA(#12226);
#12226 = FILL_AREA_STYLE('',(#12227));
#12227 = FILL_AREA_STYLE_COLOUR('',#11705);
#12228 = CURVE_STYLE('',#12229,POSITIVE_LENGTH_MEASURE(0.1),#11705);
#12229 = DRAUGHTING_PRE_DEFINED_CURVE_FONT('continuous');
#12230 = STYLED_ITEM('color',(#12231),#4737);
#12231 = PRESENTATION_STYLE_ASSIGNMENT((#12232,#12237));
#12232 = SURFACE_STYLE_USAGE(.BOTH.,#12233);
#12233 = SURFACE_SIDE_STYLE('',(#12234));
#12234 = SURFACE_STYLE_FILL_AREA(#12235);
#12235 = FILL_AREA_STYLE('',(#12236));
#12236 = FILL_AREA_STYLE_COLOUR('',#12083);
#12237 = CURVE_STYLE('',#12238,POSITIVE_LENGTH_MEASURE(0.1),#12083);
#12238 = DRAUGHTING_PRE_DEFINED_CURVE_FONT('continuous');
#12239 = STYLED_ITEM('color',(#12240),#4754);
#12240 = PRESENTATION_STYLE_ASSIGNMENT((#12241,#12246));
#12241 = SURFACE_STYLE_USAGE(.BOTH.,#12242);
#12242 = SURFACE_SIDE_STYLE('',(#12243));
#12243 = SURFACE_STYLE_FILL_AREA(#12244);
#12244 = FILL_AREA_STYLE('',(#12245));
#12245 = FILL_AREA_STYLE_COLOUR('',#12083);
#12246 = CURVE_STYLE('',#12247,POSITIVE_LENGTH_MEASURE(0.1),#12083);
#12247 = DRAUGHTING_PRE_DEFINED_CURVE_FONT('continuous');
#12248 = STYLED_ITEM('color',(#12249),#4771);
#12249 = PRESENTATION_STYLE_ASSIGNMENT((#12250,#12255));
#12250 = SURFACE_STYLE_USAGE(.BOTH.,#12251);
#12251 = SURFACE_SIDE_STYLE('',(#12252));
#12252 = SURFACE_STYLE_FILL_AREA(#12253);
#12253 = FILL_AREA_STYLE('',(#12254));
#12254 = FILL_AREA_STYLE_COLOUR('',#11705);
#12255 = CURVE_STYLE('',#12256,POSITIVE_LENGTH_MEASURE(0.1),#11705);
#12256 = DRAUGHTING_PRE_DEFINED_CURVE_FONT('continuous');
#12257 = STYLED_ITEM('color',(#12258),#4804);
#12258 = PRESENTATION_STYLE_ASSIGNMENT((#12259,#12264));
#12259 = SURFACE_STYLE_USAGE(.BOTH.,#12260);
#12260 = SURFACE_SIDE_STYLE('',(#12261));
#12261 = SURFACE_STYLE_FILL_AREA(#12262);
#12262 = FILL_AREA_STYLE('',(#12263));
#12263 = FILL_AREA_STYLE_COLOUR('',#12083);
#12264 = CURVE_STYLE('',#12265,POSITIVE_LENGTH_MEASURE(0.1),#12083);
#12265 = DRAUGHTING_PRE_DEFINED_CURVE_FONT('continuous');
#12266 = STYLED_ITEM('color',(#12267),#4834);
#12267 = PRESENTATION_STYLE_ASSIGNMENT((#12268,#12273));
#12268 = SURFACE_STYLE_USAGE(.BOTH.,#12269);
#12269 = SURFACE_SIDE_STYLE('',(#12270));
#12270 = SURFACE_STYLE_FILL_AREA(#12271);
#12271 = FILL_AREA_STYLE('',(#12272));
#12272 = FILL_AREA_STYLE_COLOUR('',#12083);
#12273 = CURVE_STYLE('',#12274,POSITIVE_LENGTH_MEASURE(0.1),#12083);
#12274 = DRAUGHTING_PRE_DEFINED_CURVE_FONT('continuous');
#12275 = STYLED_ITEM('color',(#12276),#4857);
#12276 = PRESENTATION_STYLE_ASSIGNMENT((#12277,#12282));
#12277 = SURFACE_STYLE_USAGE(.BOTH.,#12278);
#12278 = SURFACE_SIDE_STYLE('',(#12279));
#12279 = SURFACE_STYLE_FILL_AREA(#12280);
#12280 = FILL_AREA_STYLE('',(#12281));
#12281 = FILL_AREA_STYLE_COLOUR('',#12083);
#12282 = CURVE_STYLE('',#12283,POSITIVE_LENGTH_MEASURE(0.1),#12083);
#12283 = DRAUGHTING_PRE_DEFINED_CURVE_FONT('continuous');
#12284 = STYLED_ITEM('color',(#12285),#4880);
#12285 = PRESENTATION_STYLE_ASSIGNMENT((#12286,#12291));
#12286 = SURFACE_STYLE_USAGE(.BOTH.,#12287);
#12287 = SURFACE_SIDE_STYLE('',(#12288));
#12288 = SURFACE_STYLE_FILL_AREA(#12289);
#12289 = FILL_AREA_STYLE('',(#12290));
#12290 = FILL_AREA_STYLE_COLOUR('',#12083);
#12291 = CURVE_STYLE('',#12292,POSITIVE_LENGTH_MEASURE(0.1),#12083);
#12292 = DRAUGHTING_PRE_DEFINED_CURVE_FONT('continuous');
#12293 = STYLED_ITEM('color',(#12294),#4897);
#12294 = PRESENTATION_STYLE_ASSIGNMENT((#12295,#12300));
#12295 = SURFACE_STYLE_USAGE(.BOTH.,#12296);
#12296 = SURFACE_SIDE_STYLE('',(#12297));
#12297 = SURFACE_STYLE_FILL_AREA(#12298);
#12298 = FILL_AREA_STYLE('',(#12299));
#12299 = FILL_AREA_STYLE_COLOUR('',#11705);
#12300 = CURVE_STYLE('',#12301,POSITIVE_LENGTH_MEASURE(0.1),#11705);
#12301 = DRAUGHTING_PRE_DEFINED_CURVE_FONT('continuous');
#12302 = STYLED_ITEM('color',(#12303),#4926);
#12303 = PRESENTATION_STYLE_ASSIGNMENT((#12304,#12309));
#12304 = SURFACE_STYLE_USAGE(.BOTH.,#12305);
#12305 = SURFACE_SIDE_STYLE('',(#12306));
#12306 = SURFACE_STYLE_FILL_AREA(#12307);
#12307 = FILL_AREA_STYLE('',(#12308));
#12308 = FILL_AREA_STYLE_COLOUR('',#12083);
#12309 = CURVE_STYLE('',#12310,POSITIVE_LENGTH_MEASURE(0.1),#12083);
#12310 = DRAUGHTING_PRE_DEFINED_CURVE_FONT('continuous');
#12311 = STYLED_ITEM('color',(#12312),#4980);
#12312 = PRESENTATION_STYLE_ASSIGNMENT((#12313,#12318));
#12313 = SURFACE_STYLE_USAGE(.BOTH.,#12314);
#12314 = SURFACE_SIDE_STYLE('',(#12315));
#12315 = SURFACE_STYLE_FILL_AREA(#12316);
#12316 = FILL_AREA_STYLE('',(#12317));
#12317 = FILL_AREA_STYLE_COLOUR('',#12083);
#12318 = CURVE_STYLE('',#12319,POSITIVE_LENGTH_MEASURE(0.1),#12083);
#12319 = DRAUGHTING_PRE_DEFINED_CURVE_FONT('continuous');
#12320 = STYLED_ITEM('color',(#12321),#5003);
#12321 = PRESENTATION_STYLE_ASSIGNMENT((#12322,#12327));
#12322 = SURFACE_STYLE_USAGE(.BOTH.,#12323);
#12323 = SURFACE_SIDE_STYLE('',(#12324));
#12324 = SURFACE_STYLE_FILL_AREA(#12325);
#12325 = FILL_AREA_STYLE('',(#12326));
#12326 = FILL_AREA_STYLE_COLOUR('',#12083);
#12327 = CURVE_STYLE('',#12328,POSITIVE_LENGTH_MEASURE(0.1),#12083);
#12328 = DRAUGHTING_PRE_DEFINED_CURVE_FONT('continuous');
#12329 = STYLED_ITEM('color',(#12330),#5026);
#12330 = PRESENTATION_STYLE_ASSIGNMENT((#12331,#12336));
#12331 = SURFACE_STYLE_USAGE(.BOTH.,#12332);
#12332 = SURFACE_SIDE_STYLE('',(#12333));
#12333 = SURFACE_STYLE_FILL_AREA(#12334);
#12334 = FILL_AREA_STYLE('',(#12335));
#12335 = FILL_AREA_STYLE_COLOUR('',#12083);
#12336 = CURVE_STYLE('',#12337,POSITIVE_LENGTH_MEASURE(0.1),#12083);
#12337 = DRAUGHTING_PRE_DEFINED_CURVE_FONT('continuous');
#12338 = STYLED_ITEM('color',(#12339),#5049);
#12339 = PRESENTATION_STYLE_ASSIGNMENT((#12340,#12345));
#12340 = SURFACE_STYLE_USAGE(.BOTH.,#12341);
#12341 = SURFACE_SIDE_STYLE('',(#12342));
#12342 = SURFACE_STYLE_FILL_AREA(#12343);
#12343 = FILL_AREA_STYLE('',(#12344));
#12344 = FILL_AREA_STYLE_COLOUR('',#12083);
#12345 = CURVE_STYLE('',#12346,POSITIVE_LENGTH_MEASURE(0.1),#12083);
#12346 = DRAUGHTING_PRE_DEFINED_CURVE_FONT('continuous');
#12347 = STYLED_ITEM('color',(#12348),#5088);
#12348 = PRESENTATION_STYLE_ASSIGNMENT((#12349,#12354));
#12349 = SURFACE_STYLE_USAGE(.BOTH.,#12350);
#12350 = SURFACE_SIDE_STYLE('',(#12351));
#12351 = SURFACE_STYLE_FILL_AREA(#12352);
#12352 = FILL_AREA_STYLE('',(#12353));
#12353 = FILL_AREA_STYLE_COLOUR('',#11705);
#12354 = CURVE_STYLE('',#12355,POSITIVE_LENGTH_MEASURE(0.1),#11705);
#12355 = DRAUGHTING_PRE_DEFINED_CURVE_FONT('continuous');
#12356 = STYLED_ITEM('color',(#12357),#5110);
#12357 = PRESENTATION_STYLE_ASSIGNMENT((#12358,#12363));
#12358 = SURFACE_STYLE_USAGE(.BOTH.,#12359);
#12359 = SURFACE_SIDE_STYLE('',(#12360));
#12360 = SURFACE_STYLE_FILL_AREA(#12361);
#12361 = FILL_AREA_STYLE('',(#12362));
#12362 = FILL_AREA_STYLE_COLOUR('',#12083);
#12363 = CURVE_STYLE('',#12364,POSITIVE_LENGTH_MEASURE(0.1),#12083);
#12364 = DRAUGHTING_PRE_DEFINED_CURVE_FONT('continuous');
#12365 = STYLED_ITEM('color',(#12366),#5154);
#12366 = PRESENTATION_STYLE_ASSIGNMENT((#12367,#12372));
#12367 = SURFACE_STYLE_USAGE(.BOTH.,#12368);
#12368 = SURFACE_SIDE_STYLE('',(#12369));
#12369 = SURFACE_STYLE_FILL_AREA(#12370);
#12370 = FILL_AREA_STYLE('',(#12371));
#12371 = FILL_AREA_STYLE_COLOUR('',#11705);
#12372 = CURVE_STYLE('',#12373,POSITIVE_LENGTH_MEASURE(0.1),#11705);
#12373 = DRAUGHTING_PRE_DEFINED_CURVE_FONT('continuous');
#12374 = STYLED_ITEM('color',(#12375),#5229);
#12375 = PRESENTATION_STYLE_ASSIGNMENT((#12376,#12381));
#12376 = SURFACE_STYLE_USAGE(.BOTH.,#12377);
#12377 = SURFACE_SIDE_STYLE('',(#12378));
#12378 = SURFACE_STYLE_FILL_AREA(#12379);
#12379 = FILL_AREA_STYLE('',(#12380));
#12380 = FILL_AREA_STYLE_COLOUR('',#11705);
#12381 = CURVE_STYLE('',#12382,POSITIVE_LENGTH_MEASURE(0.1),#11705);
#12382 = DRAUGHTING_PRE_DEFINED_CURVE_FONT('continuous');
#12383 = STYLED_ITEM('color',(#12384),#5253);
#12384 = PRESENTATION_STYLE_ASSIGNMENT((#12385,#12390));
#12385 = SURFACE_STYLE_USAGE(.BOTH.,#12386);
#12386 = SURFACE_SIDE_STYLE('',(#12387));
#12387 = SURFACE_STYLE_FILL_AREA(#12388);
#12388 = FILL_AREA_STYLE('',(#12389));
#12389 = FILL_AREA_STYLE_COLOUR('',#11705);
#12390 = CURVE_STYLE('',#12391,POSITIVE_LENGTH_MEASURE(0.1),#11705);
#12391 = DRAUGHTING_PRE_DEFINED_CURVE_FONT('continuous');
#12392 = STYLED_ITEM('color',(#12393),#5321);
#12393 = PRESENTATION_STYLE_ASSIGNMENT((#12394,#12399));
#12394 = SURFACE_STYLE_USAGE(.BOTH.,#12395);
#12395 = SURFACE_SIDE_STYLE('',(#12396));
#12396 = SURFACE_STYLE_FILL_AREA(#12397);
#12397 = FILL_AREA_STYLE('',(#12398));
#12398 = FILL_AREA_STYLE_COLOUR('',#12083);
#12399 = CURVE_STYLE('',#12400,POSITIVE_LENGTH_MEASURE(0.1),#12083);
#12400 = DRAUGHTING_PRE_DEFINED_CURVE_FONT('continuous');
#12401 = STYLED_ITEM('color',(#12402),#5338);
#12402 = PRESENTATION_STYLE_ASSIGNMENT((#12403,#12408));
#12403 = SURFACE_STYLE_USAGE(.BOTH.,#12404);
#12404 = SURFACE_SIDE_STYLE('',(#12405));
#12405 = SURFACE_STYLE_FILL_AREA(#12406);
#12406 = FILL_AREA_STYLE('',(#12407));
#12407 = FILL_AREA_STYLE_COLOUR('',#11705);
#12408 = CURVE_STYLE('',#12409,POSITIVE_LENGTH_MEASURE(0.1),#11705);
#12409 = DRAUGHTING_PRE_DEFINED_CURVE_FONT('continuous');
#12410 = STYLED_ITEM('color',(#12411),#5413);
#12411 = PRESENTATION_STYLE_ASSIGNMENT((#12412,#12417));
#12412 = SURFACE_STYLE_USAGE(.BOTH.,#12413);
#12413 = SURFACE_SIDE_STYLE('',(#12414));
#12414 = SURFACE_STYLE_FILL_AREA(#12415);
#12415 = FILL_AREA_STYLE('',(#12416));
#12416 = FILL_AREA_STYLE_COLOUR('',#11705);
#12417 = CURVE_STYLE('',#12418,POSITIVE_LENGTH_MEASURE(0.1),#11705);
#12418 = DRAUGHTING_PRE_DEFINED_CURVE_FONT('continuous');
#12419 = STYLED_ITEM('color',(#12420),#5437);
#12420 = PRESENTATION_STYLE_ASSIGNMENT((#12421,#12426));
#12421 = SURFACE_STYLE_USAGE(.BOTH.,#12422);
#12422 = SURFACE_SIDE_STYLE('',(#12423));
#12423 = SURFACE_STYLE_FILL_AREA(#12424);
#12424 = FILL_AREA_STYLE('',(#12425));
#12425 = FILL_AREA_STYLE_COLOUR('',#11705);
#12426 = CURVE_STYLE('',#12427,POSITIVE_LENGTH_MEASURE(0.1),#11705);
#12427 = DRAUGHTING_PRE_DEFINED_CURVE_FONT('continuous');
#12428 = STYLED_ITEM('color',(#12429),#5505);
#12429 = PRESENTATION_STYLE_ASSIGNMENT((#12430,#12435));
#12430 = SURFACE_STYLE_USAGE(.BOTH.,#12431);
#12431 = SURFACE_SIDE_STYLE('',(#12432));
#12432 = SURFACE_STYLE_FILL_AREA(#12433);
#12433 = FILL_AREA_STYLE('',(#12434));
#12434 = FILL_AREA_STYLE_COLOUR('',#11705);
#12435 = CURVE_STYLE('',#12436,POSITIVE_LENGTH_MEASURE(0.1),#11705);
#12436 = DRAUGHTING_PRE_DEFINED_CURVE_FONT('continuous');
#12437 = STYLED_ITEM('color',(#12438),#5580);
#12438 = PRESENTATION_STYLE_ASSIGNMENT((#12439,#12444));
#12439 = SURFACE_STYLE_USAGE(.BOTH.,#12440);
#12440 = SURFACE_SIDE_STYLE('',(#12441));
#12441 = SURFACE_STYLE_FILL_AREA(#12442);
#12442 = FILL_AREA_STYLE('',(#12443));
#12443 = FILL_AREA_STYLE_COLOUR('',#11705);
#12444 = CURVE_STYLE('',#12445,POSITIVE_LENGTH_MEASURE(0.1),#11705);
#12445 = DRAUGHTING_PRE_DEFINED_CURVE_FONT('continuous');
#12446 = STYLED_ITEM('color',(#12447),#5604);
#12447 = PRESENTATION_STYLE_ASSIGNMENT((#12448,#12453));
#12448 = SURFACE_STYLE_USAGE(.BOTH.,#12449);
#12449 = SURFACE_SIDE_STYLE('',(#12450));
#12450 = SURFACE_STYLE_FILL_AREA(#12451);
#12451 = FILL_AREA_STYLE('',(#12452));
#12452 = FILL_AREA_STYLE_COLOUR('',#11705);
#12453 = CURVE_STYLE('',#12454,POSITIVE_LENGTH_MEASURE(0.1),#11705);
#12454 = DRAUGHTING_PRE_DEFINED_CURVE_FONT('continuous');
#12455 = STYLED_ITEM('color',(#12456),#5672);
#12456 = PRESENTATION_STYLE_ASSIGNMENT((#12457,#12462));
#12457 = SURFACE_STYLE_USAGE(.BOTH.,#12458);
#12458 = SURFACE_SIDE_STYLE('',(#12459));
#12459 = SURFACE_STYLE_FILL_AREA(#12460);
#12460 = FILL_AREA_STYLE('',(#12461));
#12461 = FILL_AREA_STYLE_COLOUR('',#11705);
#12462 = CURVE_STYLE('',#12463,POSITIVE_LENGTH_MEASURE(0.1),#11705);
#12463 = DRAUGHTING_PRE_DEFINED_CURVE_FONT('continuous');
#12464 = STYLED_ITEM('color',(#12465),#5689);
#12465 = PRESENTATION_STYLE_ASSIGNMENT((#12466,#12471));
#12466 = SURFACE_STYLE_USAGE(.BOTH.,#12467);
#12467 = SURFACE_SIDE_STYLE('',(#12468));
#12468 = SURFACE_STYLE_FILL_AREA(#12469);
#12469 = FILL_AREA_STYLE('',(#12470));
#12470 = FILL_AREA_STYLE_COLOUR('',#11705);
#12471 = CURVE_STYLE('',#12472,POSITIVE_LENGTH_MEASURE(0.1),#11705);
#12472 = DRAUGHTING_PRE_DEFINED_CURVE_FONT('continuous');
#12473 = STYLED_ITEM('color',(#12474),#5706);
#12474 = PRESENTATION_STYLE_ASSIGNMENT((#12475,#12480));
#12475 = SURFACE_STYLE_USAGE(.BOTH.,#12476);
#12476 = SURFACE_SIDE_STYLE('',(#12477));
#12477 = SURFACE_STYLE_FILL_AREA(#12478);
#12478 = FILL_AREA_STYLE('',(#12479));
#12479 = FILL_AREA_STYLE_COLOUR('',#12083);
#12480 = CURVE_STYLE('',#12481,POSITIVE_LENGTH_MEASURE(0.1),#12083);
#12481 = DRAUGHTING_PRE_DEFINED_CURVE_FONT('continuous');
#12482 = STYLED_ITEM('color',(#12483),#5752);
#12483 = PRESENTATION_STYLE_ASSIGNMENT((#12484,#12489));
#12484 = SURFACE_STYLE_USAGE(.BOTH.,#12485);
#12485 = SURFACE_SIDE_STYLE('',(#12486));
#12486 = SURFACE_STYLE_FILL_AREA(#12487);
#12487 = FILL_AREA_STYLE('',(#12488));
#12488 = FILL_AREA_STYLE_COLOUR('',#12083);
#12489 = CURVE_STYLE('',#12490,POSITIVE_LENGTH_MEASURE(0.1),#12083);
#12490 = DRAUGHTING_PRE_DEFINED_CURVE_FONT('continuous');
#12491 = STYLED_ITEM('color',(#12492),#5768);
#12492 = PRESENTATION_STYLE_ASSIGNMENT((#12493,#12498));
#12493 = SURFACE_STYLE_USAGE(.BOTH.,#12494);
#12494 = SURFACE_SIDE_STYLE('',(#12495));
#12495 = SURFACE_STYLE_FILL_AREA(#12496);
#12496 = FILL_AREA_STYLE('',(#12497));
#12497 = FILL_AREA_STYLE_COLOUR('',#12083);
#12498 = CURVE_STYLE('',#12499,POSITIVE_LENGTH_MEASURE(0.1),#12083);
#12499 = DRAUGHTING_PRE_DEFINED_CURVE_FONT('continuous');
#12500 = STYLED_ITEM('color',(#12501),#5784);
#12501 = PRESENTATION_STYLE_ASSIGNMENT((#12502,#12507));
#12502 = SURFACE_STYLE_USAGE(.BOTH.,#12503);
#12503 = SURFACE_SIDE_STYLE('',(#12504));
#12504 = SURFACE_STYLE_FILL_AREA(#12505);
#12505 = FILL_AREA_STYLE('',(#12506));
#12506 = FILL_AREA_STYLE_COLOUR('',#11705);
#12507 = CURVE_STYLE('',#12508,POSITIVE_LENGTH_MEASURE(0.1),#11705);
#12508 = DRAUGHTING_PRE_DEFINED_CURVE_FONT('continuous');
#12509 = STYLED_ITEM('color',(#12510),#5801);
#12510 = PRESENTATION_STYLE_ASSIGNMENT((#12511,#12516));
#12511 = SURFACE_STYLE_USAGE(.BOTH.,#12512);
#12512 = SURFACE_SIDE_STYLE('',(#12513));
#12513 = SURFACE_STYLE_FILL_AREA(#12514);
#12514 = FILL_AREA_STYLE('',(#12515));
#12515 = FILL_AREA_STYLE_COLOUR('',#12083);
#12516 = CURVE_STYLE('',#12517,POSITIVE_LENGTH_MEASURE(0.1),#12083);
#12517 = DRAUGHTING_PRE_DEFINED_CURVE_FONT('continuous');
#12518 = STYLED_ITEM('color',(#12519),#5813);
#12519 = PRESENTATION_STYLE_ASSIGNMENT((#12520,#12525));
#12520 = SURFACE_STYLE_USAGE(.BOTH.,#12521);
#12521 = SURFACE_SIDE_STYLE('',(#12522));
#12522 = SURFACE_STYLE_FILL_AREA(#12523);
#12523 = FILL_AREA_STYLE('',(#12524));
#12524 = FILL_AREA_STYLE_COLOUR('',#11705);
#12525 = CURVE_STYLE('',#12526,POSITIVE_LENGTH_MEASURE(0.1),#11705);
#12526 = DRAUGHTING_PRE_DEFINED_CURVE_FONT('continuous');
#12527 = STYLED_ITEM('color',(#12528),#5830);
#12528 = PRESENTATION_STYLE_ASSIGNMENT((#12529,#12534));
#12529 = SURFACE_STYLE_USAGE(.BOTH.,#12530);
#12530 = SURFACE_SIDE_STYLE('',(#12531));
#12531 = SURFACE_STYLE_FILL_AREA(#12532);
#12532 = FILL_AREA_STYLE('',(#12533));
#12533 = FILL_AREA_STYLE_COLOUR('',#11705);
#12534 = CURVE_STYLE('',#12535,POSITIVE_LENGTH_MEASURE(0.1),#11705);
#12535 = DRAUGHTING_PRE_DEFINED_CURVE_FONT('continuous');
#12536 = STYLED_ITEM('color',(#12537),#5847);
#12537 = PRESENTATION_STYLE_ASSIGNMENT((#12538,#12543));
#12538 = SURFACE_STYLE_USAGE(.BOTH.,#12539);
#12539 = SURFACE_SIDE_STYLE('',(#12540));
#12540 = SURFACE_STYLE_FILL_AREA(#12541);
#12541 = FILL_AREA_STYLE('',(#12542));
#12542 = FILL_AREA_STYLE_COLOUR('',#11705);
#12543 = CURVE_STYLE('',#12544,POSITIVE_LENGTH_MEASURE(0.1),#11705);
#12544 = DRAUGHTING_PRE_DEFINED_CURVE_FONT('continuous');
#12545 = STYLED_ITEM('color',(#12546),#5864);
#12546 = PRESENTATION_STYLE_ASSIGNMENT((#12547,#12552));
#12547 = SURFACE_STYLE_USAGE(.BOTH.,#12548);
#12548 = SURFACE_SIDE_STYLE('',(#12549));
#12549 = SURFACE_STYLE_FILL_AREA(#12550);
#12550 = FILL_AREA_STYLE('',(#12551));
#12551 = FILL_AREA_STYLE_COLOUR('',#11705);
#12552 = CURVE_STYLE('',#12553,POSITIVE_LENGTH_MEASURE(0.1),#11705);
#12553 = DRAUGHTING_PRE_DEFINED_CURVE_FONT('continuous');
#12554 = STYLED_ITEM('color',(#12555),#5881);
#12555 = PRESENTATION_STYLE_ASSIGNMENT((#12556,#12561));
#12556 = SURFACE_STYLE_USAGE(.BOTH.,#12557);
#12557 = SURFACE_SIDE_STYLE('',(#12558));
#12558 = SURFACE_STYLE_FILL_AREA(#12559);
#12559 = FILL_AREA_STYLE('',(#12560));
#12560 = FILL_AREA_STYLE_COLOUR('',#11705);
#12561 = CURVE_STYLE('',#12562,POSITIVE_LENGTH_MEASURE(0.1),#11705);
#12562 = DRAUGHTING_PRE_DEFINED_CURVE_FONT('continuous');
#12563 = STYLED_ITEM('color',(#12564),#5898);
#12564 = PRESENTATION_STYLE_ASSIGNMENT((#12565,#12570));
#12565 = SURFACE_STYLE_USAGE(.BOTH.,#12566);
#12566 = SURFACE_SIDE_STYLE('',(#12567));
#12567 = SURFACE_STYLE_FILL_AREA(#12568);
#12568 = FILL_AREA_STYLE('',(#12569));
#12569 = FILL_AREA_STYLE_COLOUR('',#11705);
#12570 = CURVE_STYLE('',#12571,POSITIVE_LENGTH_MEASURE(0.1),#11705);
#12571 = DRAUGHTING_PRE_DEFINED_CURVE_FONT('continuous');
#12572 = STYLED_ITEM('color',(#12573),#5915);
#12573 = PRESENTATION_STYLE_ASSIGNMENT((#12574,#12579));
#12574 = SURFACE_STYLE_USAGE(.BOTH.,#12575);
#12575 = SURFACE_SIDE_STYLE('',(#12576));
#12576 = SURFACE_STYLE_FILL_AREA(#12577);
#12577 = FILL_AREA_STYLE('',(#12578));
#12578 = FILL_AREA_STYLE_COLOUR('',#11705);
#12579 = CURVE_STYLE('',#12580,POSITIVE_LENGTH_MEASURE(0.1),#11705);
#12580 = DRAUGHTING_PRE_DEFINED_CURVE_FONT('continuous');
#12581 = STYLED_ITEM('color',(#12582),#5927);
#12582 = PRESENTATION_STYLE_ASSIGNMENT((#12583,#12588));
#12583 = SURFACE_STYLE_USAGE(.BOTH.,#12584);
#12584 = SURFACE_SIDE_STYLE('',(#12585));
#12585 = SURFACE_STYLE_FILL_AREA(#12586);
#12586 = FILL_AREA_STYLE('',(#12587));
#12587 = FILL_AREA_STYLE_COLOUR('',#11705);
#12588 = CURVE_STYLE('',#12589,POSITIVE_LENGTH_MEASURE(0.1),#11705);
#12589 = DRAUGHTING_PRE_DEFINED_CURVE_FONT('continuous');
#12590 = STYLED_ITEM('color',(#12591),#5944);
#12591 = PRESENTATION_STYLE_ASSIGNMENT((#12592,#12597));
#12592 = SURFACE_STYLE_USAGE(.BOTH.,#12593);
#12593 = SURFACE_SIDE_STYLE('',(#12594));
#12594 = SURFACE_STYLE_FILL_AREA(#12595);
#12595 = FILL_AREA_STYLE('',(#12596));
#12596 = FILL_AREA_STYLE_COLOUR('',#11705);
#12597 = CURVE_STYLE('',#12598,POSITIVE_LENGTH_MEASURE(0.1),#11705);
#12598 = DRAUGHTING_PRE_DEFINED_CURVE_FONT('continuous');
#12599 = STYLED_ITEM('color',(#12600),#5961);
#12600 = PRESENTATION_STYLE_ASSIGNMENT((#12601,#12606));
#12601 = SURFACE_STYLE_USAGE(.BOTH.,#12602);
#12602 = SURFACE_SIDE_STYLE('',(#12603));
#12603 = SURFACE_STYLE_FILL_AREA(#12604);
#12604 = FILL_AREA_STYLE('',(#12605));
#12605 = FILL_AREA_STYLE_COLOUR('',#11705);
#12606 = CURVE_STYLE('',#12607,POSITIVE_LENGTH_MEASURE(0.1),#11705);
#12607 = DRAUGHTING_PRE_DEFINED_CURVE_FONT('continuous');
#12608 = STYLED_ITEM('color',(#12609),#5978);
#12609 = PRESENTATION_STYLE_ASSIGNMENT((#12610,#12615));
#12610 = SURFACE_STYLE_USAGE(.BOTH.,#12611);
#12611 = SURFACE_SIDE_STYLE('',(#12612));
#12612 = SURFACE_STYLE_FILL_AREA(#12613);
#12613 = FILL_AREA_STYLE('',(#12614));
#12614 = FILL_AREA_STYLE_COLOUR('',#11705);
#12615 = CURVE_STYLE('',#12616,POSITIVE_LENGTH_MEASURE(0.1),#11705);
#12616 = DRAUGHTING_PRE_DEFINED_CURVE_FONT('continuous');
#12617 = STYLED_ITEM('color',(#12618),#5995);
#12618 = PRESENTATION_STYLE_ASSIGNMENT((#12619,#12624));
#12619 = SURFACE_STYLE_USAGE(.BOTH.,#12620);
#12620 = SURFACE_SIDE_STYLE('',(#12621));
#12621 = SURFACE_STYLE_FILL_AREA(#12622);
#12622 = FILL_AREA_STYLE('',(#12623));
#12623 = FILL_AREA_STYLE_COLOUR('',#11705);
#12624 = CURVE_STYLE('',#12625,POSITIVE_LENGTH_MEASURE(0.1),#11705);
#12625 = DRAUGHTING_PRE_DEFINED_CURVE_FONT('continuous');
#12626 = STYLED_ITEM('color',(#12627),#6012);
#12627 = PRESENTATION_STYLE_ASSIGNMENT((#12628,#12633));
#12628 = SURFACE_STYLE_USAGE(.BOTH.,#12629);
#12629 = SURFACE_SIDE_STYLE('',(#12630));
#12630 = SURFACE_STYLE_FILL_AREA(#12631);
#12631 = FILL_AREA_STYLE('',(#12632));
#12632 = FILL_AREA_STYLE_COLOUR('',#11705);
#12633 = CURVE_STYLE('',#12634,POSITIVE_LENGTH_MEASURE(0.1),#11705);
#12634 = DRAUGHTING_PRE_DEFINED_CURVE_FONT('continuous');
#12635 = STYLED_ITEM('color',(#12636),#6024);
#12636 = PRESENTATION_STYLE_ASSIGNMENT((#12637,#12642));
#12637 = SURFACE_STYLE_USAGE(.BOTH.,#12638);
#12638 = SURFACE_SIDE_STYLE('',(#12639));
#12639 = SURFACE_STYLE_FILL_AREA(#12640);
#12640 = FILL_AREA_STYLE('',(#12641));
#12641 = FILL_AREA_STYLE_COLOUR('',#11705);
#12642 = CURVE_STYLE('',#12643,POSITIVE_LENGTH_MEASURE(0.1),#11705);
#12643 = DRAUGHTING_PRE_DEFINED_CURVE_FONT('continuous');
#12644 = STYLED_ITEM('color',(#12645),#6041);
#12645 = PRESENTATION_STYLE_ASSIGNMENT((#12646,#12651));
#12646 = SURFACE_STYLE_USAGE(.BOTH.,#12647);
#12647 = SURFACE_SIDE_STYLE('',(#12648));
#12648 = SURFACE_STYLE_FILL_AREA(#12649);
#12649 = FILL_AREA_STYLE('',(#12650));
#12650 = FILL_AREA_STYLE_COLOUR('',#11705);
#12651 = CURVE_STYLE('',#12652,POSITIVE_LENGTH_MEASURE(0.1),#11705);
#12652 = DRAUGHTING_PRE_DEFINED_CURVE_FONT('continuous');
#12653 = STYLED_ITEM('color',(#12654),#6058);
#12654 = PRESENTATION_STYLE_ASSIGNMENT((#12655,#12660));
#12655 = SURFACE_STYLE_USAGE(.BOTH.,#12656);
#12656 = SURFACE_SIDE_STYLE('',(#12657));
#12657 = SURFACE_STYLE_FILL_AREA(#12658);
#12658 = FILL_AREA_STYLE('',(#12659));
#12659 = FILL_AREA_STYLE_COLOUR('',#11705);
#12660 = CURVE_STYLE('',#12661,POSITIVE_LENGTH_MEASURE(0.1),#11705);
#12661 = DRAUGHTING_PRE_DEFINED_CURVE_FONT('continuous');
#12662 = STYLED_ITEM('color',(#12663),#6075);
#12663 = PRESENTATION_STYLE_ASSIGNMENT((#12664,#12669));
#12664 = SURFACE_STYLE_USAGE(.BOTH.,#12665);
#12665 = SURFACE_SIDE_STYLE('',(#12666));
#12666 = SURFACE_STYLE_FILL_AREA(#12667);
#12667 = FILL_AREA_STYLE('',(#12668));
#12668 = FILL_AREA_STYLE_COLOUR('',#11705);
#12669 = CURVE_STYLE('',#12670,POSITIVE_LENGTH_MEASURE(0.1),#11705);
#12670 = DRAUGHTING_PRE_DEFINED_CURVE_FONT('continuous');
#12671 = STYLED_ITEM('color',(#12672),#6092);
#12672 = PRESENTATION_STYLE_ASSIGNMENT((#12673,#12678));
#12673 = SURFACE_STYLE_USAGE(.BOTH.,#12674);
#12674 = SURFACE_SIDE_STYLE('',(#12675));
#12675 = SURFACE_STYLE_FILL_AREA(#12676);
#12676 = FILL_AREA_STYLE('',(#12677));
#12677 = FILL_AREA_STYLE_COLOUR('',#11705);
#12678 = CURVE_STYLE('',#12679,POSITIVE_LENGTH_MEASURE(0.1),#11705);
#12679 = DRAUGHTING_PRE_DEFINED_CURVE_FONT('continuous');
#12680 = STYLED_ITEM('color',(#12681),#6109);
#12681 = PRESENTATION_STYLE_ASSIGNMENT((#12682,#12687));
#12682 = SURFACE_STYLE_USAGE(.BOTH.,#12683);
#12683 = SURFACE_SIDE_STYLE('',(#12684));
#12684 = SURFACE_STYLE_FILL_AREA(#12685);
#12685 = FILL_AREA_STYLE('',(#12686));
#12686 = FILL_AREA_STYLE_COLOUR('',#11705);
#12687 = CURVE_STYLE('',#12688,POSITIVE_LENGTH_MEASURE(0.1),#11705);
#12688 = DRAUGHTING_PRE_DEFINED_CURVE_FONT('continuous');
#12689 = STYLED_ITEM('color',(#12690),#6121);
#12690 = PRESENTATION_STYLE_ASSIGNMENT((#12691,#12697));
#12691 = SURFACE_STYLE_USAGE(.BOTH.,#12692);
#12692 = SURFACE_SIDE_STYLE('',(#12693));
#12693 = SURFACE_STYLE_FILL_AREA(#12694);
#12694 = FILL_AREA_STYLE('',(#12695));
#12695 = FILL_AREA_STYLE_COLOUR('',#12696);
#12696 = COLOUR_RGB('',0.690999998585,0.664000007176,0.597999987832);
#12697 = CURVE_STYLE('',#12698,POSITIVE_LENGTH_MEASURE(0.1),#12696);
#12698 = DRAUGHTING_PRE_DEFINED_CURVE_FONT('continuous');
#12699 = MECHANICAL_DESIGN_GEOMETRIC_PRESENTATION_REPRESENTATION('',(
    #12700,#12708,#12715,#12722,#12729,#12736,#12743,#12750,#12757,
    #12764,#12771,#12778,#12785,#12792,#12800,#12807,#12814,#12821,
    #12828,#12835,#12842,#12849,#12856,#12863,#12870,#12877,#12884,
    #12891,#12898,#12905,#12912,#12919,#12926,#12933,#12940,#12947,
    #12954,#12961,#12968,#12975,#12982,#12989,#12996,#13003,#13010,
    #13017,#13024,#13031,#13038,#13045,#13052,#13059,#13066,#13073,
    #13080,#13087,#13094,#13101,#13108,#13115,#13122,#13129,#13136,
    #13143,#13150,#13157,#13164,#13171),#3259);
#12700 = STYLED_ITEM('color',(#12701),#994);
#12701 = PRESENTATION_STYLE_ASSIGNMENT((#12702));
#12702 = SURFACE_STYLE_USAGE(.BOTH.,#12703);
#12703 = SURFACE_SIDE_STYLE('',(#12704));
#12704 = SURFACE_STYLE_FILL_AREA(#12705);
#12705 = FILL_AREA_STYLE('',(#12706));
#12706 = FILL_AREA_STYLE_COLOUR('',#12707);
#12707 = COLOUR_RGB('',0.893999996942,0.890999961016,0.813000030345);
#12708 = STYLED_ITEM('color',(#12709),#1053);
#12709 = PRESENTATION_STYLE_ASSIGNMENT((#12710));
#12710 = SURFACE_STYLE_USAGE(.BOTH.,#12711);
#12711 = SURFACE_SIDE_STYLE('',(#12712));
#12712 = SURFACE_STYLE_FILL_AREA(#12713);
#12713 = FILL_AREA_STYLE('',(#12714));
#12714 = FILL_AREA_STYLE_COLOUR('',#12707);
#12715 = STYLED_ITEM('color',(#12716),#1078);
#12716 = PRESENTATION_STYLE_ASSIGNMENT((#12717));
#12717 = SURFACE_STYLE_USAGE(.BOTH.,#12718);
#12718 = SURFACE_SIDE_STYLE('',(#12719));
#12719 = SURFACE_STYLE_FILL_AREA(#12720);
#12720 = FILL_AREA_STYLE('',(#12721));
#12721 = FILL_AREA_STYLE_COLOUR('',#12707);
#12722 = STYLED_ITEM('color',(#12723),#1111);
#12723 = PRESENTATION_STYLE_ASSIGNMENT((#12724));
#12724 = SURFACE_STYLE_USAGE(.BOTH.,#12725);
#12725 = SURFACE_SIDE_STYLE('',(#12726));
#12726 = SURFACE_STYLE_FILL_AREA(#12727);
#12727 = FILL_AREA_STYLE('',(#12728));
#12728 = FILL_AREA_STYLE_COLOUR('',#12707);
#12729 = STYLED_ITEM('color',(#12730),#1136);
#12730 = PRESENTATION_STYLE_ASSIGNMENT((#12731));
#12731 = SURFACE_STYLE_USAGE(.BOTH.,#12732);
#12732 = SURFACE_SIDE_STYLE('',(#12733));
#12733 = SURFACE_STYLE_FILL_AREA(#12734);
#12734 = FILL_AREA_STYLE('',(#12735));
#12735 = FILL_AREA_STYLE_COLOUR('',#12707);
#12736 = STYLED_ITEM('color',(#12737),#1161);
#12737 = PRESENTATION_STYLE_ASSIGNMENT((#12738));
#12738 = SURFACE_STYLE_USAGE(.BOTH.,#12739);
#12739 = SURFACE_SIDE_STYLE('',(#12740));
#12740 = SURFACE_STYLE_FILL_AREA(#12741);
#12741 = FILL_AREA_STYLE('',(#12742));
#12742 = FILL_AREA_STYLE_COLOUR('',#12707);
#12743 = STYLED_ITEM('color',(#12744),#1186);
#12744 = PRESENTATION_STYLE_ASSIGNMENT((#12745));
#12745 = SURFACE_STYLE_USAGE(.BOTH.,#12746);
#12746 = SURFACE_SIDE_STYLE('',(#12747));
#12747 = SURFACE_STYLE_FILL_AREA(#12748);
#12748 = FILL_AREA_STYLE('',(#12749));
#12749 = FILL_AREA_STYLE_COLOUR('',#12707);
#12750 = STYLED_ITEM('color',(#12751),#1203);
#12751 = PRESENTATION_STYLE_ASSIGNMENT((#12752));
#12752 = SURFACE_STYLE_USAGE(.BOTH.,#12753);
#12753 = SURFACE_SIDE_STYLE('',(#12754));
#12754 = SURFACE_STYLE_FILL_AREA(#12755);
#12755 = FILL_AREA_STYLE('',(#12756));
#12756 = FILL_AREA_STYLE_COLOUR('',#12707);
#12757 = STYLED_ITEM('color',(#12758),#1228);
#12758 = PRESENTATION_STYLE_ASSIGNMENT((#12759));
#12759 = SURFACE_STYLE_USAGE(.BOTH.,#12760);
#12760 = SURFACE_SIDE_STYLE('',(#12761));
#12761 = SURFACE_STYLE_FILL_AREA(#12762);
#12762 = FILL_AREA_STYLE('',(#12763));
#12763 = FILL_AREA_STYLE_COLOUR('',#12707);
#12764 = STYLED_ITEM('color',(#12765),#1259);
#12765 = PRESENTATION_STYLE_ASSIGNMENT((#12766));
#12766 = SURFACE_STYLE_USAGE(.BOTH.,#12767);
#12767 = SURFACE_SIDE_STYLE('',(#12768));
#12768 = SURFACE_STYLE_FILL_AREA(#12769);
#12769 = FILL_AREA_STYLE('',(#12770));
#12770 = FILL_AREA_STYLE_COLOUR('',#12707);
#12771 = STYLED_ITEM('color',(#12772),#1299);
#12772 = PRESENTATION_STYLE_ASSIGNMENT((#12773));
#12773 = SURFACE_STYLE_USAGE(.BOTH.,#12774);
#12774 = SURFACE_SIDE_STYLE('',(#12775));
#12775 = SURFACE_STYLE_FILL_AREA(#12776);
#12776 = FILL_AREA_STYLE('',(#12777));
#12777 = FILL_AREA_STYLE_COLOUR('',#12707);
#12778 = STYLED_ITEM('color',(#12779),#1430);
#12779 = PRESENTATION_STYLE_ASSIGNMENT((#12780));
#12780 = SURFACE_STYLE_USAGE(.BOTH.,#12781);
#12781 = SURFACE_SIDE_STYLE('',(#12782));
#12782 = SURFACE_STYLE_FILL_AREA(#12783);
#12783 = FILL_AREA_STYLE('',(#12784));
#12784 = FILL_AREA_STYLE_COLOUR('',#12707);
#12785 = STYLED_ITEM('color',(#12786),#1554);
#12786 = PRESENTATION_STYLE_ASSIGNMENT((#12787));
#12787 = SURFACE_STYLE_USAGE(.BOTH.,#12788);
#12788 = SURFACE_SIDE_STYLE('',(#12789));
#12789 = SURFACE_STYLE_FILL_AREA(#12790);
#12790 = FILL_AREA_STYLE('',(#12791));
#12791 = FILL_AREA_STYLE_COLOUR('',#12707);
#12792 = STYLED_ITEM('color',(#12793),#1571);
#12793 = PRESENTATION_STYLE_ASSIGNMENT((#12794));
#12794 = SURFACE_STYLE_USAGE(.BOTH.,#12795);
#12795 = SURFACE_SIDE_STYLE('',(#12796));
#12796 = SURFACE_STYLE_FILL_AREA(#12797);
#12797 = FILL_AREA_STYLE('',(#12798));
#12798 = FILL_AREA_STYLE_COLOUR('',#12799);
#12799 = COLOUR_RGB('',0.136999991899,0.40200001271,0.726999997272);
#12800 = STYLED_ITEM('color',(#12801),#1580);
#12801 = PRESENTATION_STYLE_ASSIGNMENT((#12802));
#12802 = SURFACE_STYLE_USAGE(.BOTH.,#12803);
#12803 = SURFACE_SIDE_STYLE('',(#12804));
#12804 = SURFACE_STYLE_FILL_AREA(#12805);
#12805 = FILL_AREA_STYLE('',(#12806));
#12806 = FILL_AREA_STYLE_COLOUR('',#12707);
#12807 = STYLED_ITEM('color',(#12808),#1591);
#12808 = PRESENTATION_STYLE_ASSIGNMENT((#12809));
#12809 = SURFACE_STYLE_USAGE(.BOTH.,#12810);
#12810 = SURFACE_SIDE_STYLE('',(#12811));
#12811 = SURFACE_STYLE_FILL_AREA(#12812);
#12812 = FILL_AREA_STYLE('',(#12813));
#12813 = FILL_AREA_STYLE_COLOUR('',#12707);
#12814 = STYLED_ITEM('color',(#12815),#1759);
#12815 = PRESENTATION_STYLE_ASSIGNMENT((#12816));
#12816 = SURFACE_STYLE_USAGE(.BOTH.,#12817);
#12817 = SURFACE_SIDE_STYLE('',(#12818));
#12818 = SURFACE_STYLE_FILL_AREA(#12819);
#12819 = FILL_AREA_STYLE('',(#12820));
#12820 = FILL_AREA_STYLE_COLOUR('',#11705);
#12821 = STYLED_ITEM('color',(#12822),#1790);
#12822 = PRESENTATION_STYLE_ASSIGNMENT((#12823));
#12823 = SURFACE_STYLE_USAGE(.BOTH.,#12824);
#12824 = SURFACE_SIDE_STYLE('',(#12825));
#12825 = SURFACE_STYLE_FILL_AREA(#12826);
#12826 = FILL_AREA_STYLE('',(#12827));
#12827 = FILL_AREA_STYLE_COLOUR('',#11705);
#12828 = STYLED_ITEM('color',(#12829),#1821);
#12829 = PRESENTATION_STYLE_ASSIGNMENT((#12830));
#12830 = SURFACE_STYLE_USAGE(.BOTH.,#12831);
#12831 = SURFACE_SIDE_STYLE('',(#12832));
#12832 = SURFACE_STYLE_FILL_AREA(#12833);
#12833 = FILL_AREA_STYLE('',(#12834));
#12834 = FILL_AREA_STYLE_COLOUR('',#11705);
#12835 = STYLED_ITEM('color',(#12836),#1852);
#12836 = PRESENTATION_STYLE_ASSIGNMENT((#12837));
#12837 = SURFACE_STYLE_USAGE(.BOTH.,#12838);
#12838 = SURFACE_SIDE_STYLE('',(#12839));
#12839 = SURFACE_STYLE_FILL_AREA(#12840);
#12840 = FILL_AREA_STYLE('',(#12841));
#12841 = FILL_AREA_STYLE_COLOUR('',#11705);
#12842 = STYLED_ITEM('color',(#12843),#1937);
#12843 = PRESENTATION_STYLE_ASSIGNMENT((#12844));
#12844 = SURFACE_STYLE_USAGE(.BOTH.,#12845);
#12845 = SURFACE_SIDE_STYLE('',(#12846));
#12846 = SURFACE_STYLE_FILL_AREA(#12847);
#12847 = FILL_AREA_STYLE('',(#12848));
#12848 = FILL_AREA_STYLE_COLOUR('',#11705);
#12849 = STYLED_ITEM('color',(#12850),#1961);
#12850 = PRESENTATION_STYLE_ASSIGNMENT((#12851));
#12851 = SURFACE_STYLE_USAGE(.BOTH.,#12852);
#12852 = SURFACE_SIDE_STYLE('',(#12853));
#12853 = SURFACE_STYLE_FILL_AREA(#12854);
#12854 = FILL_AREA_STYLE('',(#12855));
#12855 = FILL_AREA_STYLE_COLOUR('',#11705);
#12856 = STYLED_ITEM('color',(#12857),#2039);
#12857 = PRESENTATION_STYLE_ASSIGNMENT((#12858));
#12858 = SURFACE_STYLE_USAGE(.BOTH.,#12859);
#12859 = SURFACE_SIDE_STYLE('',(#12860));
#12860 = SURFACE_STYLE_FILL_AREA(#12861);
#12861 = FILL_AREA_STYLE('',(#12862));
#12862 = FILL_AREA_STYLE_COLOUR('',#11705);
#12863 = STYLED_ITEM('color',(#12864),#2070);
#12864 = PRESENTATION_STYLE_ASSIGNMENT((#12865));
#12865 = SURFACE_STYLE_USAGE(.BOTH.,#12866);
#12866 = SURFACE_SIDE_STYLE('',(#12867));
#12867 = SURFACE_STYLE_FILL_AREA(#12868);
#12868 = FILL_AREA_STYLE('',(#12869));
#12869 = FILL_AREA_STYLE_COLOUR('',#11705);
#12870 = STYLED_ITEM('color',(#12871),#2155);
#12871 = PRESENTATION_STYLE_ASSIGNMENT((#12872));
#12872 = SURFACE_STYLE_USAGE(.BOTH.,#12873);
#12873 = SURFACE_SIDE_STYLE('',(#12874));
#12874 = SURFACE_STYLE_FILL_AREA(#12875);
#12875 = FILL_AREA_STYLE('',(#12876));
#12876 = FILL_AREA_STYLE_COLOUR('',#11705);
#12877 = STYLED_ITEM('color',(#12878),#2179);
#12878 = PRESENTATION_STYLE_ASSIGNMENT((#12879));
#12879 = SURFACE_STYLE_USAGE(.BOTH.,#12880);
#12880 = SURFACE_SIDE_STYLE('',(#12881));
#12881 = SURFACE_STYLE_FILL_AREA(#12882);
#12882 = FILL_AREA_STYLE('',(#12883));
#12883 = FILL_AREA_STYLE_COLOUR('',#11705);
#12884 = STYLED_ITEM('color',(#12885),#2257);
#12885 = PRESENTATION_STYLE_ASSIGNMENT((#12886));
#12886 = SURFACE_STYLE_USAGE(.BOTH.,#12887);
#12887 = SURFACE_SIDE_STYLE('',(#12888));
#12888 = SURFACE_STYLE_FILL_AREA(#12889);
#12889 = FILL_AREA_STYLE('',(#12890));
#12890 = FILL_AREA_STYLE_COLOUR('',#11705);
#12891 = STYLED_ITEM('color',(#12892),#2288);
#12892 = PRESENTATION_STYLE_ASSIGNMENT((#12893));
#12893 = SURFACE_STYLE_USAGE(.BOTH.,#12894);
#12894 = SURFACE_SIDE_STYLE('',(#12895));
#12895 = SURFACE_STYLE_FILL_AREA(#12896);
#12896 = FILL_AREA_STYLE('',(#12897));
#12897 = FILL_AREA_STYLE_COLOUR('',#11705);
#12898 = STYLED_ITEM('color',(#12899),#2319);
#12899 = PRESENTATION_STYLE_ASSIGNMENT((#12900));
#12900 = SURFACE_STYLE_USAGE(.BOTH.,#12901);
#12901 = SURFACE_SIDE_STYLE('',(#12902));
#12902 = SURFACE_STYLE_FILL_AREA(#12903);
#12903 = FILL_AREA_STYLE('',(#12904));
#12904 = FILL_AREA_STYLE_COLOUR('',#11705);
#12905 = STYLED_ITEM('color',(#12906),#2350);
#12906 = PRESENTATION_STYLE_ASSIGNMENT((#12907));
#12907 = SURFACE_STYLE_USAGE(.BOTH.,#12908);
#12908 = SURFACE_SIDE_STYLE('',(#12909));
#12909 = SURFACE_STYLE_FILL_AREA(#12910);
#12910 = FILL_AREA_STYLE('',(#12911));
#12911 = FILL_AREA_STYLE_COLOUR('',#11705);
#12912 = STYLED_ITEM('color',(#12913),#2435);
#12913 = PRESENTATION_STYLE_ASSIGNMENT((#12914));
#12914 = SURFACE_STYLE_USAGE(.BOTH.,#12915);
#12915 = SURFACE_SIDE_STYLE('',(#12916));
#12916 = SURFACE_STYLE_FILL_AREA(#12917);
#12917 = FILL_AREA_STYLE('',(#12918));
#12918 = FILL_AREA_STYLE_COLOUR('',#11705);
#12919 = STYLED_ITEM('color',(#12920),#2459);
#12920 = PRESENTATION_STYLE_ASSIGNMENT((#12921));
#12921 = SURFACE_STYLE_USAGE(.BOTH.,#12922);
#12922 = SURFACE_SIDE_STYLE('',(#12923));
#12923 = SURFACE_STYLE_FILL_AREA(#12924);
#12924 = FILL_AREA_STYLE('',(#12925));
#12925 = FILL_AREA_STYLE_COLOUR('',#11705);
#12926 = STYLED_ITEM('color',(#12927),#2537);
#12927 = PRESENTATION_STYLE_ASSIGNMENT((#12928));
#12928 = SURFACE_STYLE_USAGE(.BOTH.,#12929);
#12929 = SURFACE_SIDE_STYLE('',(#12930));
#12930 = SURFACE_STYLE_FILL_AREA(#12931);
#12931 = FILL_AREA_STYLE('',(#12932));
#12932 = FILL_AREA_STYLE_COLOUR('',#11705);
#12933 = STYLED_ITEM('color',(#12934),#2568);
#12934 = PRESENTATION_STYLE_ASSIGNMENT((#12935));
#12935 = SURFACE_STYLE_USAGE(.BOTH.,#12936);
#12936 = SURFACE_SIDE_STYLE('',(#12937));
#12937 = SURFACE_STYLE_FILL_AREA(#12938);
#12938 = FILL_AREA_STYLE('',(#12939));
#12939 = FILL_AREA_STYLE_COLOUR('',#11705);
#12940 = STYLED_ITEM('color',(#12941),#2653);
#12941 = PRESENTATION_STYLE_ASSIGNMENT((#12942));
#12942 = SURFACE_STYLE_USAGE(.BOTH.,#12943);
#12943 = SURFACE_SIDE_STYLE('',(#12944));
#12944 = SURFACE_STYLE_FILL_AREA(#12945);
#12945 = FILL_AREA_STYLE('',(#12946));
#12946 = FILL_AREA_STYLE_COLOUR('',#11705);
#12947 = STYLED_ITEM('color',(#12948),#2677);
#12948 = PRESENTATION_STYLE_ASSIGNMENT((#12949));
#12949 = SURFACE_STYLE_USAGE(.BOTH.,#12950);
#12950 = SURFACE_SIDE_STYLE('',(#12951));
#12951 = SURFACE_STYLE_FILL_AREA(#12952);
#12952 = FILL_AREA_STYLE('',(#12953));
#12953 = FILL_AREA_STYLE_COLOUR('',#11705);
#12954 = STYLED_ITEM('color',(#12955),#2755);
#12955 = PRESENTATION_STYLE_ASSIGNMENT((#12956));
#12956 = SURFACE_STYLE_USAGE(.BOTH.,#12957);
#12957 = SURFACE_SIDE_STYLE('',(#12958));
#12958 = SURFACE_STYLE_FILL_AREA(#12959);
#12959 = FILL_AREA_STYLE('',(#12960));
#12960 = FILL_AREA_STYLE_COLOUR('',#11705);
#12961 = STYLED_ITEM('color',(#12962),#2772);
#12962 = PRESENTATION_STYLE_ASSIGNMENT((#12963));
#12963 = SURFACE_STYLE_USAGE(.BOTH.,#12964);
#12964 = SURFACE_SIDE_STYLE('',(#12965));
#12965 = SURFACE_STYLE_FILL_AREA(#12966);
#12966 = FILL_AREA_STYLE('',(#12967));
#12967 = FILL_AREA_STYLE_COLOUR('',#11705);
#12968 = STYLED_ITEM('color',(#12969),#2789);
#12969 = PRESENTATION_STYLE_ASSIGNMENT((#12970));
#12970 = SURFACE_STYLE_USAGE(.BOTH.,#12971);
#12971 = SURFACE_SIDE_STYLE('',(#12972));
#12972 = SURFACE_STYLE_FILL_AREA(#12973);
#12973 = FILL_AREA_STYLE('',(#12974));
#12974 = FILL_AREA_STYLE_COLOUR('',#11705);
#12975 = STYLED_ITEM('color',(#12976),#2806);
#12976 = PRESENTATION_STYLE_ASSIGNMENT((#12977));
#12977 = SURFACE_STYLE_USAGE(.BOTH.,#12978);
#12978 = SURFACE_SIDE_STYLE('',(#12979));
#12979 = SURFACE_STYLE_FILL_AREA(#12980);
#12980 = FILL_AREA_STYLE('',(#12981));
#12981 = FILL_AREA_STYLE_COLOUR('',#11705);
#12982 = STYLED_ITEM('color',(#12983),#2823);
#12983 = PRESENTATION_STYLE_ASSIGNMENT((#12984));
#12984 = SURFACE_STYLE_USAGE(.BOTH.,#12985);
#12985 = SURFACE_SIDE_STYLE('',(#12986));
#12986 = SURFACE_STYLE_FILL_AREA(#12987);
#12987 = FILL_AREA_STYLE('',(#12988));
#12988 = FILL_AREA_STYLE_COLOUR('',#11705);
#12989 = STYLED_ITEM('color',(#12990),#2840);
#12990 = PRESENTATION_STYLE_ASSIGNMENT((#12991));
#12991 = SURFACE_STYLE_USAGE(.BOTH.,#12992);
#12992 = SURFACE_SIDE_STYLE('',(#12993));
#12993 = SURFACE_STYLE_FILL_AREA(#12994);
#12994 = FILL_AREA_STYLE('',(#12995));
#12995 = FILL_AREA_STYLE_COLOUR('',#11705);
#12996 = STYLED_ITEM('color',(#12997),#2857);
#12997 = PRESENTATION_STYLE_ASSIGNMENT((#12998));
#12998 = SURFACE_STYLE_USAGE(.BOTH.,#12999);
#12999 = SURFACE_SIDE_STYLE('',(#13000));
#13000 = SURFACE_STYLE_FILL_AREA(#13001);
#13001 = FILL_AREA_STYLE('',(#13002));
#13002 = FILL_AREA_STYLE_COLOUR('',#11705);
#13003 = STYLED_ITEM('color',(#13004),#2874);
#13004 = PRESENTATION_STYLE_ASSIGNMENT((#13005));
#13005 = SURFACE_STYLE_USAGE(.BOTH.,#13006);
#13006 = SURFACE_SIDE_STYLE('',(#13007));
#13007 = SURFACE_STYLE_FILL_AREA(#13008);
#13008 = FILL_AREA_STYLE('',(#13009));
#13009 = FILL_AREA_STYLE_COLOUR('',#11705);
#13010 = STYLED_ITEM('color',(#13011),#2896);
#13011 = PRESENTATION_STYLE_ASSIGNMENT((#13012));
#13012 = SURFACE_STYLE_USAGE(.BOTH.,#13013);
#13013 = SURFACE_SIDE_STYLE('',(#13014));
#13014 = SURFACE_STYLE_FILL_AREA(#13015);
#13015 = FILL_AREA_STYLE('',(#13016));
#13016 = FILL_AREA_STYLE_COLOUR('',#11705);
#13017 = STYLED_ITEM('color',(#13018),#2908);
#13018 = PRESENTATION_STYLE_ASSIGNMENT((#13019));
#13019 = SURFACE_STYLE_USAGE(.BOTH.,#13020);
#13020 = SURFACE_SIDE_STYLE('',(#13021));
#13021 = SURFACE_STYLE_FILL_AREA(#13022);
#13022 = FILL_AREA_STYLE('',(#13023));
#13023 = FILL_AREA_STYLE_COLOUR('',#11705);
#13024 = STYLED_ITEM('color',(#13025),#2920);
#13025 = PRESENTATION_STYLE_ASSIGNMENT((#13026));
#13026 = SURFACE_STYLE_USAGE(.BOTH.,#13027);
#13027 = SURFACE_SIDE_STYLE('',(#13028));
#13028 = SURFACE_STYLE_FILL_AREA(#13029);
#13029 = FILL_AREA_STYLE('',(#13030));
#13030 = FILL_AREA_STYLE_COLOUR('',#11705);
#13031 = STYLED_ITEM('color',(#13032),#2937);
#13032 = PRESENTATION_STYLE_ASSIGNMENT((#13033));
#13033 = SURFACE_STYLE_USAGE(.BOTH.,#13034);
#13034 = SURFACE_SIDE_STYLE('',(#13035));
#13035 = SURFACE_STYLE_FILL_AREA(#13036);
#13036 = FILL_AREA_STYLE('',(#13037));
#13037 = FILL_AREA_STYLE_COLOUR('',#11705);
#13038 = STYLED_ITEM('color',(#13039),#2949);
#13039 = PRESENTATION_STYLE_ASSIGNMENT((#13040));
#13040 = SURFACE_STYLE_USAGE(.BOTH.,#13041);
#13041 = SURFACE_SIDE_STYLE('',(#13042));
#13042 = SURFACE_STYLE_FILL_AREA(#13043);
#13043 = FILL_AREA_STYLE('',(#13044));
#13044 = FILL_AREA_STYLE_COLOUR('',#11705);
#13045 = STYLED_ITEM('color',(#13046),#2966);
#13046 = PRESENTATION_STYLE_ASSIGNMENT((#13047));
#13047 = SURFACE_STYLE_USAGE(.BOTH.,#13048);
#13048 = SURFACE_SIDE_STYLE('',(#13049));
#13049 = SURFACE_STYLE_FILL_AREA(#13050);
#13050 = FILL_AREA_STYLE('',(#13051));
#13051 = FILL_AREA_STYLE_COLOUR('',#11705);
#13052 = STYLED_ITEM('color',(#13053),#2988);
#13053 = PRESENTATION_STYLE_ASSIGNMENT((#13054));
#13054 = SURFACE_STYLE_USAGE(.BOTH.,#13055);
#13055 = SURFACE_SIDE_STYLE('',(#13056));
#13056 = SURFACE_STYLE_FILL_AREA(#13057);
#13057 = FILL_AREA_STYLE('',(#13058));
#13058 = FILL_AREA_STYLE_COLOUR('',#11705);
#13059 = STYLED_ITEM('color',(#13060),#3000);
#13060 = PRESENTATION_STYLE_ASSIGNMENT((#13061));
#13061 = SURFACE_STYLE_USAGE(.BOTH.,#13062);
#13062 = SURFACE_SIDE_STYLE('',(#13063));
#13063 = SURFACE_STYLE_FILL_AREA(#13064);
#13064 = FILL_AREA_STYLE('',(#13065));
#13065 = FILL_AREA_STYLE_COLOUR('',#11705);
#13066 = STYLED_ITEM('color',(#13067),#3017);
#13067 = PRESENTATION_STYLE_ASSIGNMENT((#13068));
#13068 = SURFACE_STYLE_USAGE(.BOTH.,#13069);
#13069 = SURFACE_SIDE_STYLE('',(#13070));
#13070 = SURFACE_STYLE_FILL_AREA(#13071);
#13071 = FILL_AREA_STYLE('',(#13072));
#13072 = FILL_AREA_STYLE_COLOUR('',#11705);
#13073 = STYLED_ITEM('color',(#13074),#3029);
#13074 = PRESENTATION_STYLE_ASSIGNMENT((#13075));
#13075 = SURFACE_STYLE_USAGE(.BOTH.,#13076);
#13076 = SURFACE_SIDE_STYLE('',(#13077));
#13077 = SURFACE_STYLE_FILL_AREA(#13078);
#13078 = FILL_AREA_STYLE('',(#13079));
#13079 = FILL_AREA_STYLE_COLOUR('',#11705);
#13080 = STYLED_ITEM('color',(#13081),#3041);
#13081 = PRESENTATION_STYLE_ASSIGNMENT((#13082));
#13082 = SURFACE_STYLE_USAGE(.BOTH.,#13083);
#13083 = SURFACE_SIDE_STYLE('',(#13084));
#13084 = SURFACE_STYLE_FILL_AREA(#13085);
#13085 = FILL_AREA_STYLE('',(#13086));
#13086 = FILL_AREA_STYLE_COLOUR('',#11705);
#13087 = STYLED_ITEM('color',(#13088),#3058);
#13088 = PRESENTATION_STYLE_ASSIGNMENT((#13089));
#13089 = SURFACE_STYLE_USAGE(.BOTH.,#13090);
#13090 = SURFACE_SIDE_STYLE('',(#13091));
#13091 = SURFACE_STYLE_FILL_AREA(#13092);
#13092 = FILL_AREA_STYLE('',(#13093));
#13093 = FILL_AREA_STYLE_COLOUR('',#11705);
#13094 = STYLED_ITEM('color',(#13095),#3075);
#13095 = PRESENTATION_STYLE_ASSIGNMENT((#13096));
#13096 = SURFACE_STYLE_USAGE(.BOTH.,#13097);
#13097 = SURFACE_SIDE_STYLE('',(#13098));
#13098 = SURFACE_STYLE_FILL_AREA(#13099);
#13099 = FILL_AREA_STYLE('',(#13100));
#13100 = FILL_AREA_STYLE_COLOUR('',#11705);
#13101 = STYLED_ITEM('color',(#13102),#3092);
#13102 = PRESENTATION_STYLE_ASSIGNMENT((#13103));
#13103 = SURFACE_STYLE_USAGE(.BOTH.,#13104);
#13104 = SURFACE_SIDE_STYLE('',(#13105));
#13105 = SURFACE_STYLE_FILL_AREA(#13106);
#13106 = FILL_AREA_STYLE('',(#13107));
#13107 = FILL_AREA_STYLE_COLOUR('',#11705);
#13108 = STYLED_ITEM('color',(#13109),#3114);
#13109 = PRESENTATION_STYLE_ASSIGNMENT((#13110));
#13110 = SURFACE_STYLE_USAGE(.BOTH.,#13111);
#13111 = SURFACE_SIDE_STYLE('',(#13112));
#13112 = SURFACE_STYLE_FILL_AREA(#13113);
#13113 = FILL_AREA_STYLE('',(#13114));
#13114 = FILL_AREA_STYLE_COLOUR('',#11705);
#13115 = STYLED_ITEM('color',(#13116),#3126);
#13116 = PRESENTATION_STYLE_ASSIGNMENT((#13117));
#13117 = SURFACE_STYLE_USAGE(.BOTH.,#13118);
#13118 = SURFACE_SIDE_STYLE('',(#13119));
#13119 = SURFACE_STYLE_FILL_AREA(#13120);
#13120 = FILL_AREA_STYLE('',(#13121));
#13121 = FILL_AREA_STYLE_COLOUR('',#11705);
#13122 = STYLED_ITEM('color',(#13123),#3143);
#13123 = PRESENTATION_STYLE_ASSIGNMENT((#13124));
#13124 = SURFACE_STYLE_USAGE(.BOTH.,#13125);
#13125 = SURFACE_SIDE_STYLE('',(#13126));
#13126 = SURFACE_STYLE_FILL_AREA(#13127);
#13127 = FILL_AREA_STYLE('',(#13128));
#13128 = FILL_AREA_STYLE_COLOUR('',#11705);
#13129 = STYLED_ITEM('color',(#13130),#3155);
#13130 = PRESENTATION_STYLE_ASSIGNMENT((#13131));
#13131 = SURFACE_STYLE_USAGE(.BOTH.,#13132);
#13132 = SURFACE_SIDE_STYLE('',(#13133));
#13133 = SURFACE_STYLE_FILL_AREA(#13134);
#13134 = FILL_AREA_STYLE('',(#13135));
#13135 = FILL_AREA_STYLE_COLOUR('',#11705);
#13136 = STYLED_ITEM('color',(#13137),#3167);
#13137 = PRESENTATION_STYLE_ASSIGNMENT((#13138));
#13138 = SURFACE_STYLE_USAGE(.BOTH.,#13139);
#13139 = SURFACE_SIDE_STYLE('',(#13140));
#13140 = SURFACE_STYLE_FILL_AREA(#13141);
#13141 = FILL_AREA_STYLE('',(#13142));
#13142 = FILL_AREA_STYLE_COLOUR('',#11705);
#13143 = STYLED_ITEM('color',(#13144),#3184);
#13144 = PRESENTATION_STYLE_ASSIGNMENT((#13145));
#13145 = SURFACE_STYLE_USAGE(.BOTH.,#13146);
#13146 = SURFACE_SIDE_STYLE('',(#13147));
#13147 = SURFACE_STYLE_FILL_AREA(#13148);
#13148 = FILL_AREA_STYLE('',(#13149));
#13149 = FILL_AREA_STYLE_COLOUR('',#11705);
#13150 = STYLED_ITEM('color',(#13151),#3206);
#13151 = PRESENTATION_STYLE_ASSIGNMENT((#13152));
#13152 = SURFACE_STYLE_USAGE(.BOTH.,#13153);
#13153 = SURFACE_SIDE_STYLE('',(#13154));
#13154 = SURFACE_STYLE_FILL_AREA(#13155);
#13155 = FILL_AREA_STYLE('',(#13156));
#13156 = FILL_AREA_STYLE_COLOUR('',#11705);
#13157 = STYLED_ITEM('color',(#13158),#3218);
#13158 = PRESENTATION_STYLE_ASSIGNMENT((#13159));
#13159 = SURFACE_STYLE_USAGE(.BOTH.,#13160);
#13160 = SURFACE_SIDE_STYLE('',(#13161));
#13161 = SURFACE_STYLE_FILL_AREA(#13162);
#13162 = FILL_AREA_STYLE('',(#13163));
#13163 = FILL_AREA_STYLE_COLOUR('',#11705);
#13164 = STYLED_ITEM('color',(#13165),#3235);
#13165 = PRESENTATION_STYLE_ASSIGNMENT((#13166));
#13166 = SURFACE_STYLE_USAGE(.BOTH.,#13167);
#13167 = SURFACE_SIDE_STYLE('',(#13168));
#13168 = SURFACE_STYLE_FILL_AREA(#13169);
#13169 = FILL_AREA_STYLE('',(#13170));
#13170 = FILL_AREA_STYLE_COLOUR('',#11705);
#13171 = STYLED_ITEM('color',(#13172),#3247);
#13172 = PRESENTATION_STYLE_ASSIGNMENT((#13173));
#13173 = SURFACE_STYLE_USAGE(.BOTH.,#13174);
#13174 = SURFACE_SIDE_STYLE('',(#13175));
#13175 = SURFACE_STYLE_FILL_AREA(#13176);
#13176 = FILL_AREA_STYLE('',(#13177));
#13177 = FILL_AREA_STYLE_COLOUR('',#11705);
#13178 = MECHANICAL_DESIGN_GEOMETRIC_PRESENTATION_REPRESENTATION('',(
    #13179,#13186,#13193,#13200,#13207,#13214,#13221,#13228,#13235,
    #13242,#13249,#13257,#13264,#13271,#13278,#13285,#13292,#13299,
    #13306,#13313,#13320,#13327,#13334,#13341,#13348,#13355,#13362,
    #13369),#950);
#13179 = STYLED_ITEM('color',(#13180),#98);
#13180 = PRESENTATION_STYLE_ASSIGNMENT((#13181));
#13181 = SURFACE_STYLE_USAGE(.BOTH.,#13182);
#13182 = SURFACE_SIDE_STYLE('',(#13183));
#13183 = SURFACE_STYLE_FILL_AREA(#13184);
#13184 = FILL_AREA_STYLE('',(#13185));
#13185 = FILL_AREA_STYLE_COLOUR('',#11705);
#13186 = STYLED_ITEM('color',(#13187),#174);
#13187 = PRESENTATION_STYLE_ASSIGNMENT((#13188));
#13188 = SURFACE_STYLE_USAGE(.BOTH.,#13189);
#13189 = SURFACE_SIDE_STYLE('',(#13190));
#13190 = SURFACE_STYLE_FILL_AREA(#13191);
#13191 = FILL_AREA_STYLE('',(#13192));
#13192 = FILL_AREA_STYLE_COLOUR('',#11705);
#13193 = STYLED_ITEM('color',(#13194),#205);
#13194 = PRESENTATION_STYLE_ASSIGNMENT((#13195));
#13195 = SURFACE_STYLE_USAGE(.BOTH.,#13196);
#13196 = SURFACE_SIDE_STYLE('',(#13197));
#13197 = SURFACE_STYLE_FILL_AREA(#13198);
#13198 = FILL_AREA_STYLE('',(#13199));
#13199 = FILL_AREA_STYLE_COLOUR('',#11705);
#13200 = STYLED_ITEM('color',(#13201),#230);
#13201 = PRESENTATION_STYLE_ASSIGNMENT((#13202));
#13202 = SURFACE_STYLE_USAGE(.BOTH.,#13203);
#13203 = SURFACE_SIDE_STYLE('',(#13204));
#13204 = SURFACE_STYLE_FILL_AREA(#13205);
#13205 = FILL_AREA_STYLE('',(#13206));
#13206 = FILL_AREA_STYLE_COLOUR('',#11705);
#13207 = STYLED_ITEM('color',(#13208),#255);
#13208 = PRESENTATION_STYLE_ASSIGNMENT((#13209));
#13209 = SURFACE_STYLE_USAGE(.BOTH.,#13210);
#13210 = SURFACE_SIDE_STYLE('',(#13211));
#13211 = SURFACE_STYLE_FILL_AREA(#13212);
#13212 = FILL_AREA_STYLE('',(#13213));
#13213 = FILL_AREA_STYLE_COLOUR('',#11705);
#13214 = STYLED_ITEM('color',(#13215),#279);
#13215 = PRESENTATION_STYLE_ASSIGNMENT((#13216));
#13216 = SURFACE_STYLE_USAGE(.BOTH.,#13217);
#13217 = SURFACE_SIDE_STYLE('',(#13218));
#13218 = SURFACE_STYLE_FILL_AREA(#13219);
#13219 = FILL_AREA_STYLE('',(#13220));
#13220 = FILL_AREA_STYLE_COLOUR('',#11705);
#13221 = STYLED_ITEM('color',(#13222),#303);
#13222 = PRESENTATION_STYLE_ASSIGNMENT((#13223));
#13223 = SURFACE_STYLE_USAGE(.BOTH.,#13224);
#13224 = SURFACE_SIDE_STYLE('',(#13225));
#13225 = SURFACE_STYLE_FILL_AREA(#13226);
#13226 = FILL_AREA_STYLE('',(#13227));
#13227 = FILL_AREA_STYLE_COLOUR('',#11705);
#13228 = STYLED_ITEM('color',(#13229),#328);
#13229 = PRESENTATION_STYLE_ASSIGNMENT((#13230));
#13230 = SURFACE_STYLE_USAGE(.BOTH.,#13231);
#13231 = SURFACE_SIDE_STYLE('',(#13232));
#13232 = SURFACE_STYLE_FILL_AREA(#13233);
#13233 = FILL_AREA_STYLE('',(#13234));
#13234 = FILL_AREA_STYLE_COLOUR('',#11705);
#13235 = STYLED_ITEM('color',(#13236),#353);
#13236 = PRESENTATION_STYLE_ASSIGNMENT((#13237));
#13237 = SURFACE_STYLE_USAGE(.BOTH.,#13238);
#13238 = SURFACE_SIDE_STYLE('',(#13239));
#13239 = SURFACE_STYLE_FILL_AREA(#13240);
#13240 = FILL_AREA_STYLE('',(#13241));
#13241 = FILL_AREA_STYLE_COLOUR('',#11705);
#13242 = STYLED_ITEM('color',(#13243),#370);
#13243 = PRESENTATION_STYLE_ASSIGNMENT((#13244));
#13244 = SURFACE_STYLE_USAGE(.BOTH.,#13245);
#13245 = SURFACE_SIDE_STYLE('',(#13246));
#13246 = SURFACE_STYLE_FILL_AREA(#13247);
#13247 = FILL_AREA_STYLE('',(#13248));
#13248 = FILL_AREA_STYLE_COLOUR('',#11705);
#13249 = STYLED_ITEM('color',(#13250),#456);
#13250 = PRESENTATION_STYLE_ASSIGNMENT((#13251));
#13251 = SURFACE_STYLE_USAGE(.BOTH.,#13252);
#13252 = SURFACE_SIDE_STYLE('',(#13253));
#13253 = SURFACE_STYLE_FILL_AREA(#13254);
#13254 = FILL_AREA_STYLE('',(#13255));
#13255 = FILL_AREA_STYLE_COLOUR('',#13256);
#13256 = COLOUR_RGB('',0.379000005575,0.270000008848,0.214999999939);
#13257 = STYLED_ITEM('color',(#13258),#488);
#13258 = PRESENTATION_STYLE_ASSIGNMENT((#13259));
#13259 = SURFACE_STYLE_USAGE(.BOTH.,#13260);
#13260 = SURFACE_SIDE_STYLE('',(#13261));
#13261 = SURFACE_STYLE_FILL_AREA(#13262);
#13262 = FILL_AREA_STYLE('',(#13263));
#13263 = FILL_AREA_STYLE_COLOUR('',#13256);
#13264 = STYLED_ITEM('color',(#13265),#512);
#13265 = PRESENTATION_STYLE_ASSIGNMENT((#13266));
#13266 = SURFACE_STYLE_USAGE(.BOTH.,#13267);
#13267 = SURFACE_SIDE_STYLE('',(#13268));
#13268 = SURFACE_STYLE_FILL_AREA(#13269);
#13269 = FILL_AREA_STYLE('',(#13270));
#13270 = FILL_AREA_STYLE_COLOUR('',#13256);
#13271 = STYLED_ITEM('color',(#13272),#537);
#13272 = PRESENTATION_STYLE_ASSIGNMENT((#13273));
#13273 = SURFACE_STYLE_USAGE(.BOTH.,#13274);
#13274 = SURFACE_SIDE_STYLE('',(#13275));
#13275 = SURFACE_STYLE_FILL_AREA(#13276);
#13276 = FILL_AREA_STYLE('',(#13277));
#13277 = FILL_AREA_STYLE_COLOUR('',#13256);
#13278 = STYLED_ITEM('color',(#13279),#561);
#13279 = PRESENTATION_STYLE_ASSIGNMENT((#13280));
#13280 = SURFACE_STYLE_USAGE(.BOTH.,#13281);
#13281 = SURFACE_SIDE_STYLE('',(#13282));
#13282 = SURFACE_STYLE_FILL_AREA(#13283);
#13283 = FILL_AREA_STYLE('',(#13284));
#13284 = FILL_AREA_STYLE_COLOUR('',#13256);
#13285 = STYLED_ITEM('color',(#13286),#586);
#13286 = PRESENTATION_STYLE_ASSIGNMENT((#13287));
#13287 = SURFACE_STYLE_USAGE(.BOTH.,#13288);
#13288 = SURFACE_SIDE_STYLE('',(#13289));
#13289 = SURFACE_STYLE_FILL_AREA(#13290);
#13290 = FILL_AREA_STYLE('',(#13291));
#13291 = FILL_AREA_STYLE_COLOUR('',#13256);
#13292 = STYLED_ITEM('color',(#13293),#610);
#13293 = PRESENTATION_STYLE_ASSIGNMENT((#13294));
#13294 = SURFACE_STYLE_USAGE(.BOTH.,#13295);
#13295 = SURFACE_SIDE_STYLE('',(#13296));
#13296 = SURFACE_STYLE_FILL_AREA(#13297);
#13297 = FILL_AREA_STYLE('',(#13298));
#13298 = FILL_AREA_STYLE_COLOUR('',#13256);
#13299 = STYLED_ITEM('color',(#13300),#635);
#13300 = PRESENTATION_STYLE_ASSIGNMENT((#13301));
#13301 = SURFACE_STYLE_USAGE(.BOTH.,#13302);
#13302 = SURFACE_SIDE_STYLE('',(#13303));
#13303 = SURFACE_STYLE_FILL_AREA(#13304);
#13304 = FILL_AREA_STYLE('',(#13305));
#13305 = FILL_AREA_STYLE_COLOUR('',#13256);
#13306 = STYLED_ITEM('color',(#13307),#652);
#13307 = PRESENTATION_STYLE_ASSIGNMENT((#13308));
#13308 = SURFACE_STYLE_USAGE(.BOTH.,#13309);
#13309 = SURFACE_SIDE_STYLE('',(#13310));
#13310 = SURFACE_STYLE_FILL_AREA(#13311);
#13311 = FILL_AREA_STYLE('',(#13312));
#13312 = FILL_AREA_STYLE_COLOUR('',#11705);
#13313 = STYLED_ITEM('color',(#13314),#738);
#13314 = PRESENTATION_STYLE_ASSIGNMENT((#13315));
#13315 = SURFACE_STYLE_USAGE(.BOTH.,#13316);
#13316 = SURFACE_SIDE_STYLE('',(#13317));
#13317 = SURFACE_STYLE_FILL_AREA(#13318);
#13318 = FILL_AREA_STYLE('',(#13319));
#13319 = FILL_AREA_STYLE_COLOUR('',#11705);
#13320 = STYLED_ITEM('color',(#13321),#769);
#13321 = PRESENTATION_STYLE_ASSIGNMENT((#13322));
#13322 = SURFACE_STYLE_USAGE(.BOTH.,#13323);
#13323 = SURFACE_SIDE_STYLE('',(#13324));
#13324 = SURFACE_STYLE_FILL_AREA(#13325);
#13325 = FILL_AREA_STYLE('',(#13326));
#13326 = FILL_AREA_STYLE_COLOUR('',#11705);
#13327 = STYLED_ITEM('color',(#13328),#794);
#13328 = PRESENTATION_STYLE_ASSIGNMENT((#13329));
#13329 = SURFACE_STYLE_USAGE(.BOTH.,#13330);
#13330 = SURFACE_SIDE_STYLE('',(#13331));
#13331 = SURFACE_STYLE_FILL_AREA(#13332);
#13332 = FILL_AREA_STYLE('',(#13333));
#13333 = FILL_AREA_STYLE_COLOUR('',#11705);
#13334 = STYLED_ITEM('color',(#13335),#819);
#13335 = PRESENTATION_STYLE_ASSIGNMENT((#13336));
#13336 = SURFACE_STYLE_USAGE(.BOTH.,#13337);
#13337 = SURFACE_SIDE_STYLE('',(#13338));
#13338 = SURFACE_STYLE_FILL_AREA(#13339);
#13339 = FILL_AREA_STYLE('',(#13340));
#13340 = FILL_AREA_STYLE_COLOUR('',#11705);
#13341 = STYLED_ITEM('color',(#13342),#843);
#13342 = PRESENTATION_STYLE_ASSIGNMENT((#13343));
#13343 = SURFACE_STYLE_USAGE(.BOTH.,#13344);
#13344 = SURFACE_SIDE_STYLE('',(#13345));
#13345 = SURFACE_STYLE_FILL_AREA(#13346);
#13346 = FILL_AREA_STYLE('',(#13347));
#13347 = FILL_AREA_STYLE_COLOUR('',#11705);
#13348 = STYLED_ITEM('color',(#13349),#867);
#13349 = PRESENTATION_STYLE_ASSIGNMENT((#13350));
#13350 = SURFACE_STYLE_USAGE(.BOTH.,#13351);
#13351 = SURFACE_SIDE_STYLE('',(#13352));
#13352 = SURFACE_STYLE_FILL_AREA(#13353);
#13353 = FILL_AREA_STYLE('',(#13354));
#13354 = FILL_AREA_STYLE_COLOUR('',#11705);
#13355 = STYLED_ITEM('color',(#13356),#892);
#13356 = PRESENTATION_STYLE_ASSIGNMENT((#13357));
#13357 = SURFACE_STYLE_USAGE(.BOTH.,#13358);
#13358 = SURFACE_SIDE_STYLE('',(#13359));
#13359 = SURFACE_STYLE_FILL_AREA(#13360);
#13360 = FILL_AREA_STYLE('',(#13361));
#13361 = FILL_AREA_STYLE_COLOUR('',#11705);
#13362 = STYLED_ITEM('color',(#13363),#917);
#13363 = PRESENTATION_STYLE_ASSIGNMENT((#13364));
#13364 = SURFACE_STYLE_USAGE(.BOTH.,#13365);
#13365 = SURFACE_SIDE_STYLE('',(#13366));
#13366 = SURFACE_STYLE_FILL_AREA(#13367);
#13367 = FILL_AREA_STYLE('',(#13368));
#13368 = FILL_AREA_STYLE_COLOUR('',#11705);
#13369 = STYLED_ITEM('color',(#13370),#934);
#13370 = PRESENTATION_STYLE_ASSIGNMENT((#13371));
#13371 = SURFACE_STYLE_USAGE(.BOTH.,#13372);
#13372 = SURFACE_SIDE_STYLE('',(#13373));
#13373 = SURFACE_STYLE_FILL_AREA(#13374);
#13374 = FILL_AREA_STYLE('',(#13375));
#13375 = FILL_AREA_STYLE_COLOUR('',#11705);
#13376 = MECHANICAL_DESIGN_GEOMETRIC_PRESENTATION_REPRESENTATION('',(
    #13377,#13386,#13395,#13404,#13413,#13422,#13432,#13441,#13450,
    #13459,#13468,#13477,#13487,#13496,#13505,#13514,#13523,#13532,
    #13541,#13550,#13559,#13568,#13577,#13586,#13595,#13604,#13613,
    #13622,#13631,#13640,#13649,#13658,#13667,#13676,#13685,#13694,
    #13703,#13712,#13721,#13730,#13739,#13748,#13757,#13766,#13775,
    #13784,#13793,#13802,#13811,#13820,#13829,#13838,#13847,#13856,
    #13865,#13874,#13883,#13892,#13901,#13910,#13919,#13928,#13937,
    #13946,#13955,#13964,#13973,#13982,#13991,#14000,#14009,#14018,
    #14027,#14036,#14045,#14054,#14063,#14072,#14081,#14090,#14099,
    #14108,#14117,#14126,#14135,#14144,#14153,#14162,#14171,#14180,
    #14189,#14198,#14207,#14216,#14225,#14234,#14243,#14252,#14261,
    #14270,#14279,#14288,#14297,#14306,#14315,#14324,#14333,#14342,
    #14351,#14360,#14369,#14378,#14387,#14396,#14405,#14414,#14423,
    #14432,#14441,#14450,#14459,#14468,#14477,#14486,#14495,#14504,
    #14513,#14522,#14531,#14540,#14549,#14558),#11241);
#13377 = STYLED_ITEM('color',(#13378),#7011);
#13378 = PRESENTATION_STYLE_ASSIGNMENT((#13379,#13384));
#13379 = SURFACE_STYLE_USAGE(.BOTH.,#13380);
#13380 = SURFACE_SIDE_STYLE('',(#13381));
#13381 = SURFACE_STYLE_FILL_AREA(#13382);
#13382 = FILL_AREA_STYLE('',(#13383));
#13383 = FILL_AREA_STYLE_COLOUR('',#12083);
#13384 = CURVE_STYLE('',#13385,POSITIVE_LENGTH_MEASURE(0.1),#12083);
#13385 = DRAUGHTING_PRE_DEFINED_CURVE_FONT('continuous');
#13386 = STYLED_ITEM('color',(#13387),#7051);
#13387 = PRESENTATION_STYLE_ASSIGNMENT((#13388,#13393));
#13388 = SURFACE_STYLE_USAGE(.BOTH.,#13389);
#13389 = SURFACE_SIDE_STYLE('',(#13390));
#13390 = SURFACE_STYLE_FILL_AREA(#13391);
#13391 = FILL_AREA_STYLE('',(#13392));
#13392 = FILL_AREA_STYLE_COLOUR('',#12083);
#13393 = CURVE_STYLE('',#13394,POSITIVE_LENGTH_MEASURE(0.1),#12083);
#13394 = DRAUGHTING_PRE_DEFINED_CURVE_FONT('continuous');
#13395 = STYLED_ITEM('color',(#13396),#7194);
#13396 = PRESENTATION_STYLE_ASSIGNMENT((#13397,#13402));
#13397 = SURFACE_STYLE_USAGE(.BOTH.,#13398);
#13398 = SURFACE_SIDE_STYLE('',(#13399));
#13399 = SURFACE_STYLE_FILL_AREA(#13400);
#13400 = FILL_AREA_STYLE('',(#13401));
#13401 = FILL_AREA_STYLE_COLOUR('',#12083);
#13402 = CURVE_STYLE('',#13403,POSITIVE_LENGTH_MEASURE(0.1),#12083);
#13403 = DRAUGHTING_PRE_DEFINED_CURVE_FONT('continuous');
#13404 = STYLED_ITEM('color',(#13405),#7337);
#13405 = PRESENTATION_STYLE_ASSIGNMENT((#13406,#13411));
#13406 = SURFACE_STYLE_USAGE(.BOTH.,#13407);
#13407 = SURFACE_SIDE_STYLE('',(#13408));
#13408 = SURFACE_STYLE_FILL_AREA(#13409);
#13409 = FILL_AREA_STYLE('',(#13410));
#13410 = FILL_AREA_STYLE_COLOUR('',#12083);
#13411 = CURVE_STYLE('',#13412,POSITIVE_LENGTH_MEASURE(0.1),#12083);
#13412 = DRAUGHTING_PRE_DEFINED_CURVE_FONT('continuous');
#13413 = STYLED_ITEM('color',(#13414),#7446);
#13414 = PRESENTATION_STYLE_ASSIGNMENT((#13415,#13420));
#13415 = SURFACE_STYLE_USAGE(.BOTH.,#13416);
#13416 = SURFACE_SIDE_STYLE('',(#13417));
#13417 = SURFACE_STYLE_FILL_AREA(#13418);
#13418 = FILL_AREA_STYLE('',(#13419));
#13419 = FILL_AREA_STYLE_COLOUR('',#12083);
#13420 = CURVE_STYLE('',#13421,POSITIVE_LENGTH_MEASURE(0.1),#12083);
#13421 = DRAUGHTING_PRE_DEFINED_CURVE_FONT('continuous');
#13422 = STYLED_ITEM('color',(#13423),#7559);
#13423 = PRESENTATION_STYLE_ASSIGNMENT((#13424,#13430));
#13424 = SURFACE_STYLE_USAGE(.BOTH.,#13425);
#13425 = SURFACE_SIDE_STYLE('',(#13426));
#13426 = SURFACE_STYLE_FILL_AREA(#13427);
#13427 = FILL_AREA_STYLE('',(#13428));
#13428 = FILL_AREA_STYLE_COLOUR('',#13429);
#13429 = COLOUR_RGB('',0.858999988747,0.738000004258,0.496000005009);
#13430 = CURVE_STYLE('',#13431,POSITIVE_LENGTH_MEASURE(0.1),#13429);
#13431 = DRAUGHTING_PRE_DEFINED_CURVE_FONT('continuous');
#13432 = STYLED_ITEM('color',(#13433),#7590);
#13433 = PRESENTATION_STYLE_ASSIGNMENT((#13434,#13439));
#13434 = SURFACE_STYLE_USAGE(.BOTH.,#13435);
#13435 = SURFACE_SIDE_STYLE('',(#13436));
#13436 = SURFACE_STYLE_FILL_AREA(#13437);
#13437 = FILL_AREA_STYLE('',(#13438));
#13438 = FILL_AREA_STYLE_COLOUR('',#13429);
#13439 = CURVE_STYLE('',#13440,POSITIVE_LENGTH_MEASURE(0.1),#13429);
#13440 = DRAUGHTING_PRE_DEFINED_CURVE_FONT('continuous');
#13441 = STYLED_ITEM('color',(#13442),#7614);
#13442 = PRESENTATION_STYLE_ASSIGNMENT((#13443,#13448));
#13443 = SURFACE_STYLE_USAGE(.BOTH.,#13444);
#13444 = SURFACE_SIDE_STYLE('',(#13445));
#13445 = SURFACE_STYLE_FILL_AREA(#13446);
#13446 = FILL_AREA_STYLE('',(#13447));
#13447 = FILL_AREA_STYLE_COLOUR('',#13429);
#13448 = CURVE_STYLE('',#13449,POSITIVE_LENGTH_MEASURE(0.1),#13429);
#13449 = DRAUGHTING_PRE_DEFINED_CURVE_FONT('continuous');
#13450 = STYLED_ITEM('color',(#13451),#7638);
#13451 = PRESENTATION_STYLE_ASSIGNMENT((#13452,#13457));
#13452 = SURFACE_STYLE_USAGE(.BOTH.,#13453);
#13453 = SURFACE_SIDE_STYLE('',(#13454));
#13454 = SURFACE_STYLE_FILL_AREA(#13455);
#13455 = FILL_AREA_STYLE('',(#13456));
#13456 = FILL_AREA_STYLE_COLOUR('',#13429);
#13457 = CURVE_STYLE('',#13458,POSITIVE_LENGTH_MEASURE(0.1),#13429);
#13458 = DRAUGHTING_PRE_DEFINED_CURVE_FONT('continuous');
#13459 = STYLED_ITEM('color',(#13460),#7669);
#13460 = PRESENTATION_STYLE_ASSIGNMENT((#13461,#13466));
#13461 = SURFACE_STYLE_USAGE(.BOTH.,#13462);
#13462 = SURFACE_SIDE_STYLE('',(#13463));
#13463 = SURFACE_STYLE_FILL_AREA(#13464);
#13464 = FILL_AREA_STYLE('',(#13465));
#13465 = FILL_AREA_STYLE_COLOUR('',#13429);
#13466 = CURVE_STYLE('',#13467,POSITIVE_LENGTH_MEASURE(0.1),#13429);
#13467 = DRAUGHTING_PRE_DEFINED_CURVE_FONT('continuous');
#13468 = STYLED_ITEM('color',(#13469),#7693);
#13469 = PRESENTATION_STYLE_ASSIGNMENT((#13470,#13475));
#13470 = SURFACE_STYLE_USAGE(.BOTH.,#13471);
#13471 = SURFACE_SIDE_STYLE('',(#13472));
#13472 = SURFACE_STYLE_FILL_AREA(#13473);
#13473 = FILL_AREA_STYLE('',(#13474));
#13474 = FILL_AREA_STYLE_COLOUR('',#13429);
#13475 = CURVE_STYLE('',#13476,POSITIVE_LENGTH_MEASURE(0.1),#13429);
#13476 = DRAUGHTING_PRE_DEFINED_CURVE_FONT('continuous');
#13477 = STYLED_ITEM('color',(#13478),#7717);
#13478 = PRESENTATION_STYLE_ASSIGNMENT((#13479,#13485));
#13479 = SURFACE_STYLE_USAGE(.BOTH.,#13480);
#13480 = SURFACE_SIDE_STYLE('',(#13481));
#13481 = SURFACE_STYLE_FILL_AREA(#13482);
#13482 = FILL_AREA_STYLE('',(#13483));
#13483 = FILL_AREA_STYLE_COLOUR('',#13484);
#13484 = COLOUR_RGB('',0.507540004841,0.507540004841,0.507540004841);
#13485 = CURVE_STYLE('',#13486,POSITIVE_LENGTH_MEASURE(0.1),#13484);
#13486 = DRAUGHTING_PRE_DEFINED_CURVE_FONT('continuous');
#13487 = STYLED_ITEM('color',(#13488),#7748);
#13488 = PRESENTATION_STYLE_ASSIGNMENT((#13489,#13494));
#13489 = SURFACE_STYLE_USAGE(.BOTH.,#13490);
#13490 = SURFACE_SIDE_STYLE('',(#13491));
#13491 = SURFACE_STYLE_FILL_AREA(#13492);
#13492 = FILL_AREA_STYLE('',(#13493));
#13493 = FILL_AREA_STYLE_COLOUR('',#12083);
#13494 = CURVE_STYLE('',#13495,POSITIVE_LENGTH_MEASURE(0.1),#12083);
#13495 = DRAUGHTING_PRE_DEFINED_CURVE_FONT('continuous');
#13496 = STYLED_ITEM('color',(#13497),#7779);
#13497 = PRESENTATION_STYLE_ASSIGNMENT((#13498,#13503));
#13498 = SURFACE_STYLE_USAGE(.BOTH.,#13499);
#13499 = SURFACE_SIDE_STYLE('',(#13500));
#13500 = SURFACE_STYLE_FILL_AREA(#13501);
#13501 = FILL_AREA_STYLE('',(#13502));
#13502 = FILL_AREA_STYLE_COLOUR('',#12083);
#13503 = CURVE_STYLE('',#13504,POSITIVE_LENGTH_MEASURE(0.1),#12083);
#13504 = DRAUGHTING_PRE_DEFINED_CURVE_FONT('continuous');
#13505 = STYLED_ITEM('color',(#13506),#7803);
#13506 = PRESENTATION_STYLE_ASSIGNMENT((#13507,#13512));
#13507 = SURFACE_STYLE_USAGE(.BOTH.,#13508);
#13508 = SURFACE_SIDE_STYLE('',(#13509));
#13509 = SURFACE_STYLE_FILL_AREA(#13510);
#13510 = FILL_AREA_STYLE('',(#13511));
#13511 = FILL_AREA_STYLE_COLOUR('',#12083);
#13512 = CURVE_STYLE('',#13513,POSITIVE_LENGTH_MEASURE(0.1),#12083);
#13513 = DRAUGHTING_PRE_DEFINED_CURVE_FONT('continuous');
#13514 = STYLED_ITEM('color',(#13515),#7827);
#13515 = PRESENTATION_STYLE_ASSIGNMENT((#13516,#13521));
#13516 = SURFACE_STYLE_USAGE(.BOTH.,#13517);
#13517 = SURFACE_SIDE_STYLE('',(#13518));
#13518 = SURFACE_STYLE_FILL_AREA(#13519);
#13519 = FILL_AREA_STYLE('',(#13520));
#13520 = FILL_AREA_STYLE_COLOUR('',#12083);
#13521 = CURVE_STYLE('',#13522,POSITIVE_LENGTH_MEASURE(0.1),#12083);
#13522 = DRAUGHTING_PRE_DEFINED_CURVE_FONT('continuous');
#13523 = STYLED_ITEM('color',(#13524),#7945);
#13524 = PRESENTATION_STYLE_ASSIGNMENT((#13525,#13530));
#13525 = SURFACE_STYLE_USAGE(.BOTH.,#13526);
#13526 = SURFACE_SIDE_STYLE('',(#13527));
#13527 = SURFACE_STYLE_FILL_AREA(#13528);
#13528 = FILL_AREA_STYLE('',(#13529));
#13529 = FILL_AREA_STYLE_COLOUR('',#13484);
#13530 = CURVE_STYLE('',#13531,POSITIVE_LENGTH_MEASURE(0.1),#13484);
#13531 = DRAUGHTING_PRE_DEFINED_CURVE_FONT('continuous');
#13532 = STYLED_ITEM('color',(#13533),#7976);
#13533 = PRESENTATION_STYLE_ASSIGNMENT((#13534,#13539));
#13534 = SURFACE_STYLE_USAGE(.BOTH.,#13535);
#13535 = SURFACE_SIDE_STYLE('',(#13536));
#13536 = SURFACE_STYLE_FILL_AREA(#13537);
#13537 = FILL_AREA_STYLE('',(#13538));
#13538 = FILL_AREA_STYLE_COLOUR('',#12083);
#13539 = CURVE_STYLE('',#13540,POSITIVE_LENGTH_MEASURE(0.1),#12083);
#13540 = DRAUGHTING_PRE_DEFINED_CURVE_FONT('continuous');
#13541 = STYLED_ITEM('color',(#13542),#7988);
#13542 = PRESENTATION_STYLE_ASSIGNMENT((#13543,#13548));
#13543 = SURFACE_STYLE_USAGE(.BOTH.,#13544);
#13544 = SURFACE_SIDE_STYLE('',(#13545));
#13545 = SURFACE_STYLE_FILL_AREA(#13546);
#13546 = FILL_AREA_STYLE('',(#13547));
#13547 = FILL_AREA_STYLE_COLOUR('',#13429);
#13548 = CURVE_STYLE('',#13549,POSITIVE_LENGTH_MEASURE(0.1),#13429);
#13549 = DRAUGHTING_PRE_DEFINED_CURVE_FONT('continuous');
#13550 = STYLED_ITEM('color',(#13551),#8019);
#13551 = PRESENTATION_STYLE_ASSIGNMENT((#13552,#13557));
#13552 = SURFACE_STYLE_USAGE(.BOTH.,#13553);
#13553 = SURFACE_SIDE_STYLE('',(#13554));
#13554 = SURFACE_STYLE_FILL_AREA(#13555);
#13555 = FILL_AREA_STYLE('',(#13556));
#13556 = FILL_AREA_STYLE_COLOUR('',#13429);
#13557 = CURVE_STYLE('',#13558,POSITIVE_LENGTH_MEASURE(0.1),#13429);
#13558 = DRAUGHTING_PRE_DEFINED_CURVE_FONT('continuous');
#13559 = STYLED_ITEM('color',(#13560),#8043);
#13560 = PRESENTATION_STYLE_ASSIGNMENT((#13561,#13566));
#13561 = SURFACE_STYLE_USAGE(.BOTH.,#13562);
#13562 = SURFACE_SIDE_STYLE('',(#13563));
#13563 = SURFACE_STYLE_FILL_AREA(#13564);
#13564 = FILL_AREA_STYLE('',(#13565));
#13565 = FILL_AREA_STYLE_COLOUR('',#13429);
#13566 = CURVE_STYLE('',#13567,POSITIVE_LENGTH_MEASURE(0.1),#13429);
#13567 = DRAUGHTING_PRE_DEFINED_CURVE_FONT('continuous');
#13568 = STYLED_ITEM('color',(#13569),#8067);
#13569 = PRESENTATION_STYLE_ASSIGNMENT((#13570,#13575));
#13570 = SURFACE_STYLE_USAGE(.BOTH.,#13571);
#13571 = SURFACE_SIDE_STYLE('',(#13572));
#13572 = SURFACE_STYLE_FILL_AREA(#13573);
#13573 = FILL_AREA_STYLE('',(#13574));
#13574 = FILL_AREA_STYLE_COLOUR('',#13429);
#13575 = CURVE_STYLE('',#13576,POSITIVE_LENGTH_MEASURE(0.1),#13429);
#13576 = DRAUGHTING_PRE_DEFINED_CURVE_FONT('continuous');
#13577 = STYLED_ITEM('color',(#13578),#8098);
#13578 = PRESENTATION_STYLE_ASSIGNMENT((#13579,#13584));
#13579 = SURFACE_STYLE_USAGE(.BOTH.,#13580);
#13580 = SURFACE_SIDE_STYLE('',(#13581));
#13581 = SURFACE_STYLE_FILL_AREA(#13582);
#13582 = FILL_AREA_STYLE('',(#13583));
#13583 = FILL_AREA_STYLE_COLOUR('',#13429);
#13584 = CURVE_STYLE('',#13585,POSITIVE_LENGTH_MEASURE(0.1),#13429);
#13585 = DRAUGHTING_PRE_DEFINED_CURVE_FONT('continuous');
#13586 = STYLED_ITEM('color',(#13587),#8122);
#13587 = PRESENTATION_STYLE_ASSIGNMENT((#13588,#13593));
#13588 = SURFACE_STYLE_USAGE(.BOTH.,#13589);
#13589 = SURFACE_SIDE_STYLE('',(#13590));
#13590 = SURFACE_STYLE_FILL_AREA(#13591);
#13591 = FILL_AREA_STYLE('',(#13592));
#13592 = FILL_AREA_STYLE_COLOUR('',#13429);
#13593 = CURVE_STYLE('',#13594,POSITIVE_LENGTH_MEASURE(0.1),#13429);
#13594 = DRAUGHTING_PRE_DEFINED_CURVE_FONT('continuous');
#13595 = STYLED_ITEM('color',(#13596),#8146);
#13596 = PRESENTATION_STYLE_ASSIGNMENT((#13597,#13602));
#13597 = SURFACE_STYLE_USAGE(.BOTH.,#13598);
#13598 = SURFACE_SIDE_STYLE('',(#13599));
#13599 = SURFACE_STYLE_FILL_AREA(#13600);
#13600 = FILL_AREA_STYLE('',(#13601));
#13601 = FILL_AREA_STYLE_COLOUR('',#13484);
#13602 = CURVE_STYLE('',#13603,POSITIVE_LENGTH_MEASURE(0.1),#13484);
#13603 = DRAUGHTING_PRE_DEFINED_CURVE_FONT('continuous');
#13604 = STYLED_ITEM('color',(#13605),#8177);
#13605 = PRESENTATION_STYLE_ASSIGNMENT((#13606,#13611));
#13606 = SURFACE_STYLE_USAGE(.BOTH.,#13607);
#13607 = SURFACE_SIDE_STYLE('',(#13608));
#13608 = SURFACE_STYLE_FILL_AREA(#13609);
#13609 = FILL_AREA_STYLE('',(#13610));
#13610 = FILL_AREA_STYLE_COLOUR('',#12083);
#13611 = CURVE_STYLE('',#13612,POSITIVE_LENGTH_MEASURE(0.1),#12083);
#13612 = DRAUGHTING_PRE_DEFINED_CURVE_FONT('continuous');
#13613 = STYLED_ITEM('color',(#13614),#8208);
#13614 = PRESENTATION_STYLE_ASSIGNMENT((#13615,#13620));
#13615 = SURFACE_STYLE_USAGE(.BOTH.,#13616);
#13616 = SURFACE_SIDE_STYLE('',(#13617));
#13617 = SURFACE_STYLE_FILL_AREA(#13618);
#13618 = FILL_AREA_STYLE('',(#13619));
#13619 = FILL_AREA_STYLE_COLOUR('',#12083);
#13620 = CURVE_STYLE('',#13621,POSITIVE_LENGTH_MEASURE(0.1),#12083);
#13621 = DRAUGHTING_PRE_DEFINED_CURVE_FONT('continuous');
#13622 = STYLED_ITEM('color',(#13623),#8232);
#13623 = PRESENTATION_STYLE_ASSIGNMENT((#13624,#13629));
#13624 = SURFACE_STYLE_USAGE(.BOTH.,#13625);
#13625 = SURFACE_SIDE_STYLE('',(#13626));
#13626 = SURFACE_STYLE_FILL_AREA(#13627);
#13627 = FILL_AREA_STYLE('',(#13628));
#13628 = FILL_AREA_STYLE_COLOUR('',#12083);
#13629 = CURVE_STYLE('',#13630,POSITIVE_LENGTH_MEASURE(0.1),#12083);
#13630 = DRAUGHTING_PRE_DEFINED_CURVE_FONT('continuous');
#13631 = STYLED_ITEM('color',(#13632),#8256);
#13632 = PRESENTATION_STYLE_ASSIGNMENT((#13633,#13638));
#13633 = SURFACE_STYLE_USAGE(.BOTH.,#13634);
#13634 = SURFACE_SIDE_STYLE('',(#13635));
#13635 = SURFACE_STYLE_FILL_AREA(#13636);
#13636 = FILL_AREA_STYLE('',(#13637));
#13637 = FILL_AREA_STYLE_COLOUR('',#13484);
#13638 = CURVE_STYLE('',#13639,POSITIVE_LENGTH_MEASURE(0.1),#13484);
#13639 = DRAUGHTING_PRE_DEFINED_CURVE_FONT('continuous');
#13640 = STYLED_ITEM('color',(#13641),#8287);
#13641 = PRESENTATION_STYLE_ASSIGNMENT((#13642,#13647));
#13642 = SURFACE_STYLE_USAGE(.BOTH.,#13643);
#13643 = SURFACE_SIDE_STYLE('',(#13644));
#13644 = SURFACE_STYLE_FILL_AREA(#13645);
#13645 = FILL_AREA_STYLE('',(#13646));
#13646 = FILL_AREA_STYLE_COLOUR('',#13429);
#13647 = CURVE_STYLE('',#13648,POSITIVE_LENGTH_MEASURE(0.1),#13429);
#13648 = DRAUGHTING_PRE_DEFINED_CURVE_FONT('continuous');
#13649 = STYLED_ITEM('color',(#13650),#8306);
#13650 = PRESENTATION_STYLE_ASSIGNMENT((#13651,#13656));
#13651 = SURFACE_STYLE_USAGE(.BOTH.,#13652);
#13652 = SURFACE_SIDE_STYLE('',(#13653));
#13653 = SURFACE_STYLE_FILL_AREA(#13654);
#13654 = FILL_AREA_STYLE('',(#13655));
#13655 = FILL_AREA_STYLE_COLOUR('',#13429);
#13656 = CURVE_STYLE('',#13657,POSITIVE_LENGTH_MEASURE(0.1),#13429);
#13657 = DRAUGHTING_PRE_DEFINED_CURVE_FONT('continuous');
#13658 = STYLED_ITEM('color',(#13659),#8325);
#13659 = PRESENTATION_STYLE_ASSIGNMENT((#13660,#13665));
#13660 = SURFACE_STYLE_USAGE(.BOTH.,#13661);
#13661 = SURFACE_SIDE_STYLE('',(#13662));
#13662 = SURFACE_STYLE_FILL_AREA(#13663);
#13663 = FILL_AREA_STYLE('',(#13664));
#13664 = FILL_AREA_STYLE_COLOUR('',#13429);
#13665 = CURVE_STYLE('',#13666,POSITIVE_LENGTH_MEASURE(0.1),#13429);
#13666 = DRAUGHTING_PRE_DEFINED_CURVE_FONT('continuous');
#13667 = STYLED_ITEM('color',(#13668),#8344);
#13668 = PRESENTATION_STYLE_ASSIGNMENT((#13669,#13674));
#13669 = SURFACE_STYLE_USAGE(.BOTH.,#13670);
#13670 = SURFACE_SIDE_STYLE('',(#13671));
#13671 = SURFACE_STYLE_FILL_AREA(#13672);
#13672 = FILL_AREA_STYLE('',(#13673));
#13673 = FILL_AREA_STYLE_COLOUR('',#13429);
#13674 = CURVE_STYLE('',#13675,POSITIVE_LENGTH_MEASURE(0.1),#13429);
#13675 = DRAUGHTING_PRE_DEFINED_CURVE_FONT('continuous');
#13676 = STYLED_ITEM('color',(#13677),#8363);
#13677 = PRESENTATION_STYLE_ASSIGNMENT((#13678,#13683));
#13678 = SURFACE_STYLE_USAGE(.BOTH.,#13679);
#13679 = SURFACE_SIDE_STYLE('',(#13680));
#13680 = SURFACE_STYLE_FILL_AREA(#13681);
#13681 = FILL_AREA_STYLE('',(#13682));
#13682 = FILL_AREA_STYLE_COLOUR('',#13484);
#13683 = CURVE_STYLE('',#13684,POSITIVE_LENGTH_MEASURE(0.1),#13484);
#13684 = DRAUGHTING_PRE_DEFINED_CURVE_FONT('continuous');
#13685 = STYLED_ITEM('color',(#13686),#8420);
#13686 = PRESENTATION_STYLE_ASSIGNMENT((#13687,#13692));
#13687 = SURFACE_STYLE_USAGE(.BOTH.,#13688);
#13688 = SURFACE_SIDE_STYLE('',(#13689));
#13689 = SURFACE_STYLE_FILL_AREA(#13690);
#13690 = FILL_AREA_STYLE('',(#13691));
#13691 = FILL_AREA_STYLE_COLOUR('',#13484);
#13692 = CURVE_STYLE('',#13693,POSITIVE_LENGTH_MEASURE(0.1),#13484);
#13693 = DRAUGHTING_PRE_DEFINED_CURVE_FONT('continuous');
#13694 = STYLED_ITEM('color',(#13695),#8444);
#13695 = PRESENTATION_STYLE_ASSIGNMENT((#13696,#13701));
#13696 = SURFACE_STYLE_USAGE(.BOTH.,#13697);
#13697 = SURFACE_SIDE_STYLE('',(#13698));
#13698 = SURFACE_STYLE_FILL_AREA(#13699);
#13699 = FILL_AREA_STYLE('',(#13700));
#13700 = FILL_AREA_STYLE_COLOUR('',#13484);
#13701 = CURVE_STYLE('',#13702,POSITIVE_LENGTH_MEASURE(0.1),#13484);
#13702 = DRAUGHTING_PRE_DEFINED_CURVE_FONT('continuous');
#13703 = STYLED_ITEM('color',(#13704),#8468);
#13704 = PRESENTATION_STYLE_ASSIGNMENT((#13705,#13710));
#13705 = SURFACE_STYLE_USAGE(.BOTH.,#13706);
#13706 = SURFACE_SIDE_STYLE('',(#13707));
#13707 = SURFACE_STYLE_FILL_AREA(#13708);
#13708 = FILL_AREA_STYLE('',(#13709));
#13709 = FILL_AREA_STYLE_COLOUR('',#13484);
#13710 = CURVE_STYLE('',#13711,POSITIVE_LENGTH_MEASURE(0.1),#13484);
#13711 = DRAUGHTING_PRE_DEFINED_CURVE_FONT('continuous');
#13712 = STYLED_ITEM('color',(#13713),#8492);
#13713 = PRESENTATION_STYLE_ASSIGNMENT((#13714,#13719));
#13714 = SURFACE_STYLE_USAGE(.BOTH.,#13715);
#13715 = SURFACE_SIDE_STYLE('',(#13716));
#13716 = SURFACE_STYLE_FILL_AREA(#13717);
#13717 = FILL_AREA_STYLE('',(#13718));
#13718 = FILL_AREA_STYLE_COLOUR('',#13484);
#13719 = CURVE_STYLE('',#13720,POSITIVE_LENGTH_MEASURE(0.1),#13484);
#13720 = DRAUGHTING_PRE_DEFINED_CURVE_FONT('continuous');
#13721 = STYLED_ITEM('color',(#13722),#8516);
#13722 = PRESENTATION_STYLE_ASSIGNMENT((#13723,#13728));
#13723 = SURFACE_STYLE_USAGE(.BOTH.,#13724);
#13724 = SURFACE_SIDE_STYLE('',(#13725));
#13725 = SURFACE_STYLE_FILL_AREA(#13726);
#13726 = FILL_AREA_STYLE('',(#13727));
#13727 = FILL_AREA_STYLE_COLOUR('',#13484);
#13728 = CURVE_STYLE('',#13729,POSITIVE_LENGTH_MEASURE(0.1),#13484);
#13729 = DRAUGHTING_PRE_DEFINED_CURVE_FONT('continuous');
#13730 = STYLED_ITEM('color',(#13731),#8540);
#13731 = PRESENTATION_STYLE_ASSIGNMENT((#13732,#13737));
#13732 = SURFACE_STYLE_USAGE(.BOTH.,#13733);
#13733 = SURFACE_SIDE_STYLE('',(#13734));
#13734 = SURFACE_STYLE_FILL_AREA(#13735);
#13735 = FILL_AREA_STYLE('',(#13736));
#13736 = FILL_AREA_STYLE_COLOUR('',#13484);
#13737 = CURVE_STYLE('',#13738,POSITIVE_LENGTH_MEASURE(0.1),#13484);
#13738 = DRAUGHTING_PRE_DEFINED_CURVE_FONT('continuous');
#13739 = STYLED_ITEM('color',(#13740),#8564);
#13740 = PRESENTATION_STYLE_ASSIGNMENT((#13741,#13746));
#13741 = SURFACE_STYLE_USAGE(.BOTH.,#13742);
#13742 = SURFACE_SIDE_STYLE('',(#13743));
#13743 = SURFACE_STYLE_FILL_AREA(#13744);
#13744 = FILL_AREA_STYLE('',(#13745));
#13745 = FILL_AREA_STYLE_COLOUR('',#13484);
#13746 = CURVE_STYLE('',#13747,POSITIVE_LENGTH_MEASURE(0.1),#13484);
#13747 = DRAUGHTING_PRE_DEFINED_CURVE_FONT('continuous');
#13748 = STYLED_ITEM('color',(#13749),#8588);
#13749 = PRESENTATION_STYLE_ASSIGNMENT((#13750,#13755));
#13750 = SURFACE_STYLE_USAGE(.BOTH.,#13751);
#13751 = SURFACE_SIDE_STYLE('',(#13752));
#13752 = SURFACE_STYLE_FILL_AREA(#13753);
#13753 = FILL_AREA_STYLE('',(#13754));
#13754 = FILL_AREA_STYLE_COLOUR('',#13484);
#13755 = CURVE_STYLE('',#13756,POSITIVE_LENGTH_MEASURE(0.1),#13484);
#13756 = DRAUGHTING_PRE_DEFINED_CURVE_FONT('continuous');
#13757 = STYLED_ITEM('color',(#13758),#8612);
#13758 = PRESENTATION_STYLE_ASSIGNMENT((#13759,#13764));
#13759 = SURFACE_STYLE_USAGE(.BOTH.,#13760);
#13760 = SURFACE_SIDE_STYLE('',(#13761));
#13761 = SURFACE_STYLE_FILL_AREA(#13762);
#13762 = FILL_AREA_STYLE('',(#13763));
#13763 = FILL_AREA_STYLE_COLOUR('',#13484);
#13764 = CURVE_STYLE('',#13765,POSITIVE_LENGTH_MEASURE(0.1),#13484);
#13765 = DRAUGHTING_PRE_DEFINED_CURVE_FONT('continuous');
#13766 = STYLED_ITEM('color',(#13767),#8636);
#13767 = PRESENTATION_STYLE_ASSIGNMENT((#13768,#13773));
#13768 = SURFACE_STYLE_USAGE(.BOTH.,#13769);
#13769 = SURFACE_SIDE_STYLE('',(#13770));
#13770 = SURFACE_STYLE_FILL_AREA(#13771);
#13771 = FILL_AREA_STYLE('',(#13772));
#13772 = FILL_AREA_STYLE_COLOUR('',#13484);
#13773 = CURVE_STYLE('',#13774,POSITIVE_LENGTH_MEASURE(0.1),#13484);
#13774 = DRAUGHTING_PRE_DEFINED_CURVE_FONT('continuous');
#13775 = STYLED_ITEM('color',(#13776),#8660);
#13776 = PRESENTATION_STYLE_ASSIGNMENT((#13777,#13782));
#13777 = SURFACE_STYLE_USAGE(.BOTH.,#13778);
#13778 = SURFACE_SIDE_STYLE('',(#13779));
#13779 = SURFACE_STYLE_FILL_AREA(#13780);
#13780 = FILL_AREA_STYLE('',(#13781));
#13781 = FILL_AREA_STYLE_COLOUR('',#13484);
#13782 = CURVE_STYLE('',#13783,POSITIVE_LENGTH_MEASURE(0.1),#13484);
#13783 = DRAUGHTING_PRE_DEFINED_CURVE_FONT('continuous');
#13784 = STYLED_ITEM('color',(#13785),#8684);
#13785 = PRESENTATION_STYLE_ASSIGNMENT((#13786,#13791));
#13786 = SURFACE_STYLE_USAGE(.BOTH.,#13787);
#13787 = SURFACE_SIDE_STYLE('',(#13788));
#13788 = SURFACE_STYLE_FILL_AREA(#13789);
#13789 = FILL_AREA_STYLE('',(#13790));
#13790 = FILL_AREA_STYLE_COLOUR('',#13484);
#13791 = CURVE_STYLE('',#13792,POSITIVE_LENGTH_MEASURE(0.1),#13484);
#13792 = DRAUGHTING_PRE_DEFINED_CURVE_FONT('continuous');
#13793 = STYLED_ITEM('color',(#13794),#8734);
#13794 = PRESENTATION_STYLE_ASSIGNMENT((#13795,#13800));
#13795 = SURFACE_STYLE_USAGE(.BOTH.,#13796);
#13796 = SURFACE_SIDE_STYLE('',(#13797));
#13797 = SURFACE_STYLE_FILL_AREA(#13798);
#13798 = FILL_AREA_STYLE('',(#13799));
#13799 = FILL_AREA_STYLE_COLOUR('',#13429);
#13800 = CURVE_STYLE('',#13801,POSITIVE_LENGTH_MEASURE(0.1),#13429);
#13801 = DRAUGHTING_PRE_DEFINED_CURVE_FONT('continuous');
#13802 = STYLED_ITEM('color',(#13803),#8746);
#13803 = PRESENTATION_STYLE_ASSIGNMENT((#13804,#13809));
#13804 = SURFACE_STYLE_USAGE(.BOTH.,#13805);
#13805 = SURFACE_SIDE_STYLE('',(#13806));
#13806 = SURFACE_STYLE_FILL_AREA(#13807);
#13807 = FILL_AREA_STYLE('',(#13808));
#13808 = FILL_AREA_STYLE_COLOUR('',#13429);
#13809 = CURVE_STYLE('',#13810,POSITIVE_LENGTH_MEASURE(0.1),#13429);
#13810 = DRAUGHTING_PRE_DEFINED_CURVE_FONT('continuous');
#13811 = STYLED_ITEM('color',(#13812),#8758);
#13812 = PRESENTATION_STYLE_ASSIGNMENT((#13813,#13818));
#13813 = SURFACE_STYLE_USAGE(.BOTH.,#13814);
#13814 = SURFACE_SIDE_STYLE('',(#13815));
#13815 = SURFACE_STYLE_FILL_AREA(#13816);
#13816 = FILL_AREA_STYLE('',(#13817));
#13817 = FILL_AREA_STYLE_COLOUR('',#13484);
#13818 = CURVE_STYLE('',#13819,POSITIVE_LENGTH_MEASURE(0.1),#13484);
#13819 = DRAUGHTING_PRE_DEFINED_CURVE_FONT('continuous');
#13820 = STYLED_ITEM('color',(#13821),#8816);
#13821 = PRESENTATION_STYLE_ASSIGNMENT((#13822,#13827));
#13822 = SURFACE_STYLE_USAGE(.BOTH.,#13823);
#13823 = SURFACE_SIDE_STYLE('',(#13824));
#13824 = SURFACE_STYLE_FILL_AREA(#13825);
#13825 = FILL_AREA_STYLE('',(#13826));
#13826 = FILL_AREA_STYLE_COLOUR('',#13484);
#13827 = CURVE_STYLE('',#13828,POSITIVE_LENGTH_MEASURE(0.1),#13484);
#13828 = DRAUGHTING_PRE_DEFINED_CURVE_FONT('continuous');
#13829 = STYLED_ITEM('color',(#13830),#8873);
#13830 = PRESENTATION_STYLE_ASSIGNMENT((#13831,#13836));
#13831 = SURFACE_STYLE_USAGE(.BOTH.,#13832);
#13832 = SURFACE_SIDE_STYLE('',(#13833));
#13833 = SURFACE_STYLE_FILL_AREA(#13834);
#13834 = FILL_AREA_STYLE('',(#13835));
#13835 = FILL_AREA_STYLE_COLOUR('',#12083);
#13836 = CURVE_STYLE('',#13837,POSITIVE_LENGTH_MEASURE(0.1),#12083);
#13837 = DRAUGHTING_PRE_DEFINED_CURVE_FONT('continuous');
#13838 = STYLED_ITEM('color',(#13839),#8904);
#13839 = PRESENTATION_STYLE_ASSIGNMENT((#13840,#13845));
#13840 = SURFACE_STYLE_USAGE(.BOTH.,#13841);
#13841 = SURFACE_SIDE_STYLE('',(#13842));
#13842 = SURFACE_STYLE_FILL_AREA(#13843);
#13843 = FILL_AREA_STYLE('',(#13844));
#13844 = FILL_AREA_STYLE_COLOUR('',#13484);
#13845 = CURVE_STYLE('',#13846,POSITIVE_LENGTH_MEASURE(0.1),#13484);
#13846 = DRAUGHTING_PRE_DEFINED_CURVE_FONT('continuous');
#13847 = STYLED_ITEM('color',(#13848),#8961);
#13848 = PRESENTATION_STYLE_ASSIGNMENT((#13849,#13854));
#13849 = SURFACE_STYLE_USAGE(.BOTH.,#13850);
#13850 = SURFACE_SIDE_STYLE('',(#13851));
#13851 = SURFACE_STYLE_FILL_AREA(#13852);
#13852 = FILL_AREA_STYLE('',(#13853));
#13853 = FILL_AREA_STYLE_COLOUR('',#13484);
#13854 = CURVE_STYLE('',#13855,POSITIVE_LENGTH_MEASURE(0.1),#13484);
#13855 = DRAUGHTING_PRE_DEFINED_CURVE_FONT('continuous');
#13856 = STYLED_ITEM('color',(#13857),#8985);
#13857 = PRESENTATION_STYLE_ASSIGNMENT((#13858,#13863));
#13858 = SURFACE_STYLE_USAGE(.BOTH.,#13859);
#13859 = SURFACE_SIDE_STYLE('',(#13860));
#13860 = SURFACE_STYLE_FILL_AREA(#13861);
#13861 = FILL_AREA_STYLE('',(#13862));
#13862 = FILL_AREA_STYLE_COLOUR('',#13484);
#13863 = CURVE_STYLE('',#13864,POSITIVE_LENGTH_MEASURE(0.1),#13484);
#13864 = DRAUGHTING_PRE_DEFINED_CURVE_FONT('continuous');
#13865 = STYLED_ITEM('color',(#13866),#9009);
#13866 = PRESENTATION_STYLE_ASSIGNMENT((#13867,#13872));
#13867 = SURFACE_STYLE_USAGE(.BOTH.,#13868);
#13868 = SURFACE_SIDE_STYLE('',(#13869));
#13869 = SURFACE_STYLE_FILL_AREA(#13870);
#13870 = FILL_AREA_STYLE('',(#13871));
#13871 = FILL_AREA_STYLE_COLOUR('',#13484);
#13872 = CURVE_STYLE('',#13873,POSITIVE_LENGTH_MEASURE(0.1),#13484);
#13873 = DRAUGHTING_PRE_DEFINED_CURVE_FONT('continuous');
#13874 = STYLED_ITEM('color',(#13875),#9033);
#13875 = PRESENTATION_STYLE_ASSIGNMENT((#13876,#13881));
#13876 = SURFACE_STYLE_USAGE(.BOTH.,#13877);
#13877 = SURFACE_SIDE_STYLE('',(#13878));
#13878 = SURFACE_STYLE_FILL_AREA(#13879);
#13879 = FILL_AREA_STYLE('',(#13880));
#13880 = FILL_AREA_STYLE_COLOUR('',#13484);
#13881 = CURVE_STYLE('',#13882,POSITIVE_LENGTH_MEASURE(0.1),#13484);
#13882 = DRAUGHTING_PRE_DEFINED_CURVE_FONT('continuous');
#13883 = STYLED_ITEM('color',(#13884),#9057);
#13884 = PRESENTATION_STYLE_ASSIGNMENT((#13885,#13890));
#13885 = SURFACE_STYLE_USAGE(.BOTH.,#13886);
#13886 = SURFACE_SIDE_STYLE('',(#13887));
#13887 = SURFACE_STYLE_FILL_AREA(#13888);
#13888 = FILL_AREA_STYLE('',(#13889));
#13889 = FILL_AREA_STYLE_COLOUR('',#13484);
#13890 = CURVE_STYLE('',#13891,POSITIVE_LENGTH_MEASURE(0.1),#13484);
#13891 = DRAUGHTING_PRE_DEFINED_CURVE_FONT('continuous');
#13892 = STYLED_ITEM('color',(#13893),#9081);
#13893 = PRESENTATION_STYLE_ASSIGNMENT((#13894,#13899));
#13894 = SURFACE_STYLE_USAGE(.BOTH.,#13895);
#13895 = SURFACE_SIDE_STYLE('',(#13896));
#13896 = SURFACE_STYLE_FILL_AREA(#13897);
#13897 = FILL_AREA_STYLE('',(#13898));
#13898 = FILL_AREA_STYLE_COLOUR('',#13484);
#13899 = CURVE_STYLE('',#13900,POSITIVE_LENGTH_MEASURE(0.1),#13484);
#13900 = DRAUGHTING_PRE_DEFINED_CURVE_FONT('continuous');
#13901 = STYLED_ITEM('color',(#13902),#9105);
#13902 = PRESENTATION_STYLE_ASSIGNMENT((#13903,#13908));
#13903 = SURFACE_STYLE_USAGE(.BOTH.,#13904);
#13904 = SURFACE_SIDE_STYLE('',(#13905));
#13905 = SURFACE_STYLE_FILL_AREA(#13906);
#13906 = FILL_AREA_STYLE('',(#13907));
#13907 = FILL_AREA_STYLE_COLOUR('',#13484);
#13908 = CURVE_STYLE('',#13909,POSITIVE_LENGTH_MEASURE(0.1),#13484);
#13909 = DRAUGHTING_PRE_DEFINED_CURVE_FONT('continuous');
#13910 = STYLED_ITEM('color',(#13911),#9129);
#13911 = PRESENTATION_STYLE_ASSIGNMENT((#13912,#13917));
#13912 = SURFACE_STYLE_USAGE(.BOTH.,#13913);
#13913 = SURFACE_SIDE_STYLE('',(#13914));
#13914 = SURFACE_STYLE_FILL_AREA(#13915);
#13915 = FILL_AREA_STYLE('',(#13916));
#13916 = FILL_AREA_STYLE_COLOUR('',#13484);
#13917 = CURVE_STYLE('',#13918,POSITIVE_LENGTH_MEASURE(0.1),#13484);
#13918 = DRAUGHTING_PRE_DEFINED_CURVE_FONT('continuous');
#13919 = STYLED_ITEM('color',(#13920),#9153);
#13920 = PRESENTATION_STYLE_ASSIGNMENT((#13921,#13926));
#13921 = SURFACE_STYLE_USAGE(.BOTH.,#13922);
#13922 = SURFACE_SIDE_STYLE('',(#13923));
#13923 = SURFACE_STYLE_FILL_AREA(#13924);
#13924 = FILL_AREA_STYLE('',(#13925));
#13925 = FILL_AREA_STYLE_COLOUR('',#13484);
#13926 = CURVE_STYLE('',#13927,POSITIVE_LENGTH_MEASURE(0.1),#13484);
#13927 = DRAUGHTING_PRE_DEFINED_CURVE_FONT('continuous');
#13928 = STYLED_ITEM('color',(#13929),#9177);
#13929 = PRESENTATION_STYLE_ASSIGNMENT((#13930,#13935));
#13930 = SURFACE_STYLE_USAGE(.BOTH.,#13931);
#13931 = SURFACE_SIDE_STYLE('',(#13932));
#13932 = SURFACE_STYLE_FILL_AREA(#13933);
#13933 = FILL_AREA_STYLE('',(#13934));
#13934 = FILL_AREA_STYLE_COLOUR('',#13484);
#13935 = CURVE_STYLE('',#13936,POSITIVE_LENGTH_MEASURE(0.1),#13484);
#13936 = DRAUGHTING_PRE_DEFINED_CURVE_FONT('continuous');
#13937 = STYLED_ITEM('color',(#13938),#9201);
#13938 = PRESENTATION_STYLE_ASSIGNMENT((#13939,#13944));
#13939 = SURFACE_STYLE_USAGE(.BOTH.,#13940);
#13940 = SURFACE_SIDE_STYLE('',(#13941));
#13941 = SURFACE_STYLE_FILL_AREA(#13942);
#13942 = FILL_AREA_STYLE('',(#13943));
#13943 = FILL_AREA_STYLE_COLOUR('',#13484);
#13944 = CURVE_STYLE('',#13945,POSITIVE_LENGTH_MEASURE(0.1),#13484);
#13945 = DRAUGHTING_PRE_DEFINED_CURVE_FONT('continuous');
#13946 = STYLED_ITEM('color',(#13947),#9225);
#13947 = PRESENTATION_STYLE_ASSIGNMENT((#13948,#13953));
#13948 = SURFACE_STYLE_USAGE(.BOTH.,#13949);
#13949 = SURFACE_SIDE_STYLE('',(#13950));
#13950 = SURFACE_STYLE_FILL_AREA(#13951);
#13951 = FILL_AREA_STYLE('',(#13952));
#13952 = FILL_AREA_STYLE_COLOUR('',#13484);
#13953 = CURVE_STYLE('',#13954,POSITIVE_LENGTH_MEASURE(0.1),#13484);
#13954 = DRAUGHTING_PRE_DEFINED_CURVE_FONT('continuous');
#13955 = STYLED_ITEM('color',(#13956),#9268);
#13956 = PRESENTATION_STYLE_ASSIGNMENT((#13957,#13962));
#13957 = SURFACE_STYLE_USAGE(.BOTH.,#13958);
#13958 = SURFACE_SIDE_STYLE('',(#13959));
#13959 = SURFACE_STYLE_FILL_AREA(#13960);
#13960 = FILL_AREA_STYLE('',(#13961));
#13961 = FILL_AREA_STYLE_COLOUR('',#13484);
#13962 = CURVE_STYLE('',#13963,POSITIVE_LENGTH_MEASURE(0.1),#13484);
#13963 = DRAUGHTING_PRE_DEFINED_CURVE_FONT('continuous');
#13964 = STYLED_ITEM('color',(#13965),#9318);
#13965 = PRESENTATION_STYLE_ASSIGNMENT((#13966,#13971));
#13966 = SURFACE_STYLE_USAGE(.BOTH.,#13967);
#13967 = SURFACE_SIDE_STYLE('',(#13968));
#13968 = SURFACE_STYLE_FILL_AREA(#13969);
#13969 = FILL_AREA_STYLE('',(#13970));
#13970 = FILL_AREA_STYLE_COLOUR('',#13429);
#13971 = CURVE_STYLE('',#13972,POSITIVE_LENGTH_MEASURE(0.1),#13429);
#13972 = DRAUGHTING_PRE_DEFINED_CURVE_FONT('continuous');
#13973 = STYLED_ITEM('color',(#13974),#9330);
#13974 = PRESENTATION_STYLE_ASSIGNMENT((#13975,#13980));
#13975 = SURFACE_STYLE_USAGE(.BOTH.,#13976);
#13976 = SURFACE_SIDE_STYLE('',(#13977));
#13977 = SURFACE_STYLE_FILL_AREA(#13978);
#13978 = FILL_AREA_STYLE('',(#13979));
#13979 = FILL_AREA_STYLE_COLOUR('',#13429);
#13980 = CURVE_STYLE('',#13981,POSITIVE_LENGTH_MEASURE(0.1),#13429);
#13981 = DRAUGHTING_PRE_DEFINED_CURVE_FONT('continuous');
#13982 = STYLED_ITEM('color',(#13983),#9342);
#13983 = PRESENTATION_STYLE_ASSIGNMENT((#13984,#13989));
#13984 = SURFACE_STYLE_USAGE(.BOTH.,#13985);
#13985 = SURFACE_SIDE_STYLE('',(#13986));
#13986 = SURFACE_STYLE_FILL_AREA(#13987);
#13987 = FILL_AREA_STYLE('',(#13988));
#13988 = FILL_AREA_STYLE_COLOUR('',#13484);
#13989 = CURVE_STYLE('',#13990,POSITIVE_LENGTH_MEASURE(0.1),#13484);
#13990 = DRAUGHTING_PRE_DEFINED_CURVE_FONT('continuous');
#13991 = STYLED_ITEM('color',(#13992),#9393);
#13992 = PRESENTATION_STYLE_ASSIGNMENT((#13993,#13998));
#13993 = SURFACE_STYLE_USAGE(.BOTH.,#13994);
#13994 = SURFACE_SIDE_STYLE('',(#13995));
#13995 = SURFACE_STYLE_FILL_AREA(#13996);
#13996 = FILL_AREA_STYLE('',(#13997));
#13997 = FILL_AREA_STYLE_COLOUR('',#13484);
#13998 = CURVE_STYLE('',#13999,POSITIVE_LENGTH_MEASURE(0.1),#13484);
#13999 = DRAUGHTING_PRE_DEFINED_CURVE_FONT('continuous');
#14000 = STYLED_ITEM('color',(#14001),#9450);
#14001 = PRESENTATION_STYLE_ASSIGNMENT((#14002,#14007));
#14002 = SURFACE_STYLE_USAGE(.BOTH.,#14003);
#14003 = SURFACE_SIDE_STYLE('',(#14004));
#14004 = SURFACE_STYLE_FILL_AREA(#14005);
#14005 = FILL_AREA_STYLE('',(#14006));
#14006 = FILL_AREA_STYLE_COLOUR('',#12083);
#14007 = CURVE_STYLE('',#14008,POSITIVE_LENGTH_MEASURE(0.1),#12083);
#14008 = DRAUGHTING_PRE_DEFINED_CURVE_FONT('continuous');
#14009 = STYLED_ITEM('color',(#14010),#9481);
#14010 = PRESENTATION_STYLE_ASSIGNMENT((#14011,#14016));
#14011 = SURFACE_STYLE_USAGE(.BOTH.,#14012);
#14012 = SURFACE_SIDE_STYLE('',(#14013));
#14013 = SURFACE_STYLE_FILL_AREA(#14014);
#14014 = FILL_AREA_STYLE('',(#14015));
#14015 = FILL_AREA_STYLE_COLOUR('',#13484);
#14016 = CURVE_STYLE('',#14017,POSITIVE_LENGTH_MEASURE(0.1),#13484);
#14017 = DRAUGHTING_PRE_DEFINED_CURVE_FONT('continuous');
#14018 = STYLED_ITEM('color',(#14019),#9531);
#14019 = PRESENTATION_STYLE_ASSIGNMENT((#14020,#14025));
#14020 = SURFACE_STYLE_USAGE(.BOTH.,#14021);
#14021 = SURFACE_SIDE_STYLE('',(#14022));
#14022 = SURFACE_STYLE_FILL_AREA(#14023);
#14023 = FILL_AREA_STYLE('',(#14024));
#14024 = FILL_AREA_STYLE_COLOUR('',#13484);
#14025 = CURVE_STYLE('',#14026,POSITIVE_LENGTH_MEASURE(0.1),#13484);
#14026 = DRAUGHTING_PRE_DEFINED_CURVE_FONT('continuous');
#14027 = STYLED_ITEM('color',(#14028),#9741);
#14028 = PRESENTATION_STYLE_ASSIGNMENT((#14029,#14034));
#14029 = SURFACE_STYLE_USAGE(.BOTH.,#14030);
#14030 = SURFACE_SIDE_STYLE('',(#14031));
#14031 = SURFACE_STYLE_FILL_AREA(#14032);
#14032 = FILL_AREA_STYLE('',(#14033));
#14033 = FILL_AREA_STYLE_COLOUR('',#13484);
#14034 = CURVE_STYLE('',#14035,POSITIVE_LENGTH_MEASURE(0.1),#13484);
#14035 = DRAUGHTING_PRE_DEFINED_CURVE_FONT('continuous');
#14036 = STYLED_ITEM('color',(#14037),#9758);
#14037 = PRESENTATION_STYLE_ASSIGNMENT((#14038,#14043));
#14038 = SURFACE_STYLE_USAGE(.BOTH.,#14039);
#14039 = SURFACE_SIDE_STYLE('',(#14040));
#14040 = SURFACE_STYLE_FILL_AREA(#14041);
#14041 = FILL_AREA_STYLE('',(#14042));
#14042 = FILL_AREA_STYLE_COLOUR('',#13484);
#14043 = CURVE_STYLE('',#14044,POSITIVE_LENGTH_MEASURE(0.1),#13484);
#14044 = DRAUGHTING_PRE_DEFINED_CURVE_FONT('continuous');
#14045 = STYLED_ITEM('color',(#14046),#9823);
#14046 = PRESENTATION_STYLE_ASSIGNMENT((#14047,#14052));
#14047 = SURFACE_STYLE_USAGE(.BOTH.,#14048);
#14048 = SURFACE_SIDE_STYLE('',(#14049));
#14049 = SURFACE_STYLE_FILL_AREA(#14050);
#14050 = FILL_AREA_STYLE('',(#14051));
#14051 = FILL_AREA_STYLE_COLOUR('',#13484);
#14052 = CURVE_STYLE('',#14053,POSITIVE_LENGTH_MEASURE(0.1),#13484);
#14053 = DRAUGHTING_PRE_DEFINED_CURVE_FONT('continuous');
#14054 = STYLED_ITEM('color',(#14055),#9840);
#14055 = PRESENTATION_STYLE_ASSIGNMENT((#14056,#14061));
#14056 = SURFACE_STYLE_USAGE(.BOTH.,#14057);
#14057 = SURFACE_SIDE_STYLE('',(#14058));
#14058 = SURFACE_STYLE_FILL_AREA(#14059);
#14059 = FILL_AREA_STYLE('',(#14060));
#14060 = FILL_AREA_STYLE_COLOUR('',#13484);
#14061 = CURVE_STYLE('',#14062,POSITIVE_LENGTH_MEASURE(0.1),#13484);
#14062 = DRAUGHTING_PRE_DEFINED_CURVE_FONT('continuous');
#14063 = STYLED_ITEM('color',(#14064),#9857);
#14064 = PRESENTATION_STYLE_ASSIGNMENT((#14065,#14070));
#14065 = SURFACE_STYLE_USAGE(.BOTH.,#14066);
#14066 = SURFACE_SIDE_STYLE('',(#14067));
#14067 = SURFACE_STYLE_FILL_AREA(#14068);
#14068 = FILL_AREA_STYLE('',(#14069));
#14069 = FILL_AREA_STYLE_COLOUR('',#13484);
#14070 = CURVE_STYLE('',#14071,POSITIVE_LENGTH_MEASURE(0.1),#13484);
#14071 = DRAUGHTING_PRE_DEFINED_CURVE_FONT('continuous');
#14072 = STYLED_ITEM('color',(#14073),#9922);
#14073 = PRESENTATION_STYLE_ASSIGNMENT((#14074,#14079));
#14074 = SURFACE_STYLE_USAGE(.BOTH.,#14075);
#14075 = SURFACE_SIDE_STYLE('',(#14076));
#14076 = SURFACE_STYLE_FILL_AREA(#14077);
#14077 = FILL_AREA_STYLE('',(#14078));
#14078 = FILL_AREA_STYLE_COLOUR('',#13484);
#14079 = CURVE_STYLE('',#14080,POSITIVE_LENGTH_MEASURE(0.1),#13484);
#14080 = DRAUGHTING_PRE_DEFINED_CURVE_FONT('continuous');
#14081 = STYLED_ITEM('color',(#14082),#9939);
#14082 = PRESENTATION_STYLE_ASSIGNMENT((#14083,#14088));
#14083 = SURFACE_STYLE_USAGE(.BOTH.,#14084);
#14084 = SURFACE_SIDE_STYLE('',(#14085));
#14085 = SURFACE_STYLE_FILL_AREA(#14086);
#14086 = FILL_AREA_STYLE('',(#14087));
#14087 = FILL_AREA_STYLE_COLOUR('',#13484);
#14088 = CURVE_STYLE('',#14089,POSITIVE_LENGTH_MEASURE(0.1),#13484);
#14089 = DRAUGHTING_PRE_DEFINED_CURVE_FONT('continuous');
#14090 = STYLED_ITEM('color',(#14091),#9956);
#14091 = PRESENTATION_STYLE_ASSIGNMENT((#14092,#14097));
#14092 = SURFACE_STYLE_USAGE(.BOTH.,#14093);
#14093 = SURFACE_SIDE_STYLE('',(#14094));
#14094 = SURFACE_STYLE_FILL_AREA(#14095);
#14095 = FILL_AREA_STYLE('',(#14096));
#14096 = FILL_AREA_STYLE_COLOUR('',#13484);
#14097 = CURVE_STYLE('',#14098,POSITIVE_LENGTH_MEASURE(0.1),#13484);
#14098 = DRAUGHTING_PRE_DEFINED_CURVE_FONT('continuous');
#14099 = STYLED_ITEM('color',(#14100),#9968);
#14100 = PRESENTATION_STYLE_ASSIGNMENT((#14101,#14106));
#14101 = SURFACE_STYLE_USAGE(.BOTH.,#14102);
#14102 = SURFACE_SIDE_STYLE('',(#14103));
#14103 = SURFACE_STYLE_FILL_AREA(#14104);
#14104 = FILL_AREA_STYLE('',(#14105));
#14105 = FILL_AREA_STYLE_COLOUR('',#12083);
#14106 = CURVE_STYLE('',#14107,POSITIVE_LENGTH_MEASURE(0.1),#12083);
#14107 = DRAUGHTING_PRE_DEFINED_CURVE_FONT('continuous');
#14108 = STYLED_ITEM('color',(#14109),#10001);
#14109 = PRESENTATION_STYLE_ASSIGNMENT((#14110,#14115));
#14110 = SURFACE_STYLE_USAGE(.BOTH.,#14111);
#14111 = SURFACE_SIDE_STYLE('',(#14112));
#14112 = SURFACE_STYLE_FILL_AREA(#14113);
#14113 = FILL_AREA_STYLE('',(#14114));
#14114 = FILL_AREA_STYLE_COLOUR('',#13484);
#14115 = CURVE_STYLE('',#14116,POSITIVE_LENGTH_MEASURE(0.1),#13484);
#14116 = DRAUGHTING_PRE_DEFINED_CURVE_FONT('continuous');
#14117 = STYLED_ITEM('color',(#14118),#10018);
#14118 = PRESENTATION_STYLE_ASSIGNMENT((#14119,#14124));
#14119 = SURFACE_STYLE_USAGE(.BOTH.,#14120);
#14120 = SURFACE_SIDE_STYLE('',(#14121));
#14121 = SURFACE_STYLE_FILL_AREA(#14122);
#14122 = FILL_AREA_STYLE('',(#14123));
#14123 = FILL_AREA_STYLE_COLOUR('',#12083);
#14124 = CURVE_STYLE('',#14125,POSITIVE_LENGTH_MEASURE(0.1),#12083);
#14125 = DRAUGHTING_PRE_DEFINED_CURVE_FONT('continuous');
#14126 = STYLED_ITEM('color',(#14127),#10030);
#14127 = PRESENTATION_STYLE_ASSIGNMENT((#14128,#14133));
#14128 = SURFACE_STYLE_USAGE(.BOTH.,#14129);
#14129 = SURFACE_SIDE_STYLE('',(#14130));
#14130 = SURFACE_STYLE_FILL_AREA(#14131);
#14131 = FILL_AREA_STYLE('',(#14132));
#14132 = FILL_AREA_STYLE_COLOUR('',#13484);
#14133 = CURVE_STYLE('',#14134,POSITIVE_LENGTH_MEASURE(0.1),#13484);
#14134 = DRAUGHTING_PRE_DEFINED_CURVE_FONT('continuous');
#14135 = STYLED_ITEM('color',(#14136),#10042);
#14136 = PRESENTATION_STYLE_ASSIGNMENT((#14137,#14142));
#14137 = SURFACE_STYLE_USAGE(.BOTH.,#14138);
#14138 = SURFACE_SIDE_STYLE('',(#14139));
#14139 = SURFACE_STYLE_FILL_AREA(#14140);
#14140 = FILL_AREA_STYLE('',(#14141));
#14141 = FILL_AREA_STYLE_COLOUR('',#13484);
#14142 = CURVE_STYLE('',#14143,POSITIVE_LENGTH_MEASURE(0.1),#13484);
#14143 = DRAUGHTING_PRE_DEFINED_CURVE_FONT('continuous');
#14144 = STYLED_ITEM('color',(#14145),#10059);
#14145 = PRESENTATION_STYLE_ASSIGNMENT((#14146,#14151));
#14146 = SURFACE_STYLE_USAGE(.BOTH.,#14147);
#14147 = SURFACE_SIDE_STYLE('',(#14148));
#14148 = SURFACE_STYLE_FILL_AREA(#14149);
#14149 = FILL_AREA_STYLE('',(#14150));
#14150 = FILL_AREA_STYLE_COLOUR('',#13484);
#14151 = CURVE_STYLE('',#14152,POSITIVE_LENGTH_MEASURE(0.1),#13484);
#14152 = DRAUGHTING_PRE_DEFINED_CURVE_FONT('continuous');
#14153 = STYLED_ITEM('color',(#14154),#10071);
#14154 = PRESENTATION_STYLE_ASSIGNMENT((#14155,#14160));
#14155 = SURFACE_STYLE_USAGE(.BOTH.,#14156);
#14156 = SURFACE_SIDE_STYLE('',(#14157));
#14157 = SURFACE_STYLE_FILL_AREA(#14158);
#14158 = FILL_AREA_STYLE('',(#14159));
#14159 = FILL_AREA_STYLE_COLOUR('',#13484);
#14160 = CURVE_STYLE('',#14161,POSITIVE_LENGTH_MEASURE(0.1),#13484);
#14161 = DRAUGHTING_PRE_DEFINED_CURVE_FONT('continuous');
#14162 = STYLED_ITEM('color',(#14163),#10088);
#14163 = PRESENTATION_STYLE_ASSIGNMENT((#14164,#14169));
#14164 = SURFACE_STYLE_USAGE(.BOTH.,#14165);
#14165 = SURFACE_SIDE_STYLE('',(#14166));
#14166 = SURFACE_STYLE_FILL_AREA(#14167);
#14167 = FILL_AREA_STYLE('',(#14168));
#14168 = FILL_AREA_STYLE_COLOUR('',#13484);
#14169 = CURVE_STYLE('',#14170,POSITIVE_LENGTH_MEASURE(0.1),#13484);
#14170 = DRAUGHTING_PRE_DEFINED_CURVE_FONT('continuous');
#14171 = STYLED_ITEM('color',(#14172),#10100);
#14172 = PRESENTATION_STYLE_ASSIGNMENT((#14173,#14178));
#14173 = SURFACE_STYLE_USAGE(.BOTH.,#14174);
#14174 = SURFACE_SIDE_STYLE('',(#14175));
#14175 = SURFACE_STYLE_FILL_AREA(#14176);
#14176 = FILL_AREA_STYLE('',(#14177));
#14177 = FILL_AREA_STYLE_COLOUR('',#12083);
#14178 = CURVE_STYLE('',#14179,POSITIVE_LENGTH_MEASURE(0.1),#12083);
#14179 = DRAUGHTING_PRE_DEFINED_CURVE_FONT('continuous');
#14180 = STYLED_ITEM('color',(#14181),#10133);
#14181 = PRESENTATION_STYLE_ASSIGNMENT((#14182,#14187));
#14182 = SURFACE_STYLE_USAGE(.BOTH.,#14183);
#14183 = SURFACE_SIDE_STYLE('',(#14184));
#14184 = SURFACE_STYLE_FILL_AREA(#14185);
#14185 = FILL_AREA_STYLE('',(#14186));
#14186 = FILL_AREA_STYLE_COLOUR('',#13484);
#14187 = CURVE_STYLE('',#14188,POSITIVE_LENGTH_MEASURE(0.1),#13484);
#14188 = DRAUGHTING_PRE_DEFINED_CURVE_FONT('continuous');
#14189 = STYLED_ITEM('color',(#14190),#10150);
#14190 = PRESENTATION_STYLE_ASSIGNMENT((#14191,#14196));
#14191 = SURFACE_STYLE_USAGE(.BOTH.,#14192);
#14192 = SURFACE_SIDE_STYLE('',(#14193));
#14193 = SURFACE_STYLE_FILL_AREA(#14194);
#14194 = FILL_AREA_STYLE('',(#14195));
#14195 = FILL_AREA_STYLE_COLOUR('',#12083);
#14196 = CURVE_STYLE('',#14197,POSITIVE_LENGTH_MEASURE(0.1),#12083);
#14197 = DRAUGHTING_PRE_DEFINED_CURVE_FONT('continuous');
#14198 = STYLED_ITEM('color',(#14199),#10162);
#14199 = PRESENTATION_STYLE_ASSIGNMENT((#14200,#14205));
#14200 = SURFACE_STYLE_USAGE(.BOTH.,#14201);
#14201 = SURFACE_SIDE_STYLE('',(#14202));
#14202 = SURFACE_STYLE_FILL_AREA(#14203);
#14203 = FILL_AREA_STYLE('',(#14204));
#14204 = FILL_AREA_STYLE_COLOUR('',#13484);
#14205 = CURVE_STYLE('',#14206,POSITIVE_LENGTH_MEASURE(0.1),#13484);
#14206 = DRAUGHTING_PRE_DEFINED_CURVE_FONT('continuous');
#14207 = STYLED_ITEM('color',(#14208),#10179);
#14208 = PRESENTATION_STYLE_ASSIGNMENT((#14209,#14214));
#14209 = SURFACE_STYLE_USAGE(.BOTH.,#14210);
#14210 = SURFACE_SIDE_STYLE('',(#14211));
#14211 = SURFACE_STYLE_FILL_AREA(#14212);
#14212 = FILL_AREA_STYLE('',(#14213));
#14213 = FILL_AREA_STYLE_COLOUR('',#13484);
#14214 = CURVE_STYLE('',#14215,POSITIVE_LENGTH_MEASURE(0.1),#13484);
#14215 = DRAUGHTING_PRE_DEFINED_CURVE_FONT('continuous');
#14216 = STYLED_ITEM('color',(#14217),#10191);
#14217 = PRESENTATION_STYLE_ASSIGNMENT((#14218,#14223));
#14218 = SURFACE_STYLE_USAGE(.BOTH.,#14219);
#14219 = SURFACE_SIDE_STYLE('',(#14220));
#14220 = SURFACE_STYLE_FILL_AREA(#14221);
#14221 = FILL_AREA_STYLE('',(#14222));
#14222 = FILL_AREA_STYLE_COLOUR('',#13484);
#14223 = CURVE_STYLE('',#14224,POSITIVE_LENGTH_MEASURE(0.1),#13484);
#14224 = DRAUGHTING_PRE_DEFINED_CURVE_FONT('continuous');
#14225 = STYLED_ITEM('color',(#14226),#10203);
#14226 = PRESENTATION_STYLE_ASSIGNMENT((#14227,#14232));
#14227 = SURFACE_STYLE_USAGE(.BOTH.,#14228);
#14228 = SURFACE_SIDE_STYLE('',(#14229));
#14229 = SURFACE_STYLE_FILL_AREA(#14230);
#14230 = FILL_AREA_STYLE('',(#14231));
#14231 = FILL_AREA_STYLE_COLOUR('',#13484);
#14232 = CURVE_STYLE('',#14233,POSITIVE_LENGTH_MEASURE(0.1),#13484);
#14233 = DRAUGHTING_PRE_DEFINED_CURVE_FONT('continuous');
#14234 = STYLED_ITEM('color',(#14235),#10234);
#14235 = PRESENTATION_STYLE_ASSIGNMENT((#14236,#14241));
#14236 = SURFACE_STYLE_USAGE(.BOTH.,#14237);
#14237 = SURFACE_SIDE_STYLE('',(#14238));
#14238 = SURFACE_STYLE_FILL_AREA(#14239);
#14239 = FILL_AREA_STYLE('',(#14240));
#14240 = FILL_AREA_STYLE_COLOUR('',#13484);
#14241 = CURVE_STYLE('',#14242,POSITIVE_LENGTH_MEASURE(0.1),#13484);
#14242 = DRAUGHTING_PRE_DEFINED_CURVE_FONT('continuous');
#14243 = STYLED_ITEM('color',(#14244),#10259);
#14244 = PRESENTATION_STYLE_ASSIGNMENT((#14245,#14250));
#14245 = SURFACE_STYLE_USAGE(.BOTH.,#14246);
#14246 = SURFACE_SIDE_STYLE('',(#14247));
#14247 = SURFACE_STYLE_FILL_AREA(#14248);
#14248 = FILL_AREA_STYLE('',(#14249));
#14249 = FILL_AREA_STYLE_COLOUR('',#13484);
#14250 = CURVE_STYLE('',#14251,POSITIVE_LENGTH_MEASURE(0.1),#13484);
#14251 = DRAUGHTING_PRE_DEFINED_CURVE_FONT('continuous');
#14252 = STYLED_ITEM('color',(#14253),#10283);
#14253 = PRESENTATION_STYLE_ASSIGNMENT((#14254,#14259));
#14254 = SURFACE_STYLE_USAGE(.BOTH.,#14255);
#14255 = SURFACE_SIDE_STYLE('',(#14256));
#14256 = SURFACE_STYLE_FILL_AREA(#14257);
#14257 = FILL_AREA_STYLE('',(#14258));
#14258 = FILL_AREA_STYLE_COLOUR('',#13484);
#14259 = CURVE_STYLE('',#14260,POSITIVE_LENGTH_MEASURE(0.1),#13484);
#14260 = DRAUGHTING_PRE_DEFINED_CURVE_FONT('continuous');
#14261 = STYLED_ITEM('color',(#14262),#10308);
#14262 = PRESENTATION_STYLE_ASSIGNMENT((#14263,#14268));
#14263 = SURFACE_STYLE_USAGE(.BOTH.,#14264);
#14264 = SURFACE_SIDE_STYLE('',(#14265));
#14265 = SURFACE_STYLE_FILL_AREA(#14266);
#14266 = FILL_AREA_STYLE('',(#14267));
#14267 = FILL_AREA_STYLE_COLOUR('',#13484);
#14268 = CURVE_STYLE('',#14269,POSITIVE_LENGTH_MEASURE(0.1),#13484);
#14269 = DRAUGHTING_PRE_DEFINED_CURVE_FONT('continuous');
#14270 = STYLED_ITEM('color',(#14271),#10332);
#14271 = PRESENTATION_STYLE_ASSIGNMENT((#14272,#14277));
#14272 = SURFACE_STYLE_USAGE(.BOTH.,#14273);
#14273 = SURFACE_SIDE_STYLE('',(#14274));
#14274 = SURFACE_STYLE_FILL_AREA(#14275);
#14275 = FILL_AREA_STYLE('',(#14276));
#14276 = FILL_AREA_STYLE_COLOUR('',#13484);
#14277 = CURVE_STYLE('',#14278,POSITIVE_LENGTH_MEASURE(0.1),#13484);
#14278 = DRAUGHTING_PRE_DEFINED_CURVE_FONT('continuous');
#14279 = STYLED_ITEM('color',(#14280),#10357);
#14280 = PRESENTATION_STYLE_ASSIGNMENT((#14281,#14286));
#14281 = SURFACE_STYLE_USAGE(.BOTH.,#14282);
#14282 = SURFACE_SIDE_STYLE('',(#14283));
#14283 = SURFACE_STYLE_FILL_AREA(#14284);
#14284 = FILL_AREA_STYLE('',(#14285));
#14285 = FILL_AREA_STYLE_COLOUR('',#13484);
#14286 = CURVE_STYLE('',#14287,POSITIVE_LENGTH_MEASURE(0.1),#13484);
#14287 = DRAUGHTING_PRE_DEFINED_CURVE_FONT('continuous');
#14288 = STYLED_ITEM('color',(#14289),#10381);
#14289 = PRESENTATION_STYLE_ASSIGNMENT((#14290,#14295));
#14290 = SURFACE_STYLE_USAGE(.BOTH.,#14291);
#14291 = SURFACE_SIDE_STYLE('',(#14292));
#14292 = SURFACE_STYLE_FILL_AREA(#14293);
#14293 = FILL_AREA_STYLE('',(#14294));
#14294 = FILL_AREA_STYLE_COLOUR('',#13484);
#14295 = CURVE_STYLE('',#14296,POSITIVE_LENGTH_MEASURE(0.1),#13484);
#14296 = DRAUGHTING_PRE_DEFINED_CURVE_FONT('continuous');
#14297 = STYLED_ITEM('color',(#14298),#10406);
#14298 = PRESENTATION_STYLE_ASSIGNMENT((#14299,#14304));
#14299 = SURFACE_STYLE_USAGE(.BOTH.,#14300);
#14300 = SURFACE_SIDE_STYLE('',(#14301));
#14301 = SURFACE_STYLE_FILL_AREA(#14302);
#14302 = FILL_AREA_STYLE('',(#14303));
#14303 = FILL_AREA_STYLE_COLOUR('',#13484);
#14304 = CURVE_STYLE('',#14305,POSITIVE_LENGTH_MEASURE(0.1),#13484);
#14305 = DRAUGHTING_PRE_DEFINED_CURVE_FONT('continuous');
#14306 = STYLED_ITEM('color',(#14307),#10430);
#14307 = PRESENTATION_STYLE_ASSIGNMENT((#14308,#14313));
#14308 = SURFACE_STYLE_USAGE(.BOTH.,#14309);
#14309 = SURFACE_SIDE_STYLE('',(#14310));
#14310 = SURFACE_STYLE_FILL_AREA(#14311);
#14311 = FILL_AREA_STYLE('',(#14312));
#14312 = FILL_AREA_STYLE_COLOUR('',#13484);
#14313 = CURVE_STYLE('',#14314,POSITIVE_LENGTH_MEASURE(0.1),#13484);
#14314 = DRAUGHTING_PRE_DEFINED_CURVE_FONT('continuous');
#14315 = STYLED_ITEM('color',(#14316),#10455);
#14316 = PRESENTATION_STYLE_ASSIGNMENT((#14317,#14322));
#14317 = SURFACE_STYLE_USAGE(.BOTH.,#14318);
#14318 = SURFACE_SIDE_STYLE('',(#14319));
#14319 = SURFACE_STYLE_FILL_AREA(#14320);
#14320 = FILL_AREA_STYLE('',(#14321));
#14321 = FILL_AREA_STYLE_COLOUR('',#13484);
#14322 = CURVE_STYLE('',#14323,POSITIVE_LENGTH_MEASURE(0.1),#13484);
#14323 = DRAUGHTING_PRE_DEFINED_CURVE_FONT('continuous');
#14324 = STYLED_ITEM('color',(#14325),#10479);
#14325 = PRESENTATION_STYLE_ASSIGNMENT((#14326,#14331));
#14326 = SURFACE_STYLE_USAGE(.BOTH.,#14327);
#14327 = SURFACE_SIDE_STYLE('',(#14328));
#14328 = SURFACE_STYLE_FILL_AREA(#14329);
#14329 = FILL_AREA_STYLE('',(#14330));
#14330 = FILL_AREA_STYLE_COLOUR('',#13484);
#14331 = CURVE_STYLE('',#14332,POSITIVE_LENGTH_MEASURE(0.1),#13484);
#14332 = DRAUGHTING_PRE_DEFINED_CURVE_FONT('continuous');
#14333 = STYLED_ITEM('color',(#14334),#10497);
#14334 = PRESENTATION_STYLE_ASSIGNMENT((#14335,#14340));
#14335 = SURFACE_STYLE_USAGE(.BOTH.,#14336);
#14336 = SURFACE_SIDE_STYLE('',(#14337));
#14337 = SURFACE_STYLE_FILL_AREA(#14338);
#14338 = FILL_AREA_STYLE('',(#14339));
#14339 = FILL_AREA_STYLE_COLOUR('',#12083);
#14340 = CURVE_STYLE('',#14341,POSITIVE_LENGTH_MEASURE(0.1),#12083);
#14341 = DRAUGHTING_PRE_DEFINED_CURVE_FONT('continuous');
#14342 = STYLED_ITEM('color',(#14343),#10621);
#14343 = PRESENTATION_STYLE_ASSIGNMENT((#14344,#14349));
#14344 = SURFACE_STYLE_USAGE(.BOTH.,#14345);
#14345 = SURFACE_SIDE_STYLE('',(#14346));
#14346 = SURFACE_STYLE_FILL_AREA(#14347);
#14347 = FILL_AREA_STYLE('',(#14348));
#14348 = FILL_AREA_STYLE_COLOUR('',#12083);
#14349 = CURVE_STYLE('',#14350,POSITIVE_LENGTH_MEASURE(0.1),#12083);
#14350 = DRAUGHTING_PRE_DEFINED_CURVE_FONT('continuous');
#14351 = STYLED_ITEM('color',(#14352),#10653);
#14352 = PRESENTATION_STYLE_ASSIGNMENT((#14353,#14358));
#14353 = SURFACE_STYLE_USAGE(.BOTH.,#14354);
#14354 = SURFACE_SIDE_STYLE('',(#14355));
#14355 = SURFACE_STYLE_FILL_AREA(#14356);
#14356 = FILL_AREA_STYLE('',(#14357));
#14357 = FILL_AREA_STYLE_COLOUR('',#12083);
#14358 = CURVE_STYLE('',#14359,POSITIVE_LENGTH_MEASURE(0.1),#12083);
#14359 = DRAUGHTING_PRE_DEFINED_CURVE_FONT('continuous');
#14360 = STYLED_ITEM('color',(#14361),#10677);
#14361 = PRESENTATION_STYLE_ASSIGNMENT((#14362,#14367));
#14362 = SURFACE_STYLE_USAGE(.BOTH.,#14363);
#14363 = SURFACE_SIDE_STYLE('',(#14364));
#14364 = SURFACE_STYLE_FILL_AREA(#14365);
#14365 = FILL_AREA_STYLE('',(#14366));
#14366 = FILL_AREA_STYLE_COLOUR('',#12083);
#14367 = CURVE_STYLE('',#14368,POSITIVE_LENGTH_MEASURE(0.1),#12083);
#14368 = DRAUGHTING_PRE_DEFINED_CURVE_FONT('continuous');
#14369 = STYLED_ITEM('color',(#14370),#10702);
#14370 = PRESENTATION_STYLE_ASSIGNMENT((#14371,#14376));
#14371 = SURFACE_STYLE_USAGE(.BOTH.,#14372);
#14372 = SURFACE_SIDE_STYLE('',(#14373));
#14373 = SURFACE_STYLE_FILL_AREA(#14374);
#14374 = FILL_AREA_STYLE('',(#14375));
#14375 = FILL_AREA_STYLE_COLOUR('',#12083);
#14376 = CURVE_STYLE('',#14377,POSITIVE_LENGTH_MEASURE(0.1),#12083);
#14377 = DRAUGHTING_PRE_DEFINED_CURVE_FONT('continuous');
#14378 = STYLED_ITEM('color',(#14379),#10726);
#14379 = PRESENTATION_STYLE_ASSIGNMENT((#14380,#14385));
#14380 = SURFACE_STYLE_USAGE(.BOTH.,#14381);
#14381 = SURFACE_SIDE_STYLE('',(#14382));
#14382 = SURFACE_STYLE_FILL_AREA(#14383);
#14383 = FILL_AREA_STYLE('',(#14384));
#14384 = FILL_AREA_STYLE_COLOUR('',#12083);
#14385 = CURVE_STYLE('',#14386,POSITIVE_LENGTH_MEASURE(0.1),#12083);
#14386 = DRAUGHTING_PRE_DEFINED_CURVE_FONT('continuous');
#14387 = STYLED_ITEM('color',(#14388),#10751);
#14388 = PRESENTATION_STYLE_ASSIGNMENT((#14389,#14394));
#14389 = SURFACE_STYLE_USAGE(.BOTH.,#14390);
#14390 = SURFACE_SIDE_STYLE('',(#14391));
#14391 = SURFACE_STYLE_FILL_AREA(#14392);
#14392 = FILL_AREA_STYLE('',(#14393));
#14393 = FILL_AREA_STYLE_COLOUR('',#12083);
#14394 = CURVE_STYLE('',#14395,POSITIVE_LENGTH_MEASURE(0.1),#12083);
#14395 = DRAUGHTING_PRE_DEFINED_CURVE_FONT('continuous');
#14396 = STYLED_ITEM('color',(#14397),#10775);
#14397 = PRESENTATION_STYLE_ASSIGNMENT((#14398,#14403));
#14398 = SURFACE_STYLE_USAGE(.BOTH.,#14399);
#14399 = SURFACE_SIDE_STYLE('',(#14400));
#14400 = SURFACE_STYLE_FILL_AREA(#14401);
#14401 = FILL_AREA_STYLE('',(#14402));
#14402 = FILL_AREA_STYLE_COLOUR('',#12083);
#14403 = CURVE_STYLE('',#14404,POSITIVE_LENGTH_MEASURE(0.1),#12083);
#14404 = DRAUGHTING_PRE_DEFINED_CURVE_FONT('continuous');
#14405 = STYLED_ITEM('color',(#14406),#10800);
#14406 = PRESENTATION_STYLE_ASSIGNMENT((#14407,#14412));
#14407 = SURFACE_STYLE_USAGE(.BOTH.,#14408);
#14408 = SURFACE_SIDE_STYLE('',(#14409));
#14409 = SURFACE_STYLE_FILL_AREA(#14410);
#14410 = FILL_AREA_STYLE('',(#14411));
#14411 = FILL_AREA_STYLE_COLOUR('',#12083);
#14412 = CURVE_STYLE('',#14413,POSITIVE_LENGTH_MEASURE(0.1),#12083);
#14413 = DRAUGHTING_PRE_DEFINED_CURVE_FONT('continuous');
#14414 = STYLED_ITEM('color',(#14415),#10824);
#14415 = PRESENTATION_STYLE_ASSIGNMENT((#14416,#14421));
#14416 = SURFACE_STYLE_USAGE(.BOTH.,#14417);
#14417 = SURFACE_SIDE_STYLE('',(#14418));
#14418 = SURFACE_STYLE_FILL_AREA(#14419);
#14419 = FILL_AREA_STYLE('',(#14420));
#14420 = FILL_AREA_STYLE_COLOUR('',#12083);
#14421 = CURVE_STYLE('',#14422,POSITIVE_LENGTH_MEASURE(0.1),#12083);
#14422 = DRAUGHTING_PRE_DEFINED_CURVE_FONT('continuous');
#14423 = STYLED_ITEM('color',(#14424),#10849);
#14424 = PRESENTATION_STYLE_ASSIGNMENT((#14425,#14430));
#14425 = SURFACE_STYLE_USAGE(.BOTH.,#14426);
#14426 = SURFACE_SIDE_STYLE('',(#14427));
#14427 = SURFACE_STYLE_FILL_AREA(#14428);
#14428 = FILL_AREA_STYLE('',(#14429));
#14429 = FILL_AREA_STYLE_COLOUR('',#12083);
#14430 = CURVE_STYLE('',#14431,POSITIVE_LENGTH_MEASURE(0.1),#12083);
#14431 = DRAUGHTING_PRE_DEFINED_CURVE_FONT('continuous');
#14432 = STYLED_ITEM('color',(#14433),#10873);
#14433 = PRESENTATION_STYLE_ASSIGNMENT((#14434,#14439));
#14434 = SURFACE_STYLE_USAGE(.BOTH.,#14435);
#14435 = SURFACE_SIDE_STYLE('',(#14436));
#14436 = SURFACE_STYLE_FILL_AREA(#14437);
#14437 = FILL_AREA_STYLE('',(#14438));
#14438 = FILL_AREA_STYLE_COLOUR('',#12083);
#14439 = CURVE_STYLE('',#14440,POSITIVE_LENGTH_MEASURE(0.1),#12083);
#14440 = DRAUGHTING_PRE_DEFINED_CURVE_FONT('continuous');
#14441 = STYLED_ITEM('color',(#14442),#10898);
#14442 = PRESENTATION_STYLE_ASSIGNMENT((#14443,#14448));
#14443 = SURFACE_STYLE_USAGE(.BOTH.,#14444);
#14444 = SURFACE_SIDE_STYLE('',(#14445));
#14445 = SURFACE_STYLE_FILL_AREA(#14446);
#14446 = FILL_AREA_STYLE('',(#14447));
#14447 = FILL_AREA_STYLE_COLOUR('',#12083);
#14448 = CURVE_STYLE('',#14449,POSITIVE_LENGTH_MEASURE(0.1),#12083);
#14449 = DRAUGHTING_PRE_DEFINED_CURVE_FONT('continuous');
#14450 = STYLED_ITEM('color',(#14451),#10915);
#14451 = PRESENTATION_STYLE_ASSIGNMENT((#14452,#14457));
#14452 = SURFACE_STYLE_USAGE(.BOTH.,#14453);
#14453 = SURFACE_SIDE_STYLE('',(#14454));
#14454 = SURFACE_STYLE_FILL_AREA(#14455);
#14455 = FILL_AREA_STYLE('',(#14456));
#14456 = FILL_AREA_STYLE_COLOUR('',#12083);
#14457 = CURVE_STYLE('',#14458,POSITIVE_LENGTH_MEASURE(0.1),#12083);
#14458 = DRAUGHTING_PRE_DEFINED_CURVE_FONT('continuous');
#14459 = STYLED_ITEM('color',(#14460),#10949);
#14460 = PRESENTATION_STYLE_ASSIGNMENT((#14461,#14466));
#14461 = SURFACE_STYLE_USAGE(.BOTH.,#14462);
#14462 = SURFACE_SIDE_STYLE('',(#14463));
#14463 = SURFACE_STYLE_FILL_AREA(#14464);
#14464 = FILL_AREA_STYLE('',(#14465));
#14465 = FILL_AREA_STYLE_COLOUR('',#12083);
#14466 = CURVE_STYLE('',#14467,POSITIVE_LENGTH_MEASURE(0.1),#12083);
#14467 = DRAUGHTING_PRE_DEFINED_CURVE_FONT('continuous');
#14468 = STYLED_ITEM('color',(#14469),#10974);
#14469 = PRESENTATION_STYLE_ASSIGNMENT((#14470,#14475));
#14470 = SURFACE_STYLE_USAGE(.BOTH.,#14471);
#14471 = SURFACE_SIDE_STYLE('',(#14472));
#14472 = SURFACE_STYLE_FILL_AREA(#14473);
#14473 = FILL_AREA_STYLE('',(#14474));
#14474 = FILL_AREA_STYLE_COLOUR('',#12083);
#14475 = CURVE_STYLE('',#14476,POSITIVE_LENGTH_MEASURE(0.1),#12083);
#14476 = DRAUGHTING_PRE_DEFINED_CURVE_FONT('continuous');
#14477 = STYLED_ITEM('color',(#14478),#11000);
#14478 = PRESENTATION_STYLE_ASSIGNMENT((#14479,#14484));
#14479 = SURFACE_STYLE_USAGE(.BOTH.,#14480);
#14480 = SURFACE_SIDE_STYLE('',(#14481));
#14481 = SURFACE_STYLE_FILL_AREA(#14482);
#14482 = FILL_AREA_STYLE('',(#14483));
#14483 = FILL_AREA_STYLE_COLOUR('',#12083);
#14484 = CURVE_STYLE('',#14485,POSITIVE_LENGTH_MEASURE(0.1),#12083);
#14485 = DRAUGHTING_PRE_DEFINED_CURVE_FONT('continuous');
#14486 = STYLED_ITEM('color',(#14487),#11025);
#14487 = PRESENTATION_STYLE_ASSIGNMENT((#14488,#14493));
#14488 = SURFACE_STYLE_USAGE(.BOTH.,#14489);
#14489 = SURFACE_SIDE_STYLE('',(#14490));
#14490 = SURFACE_STYLE_FILL_AREA(#14491);
#14491 = FILL_AREA_STYLE('',(#14492));
#14492 = FILL_AREA_STYLE_COLOUR('',#12083);
#14493 = CURVE_STYLE('',#14494,POSITIVE_LENGTH_MEASURE(0.1),#12083);
#14494 = DRAUGHTING_PRE_DEFINED_CURVE_FONT('continuous');
#14495 = STYLED_ITEM('color',(#14496),#11051);
#14496 = PRESENTATION_STYLE_ASSIGNMENT((#14497,#14502));
#14497 = SURFACE_STYLE_USAGE(.BOTH.,#14498);
#14498 = SURFACE_SIDE_STYLE('',(#14499));
#14499 = SURFACE_STYLE_FILL_AREA(#14500);
#14500 = FILL_AREA_STYLE('',(#14501));
#14501 = FILL_AREA_STYLE_COLOUR('',#12083);
#14502 = CURVE_STYLE('',#14503,POSITIVE_LENGTH_MEASURE(0.1),#12083);
#14503 = DRAUGHTING_PRE_DEFINED_CURVE_FONT('continuous');
#14504 = STYLED_ITEM('color',(#14505),#11076);
#14505 = PRESENTATION_STYLE_ASSIGNMENT((#14506,#14511));
#14506 = SURFACE_STYLE_USAGE(.BOTH.,#14507);
#14507 = SURFACE_SIDE_STYLE('',(#14508));
#14508 = SURFACE_STYLE_FILL_AREA(#14509);
#14509 = FILL_AREA_STYLE('',(#14510));
#14510 = FILL_AREA_STYLE_COLOUR('',#12083);
#14511 = CURVE_STYLE('',#14512,POSITIVE_LENGTH_MEASURE(0.1),#12083);
#14512 = DRAUGHTING_PRE_DEFINED_CURVE_FONT('continuous');
#14513 = STYLED_ITEM('color',(#14514),#11102);
#14514 = PRESENTATION_STYLE_ASSIGNMENT((#14515,#14520));
#14515 = SURFACE_STYLE_USAGE(.BOTH.,#14516);
#14516 = SURFACE_SIDE_STYLE('',(#14517));
#14517 = SURFACE_STYLE_FILL_AREA(#14518);
#14518 = FILL_AREA_STYLE('',(#14519));
#14519 = FILL_AREA_STYLE_COLOUR('',#12083);
#14520 = CURVE_STYLE('',#14521,POSITIVE_LENGTH_MEASURE(0.1),#12083);
#14521 = DRAUGHTING_PRE_DEFINED_CURVE_FONT('continuous');
#14522 = STYLED_ITEM('color',(#14523),#11127);
#14523 = PRESENTATION_STYLE_ASSIGNMENT((#14524,#14529));
#14524 = SURFACE_STYLE_USAGE(.BOTH.,#14525);
#14525 = SURFACE_SIDE_STYLE('',(#14526));
#14526 = SURFACE_STYLE_FILL_AREA(#14527);
#14527 = FILL_AREA_STYLE('',(#14528));
#14528 = FILL_AREA_STYLE_COLOUR('',#12083);
#14529 = CURVE_STYLE('',#14530,POSITIVE_LENGTH_MEASURE(0.1),#12083);
#14530 = DRAUGHTING_PRE_DEFINED_CURVE_FONT('continuous');
#14531 = STYLED_ITEM('color',(#14532),#11153);
#14532 = PRESENTATION_STYLE_ASSIGNMENT((#14533,#14538));
#14533 = SURFACE_STYLE_USAGE(.BOTH.,#14534);
#14534 = SURFACE_SIDE_STYLE('',(#14535));
#14535 = SURFACE_STYLE_FILL_AREA(#14536);
#14536 = FILL_AREA_STYLE('',(#14537));
#14537 = FILL_AREA_STYLE_COLOUR('',#12083);
#14538 = CURVE_STYLE('',#14539,POSITIVE_LENGTH_MEASURE(0.1),#12083);
#14539 = DRAUGHTING_PRE_DEFINED_CURVE_FONT('continuous');
#14540 = STYLED_ITEM('color',(#14541),#11178);
#14541 = PRESENTATION_STYLE_ASSIGNMENT((#14542,#14547));
#14542 = SURFACE_STYLE_USAGE(.BOTH.,#14543);
#14543 = SURFACE_SIDE_STYLE('',(#14544));
#14544 = SURFACE_STYLE_FILL_AREA(#14545);
#14545 = FILL_AREA_STYLE('',(#14546));
#14546 = FILL_AREA_STYLE_COLOUR('',#12083);
#14547 = CURVE_STYLE('',#14548,POSITIVE_LENGTH_MEASURE(0.1),#12083);
#14548 = DRAUGHTING_PRE_DEFINED_CURVE_FONT('continuous');
#14549 = STYLED_ITEM('color',(#14550),#11204);
#14550 = PRESENTATION_STYLE_ASSIGNMENT((#14551,#14556));
#14551 = SURFACE_STYLE_USAGE(.BOTH.,#14552);
#14552 = SURFACE_SIDE_STYLE('',(#14553));
#14553 = SURFACE_STYLE_FILL_AREA(#14554);
#14554 = FILL_AREA_STYLE('',(#14555));
#14555 = FILL_AREA_STYLE_COLOUR('',#12083);
#14556 = CURVE_STYLE('',#14557,POSITIVE_LENGTH_MEASURE(0.1),#12083);
#14557 = DRAUGHTING_PRE_DEFINED_CURVE_FONT('continuous');
#14558 = STYLED_ITEM('color',(#14559),#11221);
#14559 = PRESENTATION_STYLE_ASSIGNMENT((#14560,#14565));
#14560 = SURFACE_STYLE_USAGE(.BOTH.,#14561);
#14561 = SURFACE_SIDE_STYLE('',(#14562));
#14562 = SURFACE_STYLE_FILL_AREA(#14563);
#14563 = FILL_AREA_STYLE('',(#14564));
#14564 = FILL_AREA_STYLE_COLOUR('',#12083);
#14565 = CURVE_STYLE('',#14566,POSITIVE_LENGTH_MEASURE(0.1),#12083);
#14566 = DRAUGHTING_PRE_DEFINED_CURVE_FONT('continuous');
ENDSEC;
END-ISO-10303-21;
